keyword,scope,avg_monthly_searches,competition,competition_index,low_bid_usd,high_bid_usd,cluster
amethyst jewellery,expansion,165000,MEDIUM,62,0.63,3.5,gemstone
garnet jewellery,expansion,165000,MEDIUM,54,0.72,3.57,gemstone
emerald jewellery,expansion,135000,HIGH,68,0.92,4.84,gemstone
opal jewellery,expansion,135000,HIGH,95,0.6,2.84,gemstone
aquamarine jewellery,expansion,135000,MEDIUM,49,0.74,3.55,gemstone
peridot jewellery,expansion,135000,MEDIUM,34,0.61,3.24,gemstone
ruby jewellery,expansion,110000,HIGH,77,0.77,4.25,gemstone
sapphire jewellery,expansion,110000,MEDIUM,59,0.75,3.58,gemstone
citrine jewellery,expansion,110000,HIGH,79,0.52,2.99,gemstone
citrine jewelry,expansion,110000,HIGH,79,0.52,2.99,warm_stones
lapis lazuli jewellery,expansion,74000,HIGH,100,0.46,2.03,gemstone
topaz jewellery,expansion,60500,MEDIUM,46,0.64,3.51,gemstone
tanzanite jewellery,expansion,49500,HIGH,100,0.55,3.83,gemstone
emerald ring,expansion,40500,HIGH,100,0.93,3.55,gemstone
sapphire ring,expansion,40500,HIGH,100,0.8,3.19,gemstone
birthstone ring,expansion,40500,HIGH,100,0.81,3.33,birthstone
birthstone ring jewelry,expansion,40500,HIGH,100,0.81,3.33,birthstone
opal ring,expansion,33100,HIGH,100,0.48,1.95,gemstone
blue sapphire jewellery,expansion,33100,HIGH,70,0.73,3.29,gemstone
birthstone necklace,expansion,33100,HIGH,100,1.16,5.59,birthstone
black onyx jewellery,expansion,27100,HIGH,98,0.42,1.75,gemstone
tigers eye jewellery,expansion,27100,HIGH,98,0.34,1.39,gemstone
tiger eye jewelry,expansion,27100,HIGH,98,0.34,1.39,warm_stones
eye of tiger jewelry,expansion,27100,HIGH,98,0.34,1.39,warm_stones
amethyst ring,expansion,22200,HIGH,100,0.54,2.33,gemstone
moonstone jewellery,expansion,22200,HIGH,100,0.52,2.43,gemstone
carnelian jewellery,expansion,22200,HIGH,99,0.48,1.93,gemstone
carnelian jewelry,expansion,22200,HIGH,99,0.48,1.93,warm_stones
jewelry carnelian,expansion,22200,HIGH,99,0.48,1.93,warm_stones
aquamarine ring,expansion,18100,HIGH,100,0.65,2.78,gemstone
moss agate ring,expansion,18100,HIGH,100,0.93,3.25,gemstone
bracelet with birthstones,expansion,18100,HIGH,100,1.08,4.9,gemstone
blue topaz jewellery,expansion,18100,HIGH,100,0.77,4.95,gemstone
necklace emerald,expansion,18100,HIGH,100,1.15,6.37,gemstone
larimar jewellery,expansion,18100,HIGH,100,0.33,1.46,gemstone
birthstone bracelet,expansion,18100,HIGH,100,1.08,4.9,birthstone
kendra scott birthstone bracelet,expansion,18100,HIGH,100,0.66,1.93,birthstone
gemstone jewelry,expansion,14800,HIGH,100,0.74,3.35,gemstone
moss agate engagement ring,expansion,14800,HIGH,100,1.03,3.99,gemstone
peridot ring,expansion,14800,HIGH,100,0.58,2.55,gemstone
garnet ring,expansion,14800,HIGH,100,0.55,2.27,gemstone
birthstone jewellery,expansion,14800,HIGH,100,1.15,4.52,gemstone
moon stone ring,expansion,14800,HIGH,100,0.49,1.97,gemstone
labradorite jewellery,expansion,14800,HIGH,100,0.38,1.33,gemstone
black tourmaline jewellery,expansion,14800,HIGH,100,0.39,1.27,gemstone
birthstone jewelry,expansion,14800,HIGH,100,1.15,4.52,birthstone
sapphire necklace,expansion,12100,HIGH,100,1.08,6.16,gemstone
opal engagement ring,expansion,12100,HIGH,100,0.86,2.91,gemstone
birthstone necklace for mom,expansion,12100,HIGH,100,1.17,6.18,gemstone
amethyst necklace,expansion,12100,HIGH,100,0.7,2.91,gemstone
mothers birthstone ring,expansion,12100,HIGH,100,0.7,3.94,gemstone
mothers birthstone necklace,expansion,12100,HIGH,100,1.17,6.18,gemstone
alexandrite jewellery,expansion,12100,HIGH,100,0.61,2.7,gemstone
aquamarine birthstone jewelry,expansion,12100,MEDIUM,53,0.7,4.38,gemstone
black opal jewellery,expansion,12100,HIGH,100,0.45,2.0,gemstone
birthstone pendant for mom,expansion,12100,HIGH,100,1.17,6.18,birthstone
aquamarine birthstone bracelet,expansion,12100,MEDIUM,53,0.7,4.38,birthstone
birthstone necklace for mum,expansion,12100,HIGH,100,1.17,6.18,birthstone
mother's necklace birthstones,expansion,12100,HIGH,100,1.17,6.18,birthstone
birthstone mother's necklace,expansion,12100,HIGH,100,1.17,6.18,birthstone
mom birthstone pendant,expansion,12100,HIGH,100,1.17,6.18,birthstone
gemstone ring,expansion,9900,HIGH,100,0.63,2.13,gemstone
blue sapphire ring,expansion,9900,HIGH,100,0.75,2.96,gemstone
morganite engagement ring,expansion,9900,HIGH,100,0.91,3.9,gemstone
blue topaz ring,expansion,9900,HIGH,100,0.52,2.65,gemstone
alexandrite engagement ring,expansion,9900,HIGH,100,0.94,3.45,gemstone
sapphire and diamond ring,expansion,9900,HIGH,100,0.89,3.57,gemstone
black onyx ring,expansion,9900,HIGH,100,0.37,1.65,gemstone
sapphire diamond ring,expansion,9900,HIGH,100,0.89,3.57,gemstone
emerald ring with diamonds,expansion,9900,HIGH,100,1.11,4.57,gemstone
diamond and emerald ring,expansion,9900,HIGH,100,1.11,4.57,gemstone
morganite wedding ring,expansion,9900,HIGH,100,0.91,3.9,gemstone
diamond with sapphire ring,expansion,9900,HIGH,100,0.89,3.57,gemstone
engagement morganite ring,expansion,9900,HIGH,100,0.91,3.9,gemstone
moss agate jewellery,expansion,9900,HIGH,71,0.63,2.41,gemstone
opalite earrings,expansion,9900,HIGH,100,0.56,2.56,gemstone
kendra scott birthstone necklace,expansion,9900,HIGH,100,0.46,1.63,birthstone
opal birthstone necklace,expansion,9900,MEDIUM,67,0.63,3.45,birthstone
opal birthstone jewelry,expansion,9900,MEDIUM,67,0.63,3.45,birthstone
opal birthstone bracelet,expansion,9900,MEDIUM,67,0.63,3.45,birthstone
birthstone kendra scott necklace,expansion,9900,HIGH,100,0.46,1.63,birthstone
opal necklace birthstone,expansion,9900,MEDIUM,67,0.63,3.45,birthstone
opal birthstone pendant,expansion,9900,MEDIUM,67,0.63,3.45,birthstone
birthstone necklace opal,expansion,9900,MEDIUM,67,0.63,3.45,birthstone
birthstone opal necklace,expansion,9900,MEDIUM,67,0.63,3.45,birthstone
amber jewelry,amber_core,8100,HIGH,100,0.28,2.03,amber_general
amber jewellery,amber_core,8100,HIGH,100,0.28,2.03,amber_types
aquamarine necklace,expansion,8100,HIGH,100,0.89,4.38,gemstone
morganite ring,expansion,8100,HIGH,100,0.47,2.22,gemstone
pink sapphire ring,expansion,8100,HIGH,100,0.62,2.24,gemstone
garnet necklace,expansion,8100,HIGH,100,0.79,3.61,gemstone
citrine ring,expansion,8100,HIGH,100,0.5,2.1,gemstone
emerald ring gold,expansion,8100,HIGH,100,0.78,3.31,gemstone
tiger eye bracelet,expansion,8100,HIGH,100,0.35,1.62,gemstone
emerald and gold ring,expansion,8100,HIGH,100,0.78,3.31,gemstone
tourmaline jewellery,expansion,8100,HIGH,100,0.46,2.75,gemstone
smoky quartz jewellery,expansion,8100,HIGH,80,0.34,1.2,gemstone
bloodstone jewellery,expansion,8100,HIGH,97,0.38,1.62,gemstone
peridot birthstone jewelry,expansion,8100,HIGH,94,0.92,5.25,birthstone
peridot birthstone bracelet,expansion,8100,HIGH,94,0.92,5.25,birthstone
citrine jewelry ring,expansion,8100,HIGH,100,0.5,2.1,warm_stones
eye tiger bracelet,expansion,8100,HIGH,100,0.35,1.62,warm_stones
baltic amber jewelry,amber_core,6600,HIGH,75,0.29,1.11,amber_general
natural amber jewelry,amber_core,6600,HIGH,75,0.29,1.11,amber_general
aquamarine engagement ring,expansion,6600,HIGH,100,0.9,4.19,gemstone
green sapphire engagement ring,expansion,6600,HIGH,100,0.95,3.64,gemstone
black opal ring,expansion,6600,HIGH,100,0.38,1.83,gemstone
star sapphire ring,expansion,6600,HIGH,100,0.33,1.62,gemstone
moon stone necklace,expansion,6600,HIGH,100,0.56,2.25,gemstone
garnet birthstone jewelry,expansion,6600,LOW,10,0.65,3.4,gemstone
fire opal jewellery,expansion,6600,HIGH,97,0.45,2.09,gemstone
spinel jewellery,expansion,6600,HIGH,100,0.43,1.86,gemstone
dark opal ring,expansion,6600,HIGH,100,0.38,1.83,gemstone
jade stone pendant,expansion,6600,HIGH,100,0.37,1.42,gemstone
light blue stone in jewelry,expansion,6600,HIGH,100,0.34,1.73,gemstone
tiger eye stone jewelry,expansion,6600,HIGH,99,0.23,0.76,warm_stones
amber with fossil,amber_core,5400,HIGH,72,0.17,0.68,amber_general
baltic amber,amber_core,5400,HIGH,95,0.37,2.49,amber_colors
emerald bracelet,expansion,5400,HIGH,100,1.04,4.52,gemstone
amethyst bracelet,expansion,5400,HIGH,100,0.51,1.91,gemstone
amethyst engagement ring,expansion,5400,HIGH,100,1.01,3.97,gemstone
topaz ring,expansion,5400,HIGH,100,0.53,2.48,gemstone
custom birthstone necklace,expansion,5400,HIGH,100,1.39,6.63,gemstone
gemstone necklace,expansion,5400,HIGH,100,0.68,2.49,gemstone
personalized birthstone necklace,expansion,5400,HIGH,100,1.39,6.63,gemstone
three stone ring,expansion,5400,HIGH,100,1.22,3.93,gemstone
october birthstone jewelry,expansion,5400,HIGH,100,0.62,2.53,gemstone
emerald green jewellery,expansion,5400,HIGH,100,0.42,2.07,gemstone
precious stone necklace,expansion,5400,HIGH,100,0.68,2.49,gemstone
ring with 3 stones,expansion,5400,HIGH,100,1.22,3.93,gemstone
mothers ring 3 stones,expansion,5400,HIGH,100,0.43,2.47,birthstone
three stone mothers ring,expansion,5400,HIGH,100,0.43,2.47,birthstone
birthstone october jewelry,expansion,5400,HIGH,100,0.62,2.53,birthstone
jewelry october birthstone,expansion,5400,HIGH,100,0.62,2.53,birthstone
3 stone mom ring,expansion,5400,HIGH,100,0.43,2.47,birthstone
citrine crystal jewelry,expansion,5400,MEDIUM,61,0.36,1.11,warm_stones
amber necklace,amber_core,4400,HIGH,100,0.36,1.61,amber_general
necklace with amber,amber_core,4400,HIGH,100,0.36,1.61,amber_general
peridot necklace,expansion,4400,HIGH,100,0.76,3.32,gemstone
sapphire bracelet,expansion,4400,HIGH,100,0.87,3.52,gemstone
birthstone jewelry for mom,expansion,4400,HIGH,100,1.24,5.77,gemstone
opal bracelet,expansion,4400,HIGH,100,0.66,2.37,gemstone
london blue topaz ring,expansion,4400,HIGH,100,0.59,2.78,gemstone
pink tourmaline ring,expansion,4400,HIGH,100,0.47,2.04,gemstone
montana sapphire ring,expansion,4400,HIGH,100,0.65,2.09,gemstone
mens emerald ring,expansion,4400,HIGH,100,0.6,2.39,gemstone
december birthstone jewelry,expansion,4400,HIGH,100,0.57,1.95,gemstone
tourmaline ring,expansion,4400,HIGH,100,0.46,1.94,gemstone
lapis lazuli necklace,expansion,4400,HIGH,100,0.36,1.55,gemstone
august birthstone jewelry,expansion,4400,HIGH,100,0.59,2.61,gemstone
antique emerald ring,expansion,4400,HIGH,100,0.49,1.72,gemstone
june birthstone jewelry,expansion,4400,HIGH,100,0.62,2.42,gemstone
mothers birthstone jewelry,expansion,4400,HIGH,100,1.24,5.77,gemstone
blue lace agate necklace,expansion,4400,HIGH,100,0.3,1.1,gemstone
birthstone jewellery for mothers,expansion,4400,HIGH,100,1.24,5.77,gemstone
imperial topaz jewellery,expansion,4400,HIGH,77,0.69,3.47,gemstone
male emerald ring,expansion,4400,HIGH,100,0.6,2.39,gemstone
birthstone bracelet for mom,expansion,4400,HIGH,100,1.25,6.79,birthstone
mothers bracelet with birthstones,expansion,4400,HIGH,100,1.25,6.79,birthstone
dec birthstone jewelry,expansion,4400,HIGH,100,0.57,1.95,birthstone
jewelry june birthstone,expansion,4400,HIGH,100,0.62,2.42,birthstone
ring june,expansion,4400,HIGH,100,1.51,7.29,birthstone
jewelry tiger eye,expansion,4400,MEDIUM,65,0.42,1.12,warm_stones
cherry amber,amber_core,3600,LOW,6,0.08,0.66,amber_types
green amber,amber_core,3600,LOW,28,0.09,0.72,amber_colors
blue topaz necklace,expansion,3600,HIGH,100,0.74,3.76,gemstone
citrine necklace,expansion,3600,HIGH,100,0.63,2.51,gemstone
alexandrite necklace,expansion,3600,HIGH,100,0.8,3.94,gemstone
yellow sapphire ring,expansion,3600,HIGH,100,0.63,2.39,gemstone
emerald necklace gold,expansion,3600,HIGH,100,1.01,4.29,gemstone
montana sapphire engagement ring,expansion,3600,HIGH,100,0.81,3.36,gemstone
opal necklace gold,expansion,3600,HIGH,100,0.67,2.68,gemstone
december birthstone ring,expansion,3600,HIGH,100,0.42,1.8,gemstone
black tourmaline bracelet,expansion,3600,HIGH,100,0.42,1.62,gemstone
june birthstone ring,expansion,3600,HIGH,100,0.52,1.99,gemstone
gold sapphire ring,expansion,3600,HIGH,100,0.65,3.07,gemstone
gold opal ring,expansion,3600,HIGH,100,0.53,2.02,gemstone
gold and emerald necklace,expansion,3600,HIGH,100,1.01,4.29,gemstone
gold and sapphire ring,expansion,3600,HIGH,100,0.65,3.07,gemstone
citrine birthstone ring,expansion,3600,HIGH,100,0.68,3.48,gemstone
stones jewelry,expansion,3600,HIGH,100,0.65,2.92,gemstone
opal and gold ring,expansion,3600,HIGH,100,0.53,2.02,gemstone
morganite jewellery,expansion,3600,HIGH,100,0.48,2.39,gemstone
moonstone ring sterling silver,expansion,3600,HIGH,100,0.36,1.21,gemstone
pink sapphire jewellery,expansion,3600,HIGH,100,0.75,3.38,gemstone
gems bracelet,expansion,3600,HIGH,100,0.57,2.28,gemstone
mothers ring 2 stones,expansion,3600,HIGH,100,0.42,2.53,birthstone
birthstone charm bracelet,expansion,3600,HIGH,100,0.65,2.65,birthstone
diamond birthstone ring,expansion,3600,HIGH,94,0.78,3.18,birthstone
amethyst birthstone jewelry,expansion,3600,HIGH,70,0.86,3.95,birthstone
citrine birthstone jewelry,expansion,3600,HIGH,100,0.68,3.48,birthstone
diamond birthstone jewelry,expansion,3600,HIGH,94,0.78,3.18,birthstone
pearl birthstone jewelry,expansion,3600,HIGH,98,0.73,2.94,birthstone
dec birthstone ring,expansion,3600,HIGH,100,0.42,1.8,birthstone
pandora birthstone charm bracelet,expansion,3600,HIGH,100,0.32,0.69,birthstone
amethyst birthstone jewellery,expansion,3600,HIGH,70,0.86,3.95,birthstone
necklace blue topaz,expansion,3600,HIGH,100,0.74,3.76,birthstone
pandora charm bracelet birthstone,expansion,3600,HIGH,100,0.32,0.69,birthstone
diamond ring birthstone,expansion,3600,HIGH,94,0.78,3.18,birthstone
blue zircon jewellery,expansion,3600,HIGH,100,0.4,1.61,birthstone
birthstone june ring,expansion,3600,HIGH,100,0.52,1.99,birthstone
necklace with blue topaz,expansion,3600,HIGH,100,0.74,3.76,birthstone
birthstone jewelry for december,expansion,3600,HIGH,100,0.42,1.8,birthstone
pearl birthstone jewellery,expansion,3600,HIGH,98,0.73,2.94,birthstone
birthstone citrine ring,expansion,3600,HIGH,100,0.68,3.48,birthstone
ring june birthstone,expansion,3600,HIGH,100,0.52,1.99,birthstone
necklace citrine,expansion,3600,HIGH,100,0.63,2.51,warm_stones
necklace with citrine,expansion,3600,HIGH,100,0.63,2.51,warm_stones
blue amber,amber_core,2900,HIGH,76,0.22,1.08,amber_colors
emerald pendant,expansion,2900,HIGH,100,1.14,5.64,gemstone
blue sapphire necklace,expansion,2900,HIGH,100,0.93,5.64,gemstone
aquamarine bracelet,expansion,2900,HIGH,100,0.73,2.87,gemstone
emerald tennis bracelet,expansion,2900,HIGH,100,1.3,5.87,gemstone
sapphire tennis bracelet,expansion,2900,HIGH,100,1.03,4.7,gemstone
garnet bracelet,expansion,2900,HIGH,100,0.55,2.17,gemstone
citrine bracelet,expansion,2900,HIGH,100,0.43,1.65,gemstone
diamond and sapphire engagement ring,expansion,2900,HIGH,100,1.2,4.74,gemstone
fire opal ring,expansion,2900,HIGH,100,0.43,1.8,gemstone
emerald green ring,expansion,2900,HIGH,100,0.74,3.21,gemstone
black tourmaline necklace,expansion,2900,HIGH,100,0.38,1.33,gemstone
family birthstone ring,expansion,2900,HIGH,100,0.68,3.34,gemstone
november birthstone ring,expansion,2900,HIGH,100,0.44,1.68,gemstone
carnelian necklace,expansion,2900,HIGH,100,0.39,1.26,gemstone
november birthstone jewelry,expansion,2900,HIGH,100,0.65,2.51,gemstone
amethyst wedding ring,expansion,2900,HIGH,100,0.76,2.66,gemstone
pandora birthstone ring,expansion,2900,HIGH,100,0.33,0.88,gemstone
lapis lazuli ring,expansion,2900,HIGH,100,0.32,1.57,gemstone
opal diamond ring,expansion,2900,HIGH,100,0.67,2.82,gemstone
moss agate wedding ring,expansion,2900,HIGH,100,1.02,3.33,gemstone
two stone ring,expansion,2900,HIGH,100,0.97,3.33,gemstone
mens black onyx ring,expansion,2900,HIGH,100,0.34,1.7,gemstone
september birthstone jewelry,expansion,2900,HIGH,100,0.67,2.79,gemstone
tigers eye necklace,expansion,2900,HIGH,100,0.35,1.25,gemstone
garnet birthstone ring,expansion,2900,HIGH,100,0.57,2.69,gemstone
tiger eye ring,expansion,2900,HIGH,100,0.3,1.23,gemstone
semi precious stone jewellery,expansion,2900,HIGH,100,0.36,1.44,gemstone
diamond and opal ring,expansion,2900,HIGH,100,0.67,2.82,gemstone
women's garnet ring,expansion,2900,HIGH,100,0.43,2.18,gemstone
ring with two birthstones,expansion,2900,HIGH,100,0.87,2.97,gemstone
pink quartz bracelet,expansion,2900,HIGH,100,0.42,1.54,gemstone
sapphire and diamond wedding ring,expansion,2900,HIGH,100,1.2,4.74,gemstone
yellow topaz jewellery,expansion,2900,HIGH,96,0.44,2.28,gemstone
white opal jewellery,expansion,2900,HIGH,99,0.33,1.68,gemstone
semi precious gemstone jewelry,expansion,2900,HIGH,100,0.36,1.44,gemstone
lapis stone ring,expansion,2900,HIGH,100,0.32,1.57,gemstone
birthstone earrings,expansion,2900,HIGH,100,0.7,3.17,birthstone
mothers ring 4 stones,expansion,2900,HIGH,100,0.41,2.59,birthstone
blue topaz earrings,expansion,2900,HIGH,100,0.63,3.93,birthstone
initial and birthstone necklace,expansion,2900,HIGH,100,0.94,3.53,birthstone
initial necklace with birthstone,expansion,2900,HIGH,100,0.94,3.53,birthstone
two birthstone ring,expansion,2900,HIGH,100,0.87,2.97,birthstone
two stone birthstone ring,expansion,2900,HIGH,100,0.87,2.97,birthstone
ruby birthstone jewelry,expansion,2900,HIGH,100,0.74,3.92,birthstone
ruby birthstone bracelet,expansion,2900,HIGH,100,0.74,3.92,birthstone
kendra scott birthstone ring,expansion,2900,HIGH,100,0.39,1.23,birthstone
initial necklace and birthstone,expansion,2900,HIGH,100,0.94,3.53,birthstone
birthstone ring two stones,expansion,2900,HIGH,100,0.87,2.97,birthstone
nov birthstone ring,expansion,2900,HIGH,100,0.44,1.68,birthstone
birthstone november ring,expansion,2900,HIGH,100,0.44,1.68,birthstone
mothers 4 stone ring,expansion,2900,HIGH,100,0.41,2.59,birthstone
birthstone november jewellery,expansion,2900,HIGH,100,0.65,2.51,birthstone
pandora jewelry birthstone rings,expansion,2900,HIGH,100,0.33,0.88,birthstone
birthstone garnet ring,expansion,2900,HIGH,100,0.57,2.69,birthstone
sept birthstone jewelry,expansion,2900,HIGH,100,0.67,2.79,birthstone
eye of tiger necklace,expansion,2900,HIGH,100,0.35,1.25,warm_stones
eye tiger ring,expansion,2900,HIGH,100,0.3,1.23,warm_stones
necklace carnelian,expansion,2900,HIGH,100,0.39,1.26,warm_stones
necklace tiger eye,expansion,2900,HIGH,100,0.35,1.25,warm_stones
ring tiger eye,expansion,2900,HIGH,100,0.3,1.23,warm_stones
necklaces for infants,amber_core,2400,HIGH,100,0.4,1.27,amber_general
tanzanite necklace,expansion,2400,HIGH,100,0.66,3.83,gemstone
birthstone necklace for grandma,expansion,2400,HIGH,100,0.96,4.56,gemstone
december birthstone necklace,expansion,2400,HIGH,100,0.59,2.46,gemstone
garnet engagement ring,expansion,2400,HIGH,100,0.8,3.73,gemstone
peridot engagement ring,expansion,2400,HIGH,100,0.94,3.77,gemstone
green sapphire ring,expansion,2400,HIGH,100,0.74,2.96,gemstone
amethyst ring for women,expansion,2400,HIGH,100,0.43,2.23,gemstone
sapphire necklace gold,expansion,2400,HIGH,100,0.87,4.84,gemstone
august birthstone ring,expansion,2400,HIGH,100,0.43,1.72,gemstone
two birthstone necklace,expansion,2400,HIGH,100,1.18,4.6,gemstone
gemstone earrings,expansion,2400,HIGH,100,0.6,2.13,gemstone
march birthstone jewelry,expansion,2400,HIGH,100,0.72,2.8,gemstone
october birthstone ring,expansion,2400,HIGH,100,0.52,1.76,gemstone
lapis lazuli bracelet,expansion,2400,HIGH,100,0.37,1.49,gemstone
rose gold morganite ring,expansion,2400,HIGH,100,0.69,3.12,gemstone
grandmother necklace with birthstones,expansion,2400,HIGH,100,0.96,4.56,gemstone
peridot ring gold,expansion,2400,HIGH,100,0.59,2.28,gemstone
aquamarine ring gold,expansion,2400,HIGH,100,0.62,2.37,gemstone
amethyst ring gold,expansion,2400,HIGH,100,0.54,2.5,gemstone
january birthstone jewelry,expansion,2400,HIGH,100,0.68,2.77,gemstone
carnelian ring,expansion,2400,HIGH,100,0.31,1.24,gemstone
garnet birthstone necklace,expansion,2400,HIGH,100,0.8,3.51,gemstone
lapis bracelet,expansion,2400,HIGH,100,0.37,1.49,gemstone
spinel ring,expansion,2400,HIGH,100,0.38,1.67,gemstone
gold and sapphire necklace,expansion,2400,HIGH,100,0.87,4.84,gemstone
sapphire pendant gold,expansion,2400,HIGH,100,0.87,4.84,gemstone
black onyx ring womens,expansion,2400,HIGH,100,0.35,1.55,gemstone
sterling silver opal ring,expansion,2400,HIGH,97,0.35,1.34,gemstone
morganite and rose gold ring,expansion,2400,HIGH,100,0.69,3.12,gemstone
aquamarine and gold ring,expansion,2400,HIGH,100,0.62,2.37,gemstone
pandora necklace birthstone,expansion,2400,HIGH,100,0.42,1.51,gemstone
gold and amethyst ring,expansion,2400,HIGH,100,0.54,2.5,gemstone
mens emerald wedding ring,expansion,2400,HIGH,100,1.03,3.38,gemstone
precious stone earrings,expansion,2400,HIGH,100,0.6,2.13,gemstone
yellow sapphire jewellery,expansion,2400,HIGH,79,0.72,3.37,gemstone
black onyx ring ladies,expansion,2400,HIGH,100,0.35,1.55,gemstone
ametrine jewellery,expansion,2400,HIGH,100,0.36,1.96,gemstone
red coral jewellery,expansion,2400,HIGH,100,0.25,1.37,gemstone
2 birthstone necklace,expansion,2400,HIGH,100,1.18,4.6,birthstone
3 birthstone ring,expansion,2400,HIGH,100,0.82,3.76,birthstone
pandora birthstone necklace,expansion,2400,HIGH,100,0.42,1.51,birthstone
december birthstone bracelet,expansion,2400,HIGH,100,0.59,2.46,birthstone
three birthstone ring,expansion,2400,HIGH,100,0.82,3.76,birthstone
3 stone birthstone ring,expansion,2400,HIGH,100,0.82,3.76,birthstone
two stone birthstone necklace,expansion,2400,HIGH,100,1.18,4.6,birthstone
garnet birthstone bracelet,expansion,2400,HIGH,100,0.8,3.51,birthstone
2 birthstone jewelry,expansion,2400,HIGH,100,1.18,4.6,birthstone
necklace with birthstones for grandma,expansion,2400,HIGH,100,0.96,4.56,birthstone
dec birthstone necklace,expansion,2400,HIGH,100,0.59,2.46,birthstone
grandparent birthstone necklace,expansion,2400,HIGH,100,0.96,4.56,birthstone
birthstone necklace garnet,expansion,2400,HIGH,100,0.8,3.51,birthstone
necklace december birthstone,expansion,2400,HIGH,100,0.59,2.46,birthstone
birthstone jewelry january,expansion,2400,HIGH,100,0.68,2.77,birthstone
birthstone garnet necklace,expansion,2400,HIGH,100,0.8,3.51,birthstone
december necklace birthstone,expansion,2400,HIGH,100,0.59,2.46,birthstone
jan birthstone jewelry,expansion,2400,HIGH,100,0.68,2.77,birthstone
oct birthstone ring,expansion,2400,HIGH,100,0.52,1.76,birthstone
ring october birthstone,expansion,2400,HIGH,100,0.52,1.76,birthstone
carnelian crystal jewelry,expansion,2400,HIGH,72,0.32,0.93,warm_stones
carnelian stone jewelry,expansion,2400,HIGH,92,0.39,1.44,warm_stones
carnelian jewelry rings,expansion,2400,HIGH,100,0.31,1.24,warm_stones
ring carnelian,expansion,2400,HIGH,100,0.31,1.24,warm_stones
amber ring,amber_core,1900,HIGH,100,0.25,1.16,amber_general
baltic amber necklace,amber_core,1900,HIGH,100,0.59,2.57,amber_general
natural amber necklace,amber_core,1900,HIGH,100,0.59,2.57,amber_general
ring amber,amber_core,1900,HIGH,100,0.25,1.16,amber_general
ring with amber,amber_core,1900,HIGH,100,0.25,1.16,amber_general
topaz necklace,expansion,1900,HIGH,100,0.79,3.55,gemstone
family birthstone necklace,expansion,1900,HIGH,100,1.07,5.13,gemstone
sapphire pendant,expansion,1900,HIGH,100,1.13,5.78,gemstone
peridot bracelet,expansion,1900,HIGH,100,0.66,3.03,gemstone
citrine earrings,expansion,1900,HIGH,100,0.55,2.55,gemstone
opal pendant,expansion,1900,HIGH,100,0.61,2.48,gemstone
august birthstone necklace,expansion,1900,HIGH,100,0.63,2.55,gemstone
november birthstone necklace,expansion,1900,HIGH,100,0.66,3.83,gemstone
pink sapphire necklace,expansion,1900,HIGH,100,0.79,3.5,gemstone
october birthstone necklace,expansion,1900,HIGH,100,0.71,2.85,gemstone
mother's day necklace with birthstones,expansion,1900,HIGH,100,1.28,6.87,gemstone
blue stone ring,expansion,1900,HIGH,100,0.47,2.73,gemstone
blue topaz engagement ring,expansion,1900,HIGH,100,0.97,3.84,gemstone
amethyst pendant,expansion,1900,HIGH,100,0.5,2.67,gemstone
aquamarine and diamond ring,expansion,1900,HIGH,100,0.92,4.61,gemstone
sapphire and diamond necklace,expansion,1900,HIGH,100,1.03,5.27,gemstone
yellow sapphire engagement ring,expansion,1900,HIGH,100,0.95,3.21,gemstone
green stone ring,expansion,1900,HIGH,100,0.53,2.14,gemstone
black stone ring,expansion,1900,HIGH,100,0.43,1.94,gemstone
emerald solitaire ring,expansion,1900,HIGH,100,1.28,4.27,gemstone
aquamarine diamond ring,expansion,1900,HIGH,100,0.92,4.61,gemstone
black opal engagement ring,expansion,1900,HIGH,100,0.81,2.23,gemstone
black opal necklace,expansion,1900,HIGH,100,0.55,2.06,gemstone
amethyst and diamond ring,expansion,1900,HIGH,99,0.91,4.21,gemstone
lab grown emerald ring,expansion,1900,HIGH,100,0.83,4.16,gemstone
garnet ring gold,expansion,1900,HIGH,100,0.51,2.31,gemstone
sapphire diamond engagement ring,expansion,1900,HIGH,100,1.5,5.18,gemstone
pink stone ring,expansion,1900,HIGH,100,0.4,1.9,gemstone
sapphire diamond necklace,expansion,1900,HIGH,100,1.03,5.27,gemstone
colombian emerald ring,expansion,1900,HIGH,100,0.56,2.59,gemstone
mens garnet ring,expansion,1900,HIGH,100,0.47,1.67,gemstone
diamond and emerald necklace,expansion,1900,HIGH,99,1.19,4.92,gemstone
mens amethyst ring,expansion,1900,HIGH,100,0.41,1.5,gemstone
paraiba tourmaline ring,expansion,1900,HIGH,100,0.35,1.54,gemstone
august birthstone bracelet,expansion,1900,HIGH,100,0.63,2.55,gemstone
watermelon tourmaline ring,expansion,1900,HIGH,100,0.31,1.59,gemstone
july birthstone jewelry,expansion,1900,HIGH,100,0.79,3.11,gemstone
amethyst diamond ring,expansion,1900,HIGH,99,0.91,4.21,gemstone
personalized birthstone necklace for mom,expansion,1900,HIGH,100,0.98,5.72,gemstone
pink sapphire pendant,expansion,1900,HIGH,100,0.79,3.5,gemstone
diamond emerald necklace,expansion,1900,HIGH,99,1.19,4.92,gemstone
black opal pendant,expansion,1900,HIGH,100,0.55,2.06,gemstone
sapphire and diamond pendant,expansion,1900,HIGH,100,1.03,5.27,gemstone
eternity ring sapphire,expansion,1900,HIGH,100,0.88,3.61,gemstone
painite ring,expansion,1900,HIGH,100,0.62,1.97,gemstone
men's alexandrite ring,expansion,1900,HIGH,100,0.55,1.89,gemstone
sterling silver amethyst ring,expansion,1900,HIGH,71,0.37,1.5,gemstone
gold ring with birthstones,expansion,1900,HIGH,100,0.72,2.86,gemstone
topaz earring,expansion,1900,HIGH,100,0.6,2.86,gemstone
bracelet peridot,expansion,1900,HIGH,100,0.66,3.03,gemstone
blue opal jewellery,expansion,1900,HIGH,96,0.44,2.0,gemstone
agate stone jewelry,expansion,1900,HIGH,85,0.35,1.75,gemstone
women aquamarine ring,expansion,1900,HIGH,100,0.59,2.7,gemstone
blue stone jewelry rings,expansion,1900,HIGH,100,0.47,2.73,gemstone
green colour stone ring,expansion,1900,HIGH,100,0.53,2.14,gemstone
personalized birthstone jewelry,expansion,1900,HIGH,100,1.34,6.6,birthstone
custom birthstone bracelet,expansion,1900,HIGH,100,1.27,5.89,birthstone
gold birthstone necklace,expansion,1900,HIGH,100,1.15,5.7,birthstone
birthstone charm necklace,expansion,1900,HIGH,100,0.78,3.07,birthstone
personalized birthstone bracelet,expansion,1900,HIGH,100,1.34,6.6,birthstone
october birthstone bracelet,expansion,1900,HIGH,100,0.71,2.85,birthstone
custom birthstone necklace for mom,expansion,1900,HIGH,100,0.98,5.72,birthstone
two birthstone bracelet,expansion,1900,HIGH,100,1.12,4.31,birthstone
2 birthstone bracelet,expansion,1900,HIGH,100,1.12,4.31,birthstone
gold necklace birthstone,expansion,1900,HIGH,100,1.15,5.7,birthstone
kendra scott birthstone jewelry,expansion,1900,HIGH,100,0.51,2.06,birthstone
dual birthstone bracelet,expansion,1900,HIGH,100,1.12,4.31,birthstone
engraved birthstone bracelet,expansion,1900,HIGH,100,1.27,5.89,birthstone
personalized mother necklace with birthstones,expansion,1900,HIGH,100,0.98,5.72,birthstone
birthstone bracelet custom,expansion,1900,HIGH,100,1.27,5.89,birthstone
turquoise birthstone jewelry,expansion,1900,MEDIUM,39,0.71,3.13,birthstone
birthstone personalised bracelet,expansion,1900,HIGH,100,1.27,5.89,birthstone
birthstone august necklace,expansion,1900,HIGH,100,0.63,2.55,birthstone
custom mother's birthstone necklace,expansion,1900,HIGH,100,0.98,5.72,birthstone
personalized jewelry for moms with birthstone,expansion,1900,HIGH,100,0.98,5.72,birthstone
necklace october birthstone,expansion,1900,HIGH,100,0.71,2.85,birthstone
charm necklace birthstone,expansion,1900,HIGH,100,0.78,3.07,birthstone
necklace august birthstone,expansion,1900,HIGH,100,0.63,2.55,birthstone
necklace november birthstone,expansion,1900,HIGH,100,0.66,3.83,birthstone
charm necklace with birthstone,expansion,1900,HIGH,100,0.78,3.07,birthstone
engraved birthstone jewelry,expansion,1900,HIGH,100,1.34,6.6,birthstone
nov birthstone necklace,expansion,1900,HIGH,100,0.66,3.83,birthstone
birthstone for october necklace,expansion,1900,HIGH,100,0.71,2.85,birthstone
birthstone bracelet personalized,expansion,1900,HIGH,100,1.27,5.89,birthstone
custom birthstone necklace mother,expansion,1900,HIGH,100,0.98,5.72,birthstone
march stone ring,expansion,1900,HIGH,100,0.52,2.17,birthstone
mothers personalized birthstone necklace,expansion,1900,HIGH,100,0.98,5.72,birthstone
oct birthstone necklace,expansion,1900,HIGH,100,0.71,2.85,birthstone
personalized mom birthstone necklace,expansion,1900,HIGH,100,0.98,5.72,birthstone
carnelian bracelet,expansion,1900,HIGH,100,0.39,1.36,warm_stones
citrine stone jewelry,expansion,1900,HIGH,97,0.41,1.69,warm_stones
earrings citrine,expansion,1900,HIGH,100,0.55,2.55,warm_stones
citrine gemstone jewelry,expansion,1900,HIGH,97,0.41,1.69,warm_stones
blue tigers eye jewelry,expansion,1900,HIGH,94,0.0,0.0,warm_stones
jewelry with citrine stones,expansion,1900,HIGH,97,0.41,1.69,warm_stones
tigers eye crystal jewelry,expansion,1900,HIGH,94,0.0,0.0,warm_stones
bracelet carnelian,expansion,1900,HIGH,100,0.39,1.36,warm_stones
earrings with citrine,expansion,1900,HIGH,100,0.55,2.55,warm_stones
emerald pendant necklace,expansion,1600,HIGH,100,1.25,7.81,gemstone
march birthstone necklace,expansion,1600,HIGH,100,0.7,2.76,gemstone
june birthstone necklace,expansion,1600,HIGH,100,0.69,2.88,gemstone
emerald cut emerald ring,expansion,1600,HIGH,100,1.08,4.42,gemstone
september birthstone necklace,expansion,1600,HIGH,100,0.79,3.0,gemstone
citrine engagement ring,expansion,1600,HIGH,100,0.93,3.59,gemstone
topaz engagement ring,expansion,1600,HIGH,100,0.86,3.7,gemstone
opal pendant necklace,expansion,1600,HIGH,100,0.66,2.94,gemstone
emerald green engagement ring,expansion,1600,HIGH,100,1.22,4.34,gemstone
tourmaline necklace,expansion,1600,HIGH,100,0.53,2.04,gemstone
emerald bracelet gold,expansion,1600,HIGH,100,0.94,4.13,gemstone
yellow topaz ring,expansion,1600,HIGH,100,0.45,2.1,gemstone
purple sapphire ring,expansion,1600,HIGH,100,0.68,2.4,gemstone
aquamarine necklace gold,expansion,1600,HIGH,100,0.91,4.14,gemstone
three birthstone necklace,expansion,1600,HIGH,100,1.2,6.45,gemstone
labradorite bracelet,expansion,1600,HIGH,100,0.36,1.32,gemstone
opal and diamond engagement ring,expansion,1600,HIGH,100,0.98,3.07,gemstone
mystic topaz ring,expansion,1600,HIGH,100,0.28,1.34,gemstone
september birthstone ring,expansion,1600,HIGH,100,0.5,1.94,gemstone
mens tiger eye bracelet,expansion,1600,HIGH,100,0.68,2.45,gemstone
zales emerald ring,expansion,1600,HIGH,100,0.54,1.66,gemstone
may birthstone jewelry,expansion,1600,HIGH,97,0.78,2.99,gemstone
green tourmaline ring,expansion,1600,HIGH,100,0.44,2.06,gemstone
bracelet labradorite,expansion,1600,HIGH,100,0.36,1.32,gemstone
moss agate necklace,expansion,1600,HIGH,100,0.73,2.92,gemstone
blue opal ring,expansion,1600,HIGH,100,0.39,1.89,gemstone
silver emerald ring,expansion,1600,HIGH,100,0.62,2.67,gemstone
february birthstone jewelry,expansion,1600,HIGH,100,0.67,2.72,gemstone
garnet wedding ring,expansion,1600,HIGH,100,0.71,2.69,gemstone
women's birthstone necklace,expansion,1600,HIGH,100,0.93,4.94,gemstone
amethyst gold necklace,expansion,1600,HIGH,100,0.68,2.96,gemstone
blue sapphire and diamond ring,expansion,1600,HIGH,100,0.86,3.27,gemstone
emerald and sapphire ring,expansion,1600,HIGH,100,0.59,2.87,gemstone
blue sapphire diamond ring,expansion,1600,HIGH,100,0.86,3.27,gemstone
gold and emerald bracelet,expansion,1600,HIGH,100,0.94,4.13,gemstone
opal and sapphire ring,expansion,1600,HIGH,100,0.51,1.98,gemstone
opal diamond engagement ring,expansion,1600,HIGH,100,0.98,3.07,gemstone
blue sapphire wedding ring,expansion,1600,HIGH,100,0.85,3.43,gemstone
emerald birthstone bracelet,expansion,1600,HIGH,95,0.94,4.6,gemstone
beaded gemstone necklace,expansion,1600,HIGH,100,0.35,1.29,gemstone
mens tiger eye ring,expansion,1600,HIGH,100,0.28,1.35,gemstone
jewelry stones,expansion,1600,HIGH,100,0.48,2.07,gemstone
silver and emerald ring,expansion,1600,HIGH,100,0.62,2.67,gemstone
mens gemstone necklace,expansion,1600,HIGH,100,0.67,2.51,gemstone
blue nile emerald ring,expansion,1600,LOW,7,0.41,4.45,gemstone
emerald sapphire ring,expansion,1600,HIGH,100,0.59,2.87,gemstone
opal stone jewelry,expansion,1600,HIGH,100,0.46,2.76,gemstone
lab grown alexandrite ring,expansion,1600,HIGH,100,0.8,2.72,gemstone
bezel emerald ring,expansion,1600,HIGH,100,1.08,3.83,gemstone
opal and diamond wedding ring,expansion,1600,HIGH,100,0.98,3.07,gemstone
opal sapphire ring,expansion,1600,HIGH,100,0.51,1.98,gemstone
vintage sapphire engagement ring,expansion,1600,HIGH,100,0.59,2.19,gemstone
sterling silver peridot ring,expansion,1600,HIGH,100,0.32,1.23,gemstone
vintage black onyx ring,expansion,1600,HIGH,100,0.15,0.91,gemstone
jade stone jewellery,expansion,1600,HIGH,100,0.57,1.92,gemstone
jewellery stones,expansion,1600,HIGH,100,0.48,2.07,gemstone
stone wedding ring,expansion,1600,HIGH,100,0.67,2.23,gemstone
bracelet healing stones,expansion,1600,HIGH,100,0.55,2.15,gemstone
beaded necklace gemstone,expansion,1600,HIGH,100,0.35,1.29,gemstone
mothers ring 5 stones,expansion,1600,HIGH,100,0.38,2.39,birthstone
3 birthstone necklace,expansion,1600,HIGH,100,1.2,6.45,birthstone
february birthstone ring,expansion,1600,HIGH,100,0.48,1.81,birthstone
july birthstone ring,expansion,1600,HIGH,100,0.53,1.97,birthstone
january birthstone ring,expansion,1600,HIGH,100,0.51,1.77,birthstone
birthstone cross necklace,expansion,1600,HIGH,100,0.71,2.75,birthstone
5 stone mothers ring,expansion,1600,HIGH,100,0.38,2.39,birthstone
3 stone birthstone necklace,expansion,1600,HIGH,100,1.2,6.45,birthstone
sterling silver birthstone necklace,expansion,1600,HIGH,100,0.8,2.9,birthstone
gold birthstone bracelet,expansion,1600,HIGH,100,1.21,5.91,birthstone
emerald birthstone jewelry,expansion,1600,HIGH,95,0.94,4.6,birthstone
dainty birthstone necklace,expansion,1600,HIGH,100,0.75,2.61,birthstone
birthstone gold bracelet,expansion,1600,HIGH,100,1.21,5.91,birthstone
three stone birthstone necklace,expansion,1600,HIGH,100,1.2,6.45,birthstone
three birthstone jewelry,expansion,1600,HIGH,100,1.2,6.45,birthstone
women's birthstone jewelry,expansion,1600,HIGH,100,0.93,4.94,birthstone
feb birthstone ring,expansion,1600,HIGH,100,0.48,1.81,birthstone
stackable mothers birthstone ring,expansion,1600,HIGH,100,0.66,2.94,birthstone
gold bracelet birthstone,expansion,1600,HIGH,100,1.21,5.91,birthstone
feb birthstone jewelry,expansion,1600,HIGH,100,0.67,2.72,birthstone
necklace march birthstone,expansion,1600,HIGH,100,0.7,2.76,birthstone
sept birthstone ring,expansion,1600,HIGH,100,0.5,1.94,birthstone
five stone mothers ring,expansion,1600,HIGH,100,0.38,2.39,birthstone
necklace with september birthstone,expansion,1600,HIGH,100,0.79,3.0,birthstone
sept birthstone necklace,expansion,1600,HIGH,100,0.79,3.0,birthstone
mom birthstone ring stackable,expansion,1600,HIGH,100,0.66,2.94,birthstone
male birthstone ring,expansion,1600,HIGH,100,0.47,1.79,birthstone
birthstone june necklace,expansion,1600,HIGH,100,0.69,2.88,birthstone
birthstone cross pendant,expansion,1600,HIGH,100,0.71,2.75,birthstone
necklace june birthstone,expansion,1600,HIGH,100,0.69,2.88,birthstone
necklace september birthstone,expansion,1600,HIGH,100,0.79,3.0,birthstone
birthstone july ring,expansion,1600,HIGH,100,0.53,1.97,birthstone
sterling silver necklace birthstone,expansion,1600,HIGH,100,0.8,2.9,birthstone
jan birthstone ring,expansion,1600,HIGH,100,0.51,1.77,birthstone
birthstone february ring,expansion,1600,HIGH,100,0.48,1.81,birthstone
birthstone september ring,expansion,1600,HIGH,100,0.5,1.94,birthstone
birthstone january ring,expansion,1600,HIGH,100,0.51,1.77,birthstone
birthstone necklace women,expansion,1600,HIGH,100,0.93,4.94,birthstone
birthstone crucifix necklace,expansion,1600,HIGH,100,0.71,2.75,birthstone
ring january birthstone,expansion,1600,HIGH,100,0.51,1.77,birthstone
birthstone jewelry for january,expansion,1600,HIGH,100,0.51,1.77,birthstone
ring with february birthstone,expansion,1600,HIGH,100,0.48,1.81,birthstone
tiger eye earrings,expansion,1600,HIGH,100,0.32,1.16,warm_stones
tiger eye bead necklace,expansion,1600,HIGH,100,0.39,1.77,warm_stones
vintage tiger eye ring,expansion,1600,HIGH,78,0.14,1.31,warm_stones
antique tiger eye ring,expansion,1600,HIGH,78,0.14,1.31,warm_stones
engagement citrine ring,expansion,1600,HIGH,100,0.93,3.59,warm_stones
tiger eye ring vintage,expansion,1600,HIGH,78,0.14,1.31,warm_stones
tigers eye men's ring,expansion,1600,HIGH,100,0.28,1.35,warm_stones
amber bracelet,amber_core,1300,HIGH,100,0.27,1.05,amber_general
amber earrings,amber_core,1300,HIGH,100,0.27,1.26,amber_general
amber necklace for newborn,amber_core,1300,HIGH,100,0.34,1.56,amber_general
amber necklace newborn,amber_core,1300,HIGH,100,0.34,1.56,amber_general
bracelet amber,amber_core,1300,HIGH,100,0.27,1.05,amber_general
sapphire pendant necklace,expansion,1300,HIGH,100,1.23,6.42,gemstone
aquamarine pendant,expansion,1300,HIGH,100,0.78,3.61,gemstone
tanzanite bracelet,expansion,1300,HIGH,100,0.58,3.1,gemstone
blue topaz bracelet,expansion,1300,HIGH,100,0.71,3.21,gemstone
may birthstone necklace,expansion,1300,HIGH,100,0.69,3.36,gemstone
birthstone pendant,expansion,1300,HIGH,100,0.93,4.05,gemstone
black sapphire ring,expansion,1300,HIGH,100,0.47,2.74,gemstone
pink tourmaline necklace,expansion,1300,HIGH,100,0.57,1.94,gemstone
aquamarine ring white gold,expansion,1300,HIGH,100,0.67,3.55,gemstone
opal necklace silver,expansion,1300,HIGH,100,0.48,1.78,gemstone
emerald cut sapphire ring,expansion,1300,HIGH,100,0.73,3.44,gemstone
green amethyst ring,expansion,1300,HIGH,100,0.43,1.9,gemstone
garnet necklace gold,expansion,1300,HIGH,100,0.71,3.22,gemstone
aquamarine wedding ring,expansion,1300,HIGH,100,0.84,3.35,gemstone
white gold sapphire ring,expansion,1300,HIGH,100,0.66,3.61,gemstone
white gold emerald ring,expansion,1300,HIGH,100,0.93,3.85,gemstone
sapphire and diamond bracelet,expansion,1300,HIGH,100,1.04,3.63,gemstone
green emerald necklace,expansion,1300,HIGH,100,0.55,2.47,gemstone
tourmaline bracelet,expansion,1300,HIGH,100,0.42,1.52,gemstone
may birthstone ring,expansion,1300,HIGH,100,0.58,2.21,gemstone
amethyst crystal necklace,expansion,1300,HIGH,100,0.35,1.35,gemstone
garnet and diamond ring,expansion,1300,HIGH,100,0.75,3.06,gemstone
opal tennis bracelet,expansion,1300,HIGH,100,0.79,3.19,gemstone
padparadscha sapphire ring,expansion,1300,HIGH,100,0.55,2.55,gemstone
aquamarine birthstone ring,expansion,1300,HIGH,100,0.54,3.21,gemstone
opal bracelet gold,expansion,1300,HIGH,100,0.55,2.23,gemstone
yellow stone ring,expansion,1300,HIGH,100,0.43,1.92,gemstone
morganite engagement ring rose gold,expansion,1300,HIGH,100,1.04,5.12,gemstone
lab grown emerald engagement ring,expansion,1300,HIGH,99,1.47,6.75,gemstone
black tourmaline ring,expansion,1300,HIGH,100,0.32,1.14,gemstone
necklace with name and birthstone,expansion,1300,HIGH,100,1.03,3.59,gemstone
pink opal ring,expansion,1300,HIGH,100,0.36,1.6,gemstone
ruby stone ring,expansion,1300,HIGH,78,0.55,2.53,gemstone
natural ruby ring,expansion,1300,HIGH,100,0.67,2.9,gemstone
sapphire bracelet gold,expansion,1300,HIGH,100,0.74,3.22,gemstone
birthstone name necklace,expansion,1300,HIGH,100,1.03,3.59,gemstone
citrine gold ring,expansion,1300,HIGH,100,0.52,2.16,gemstone
gemstone pendant,expansion,1300,HIGH,100,0.42,1.8,gemstone
sapphire diamond bracelet,expansion,1300,HIGH,100,1.04,3.63,gemstone
blue star sapphire ring,expansion,1300,HIGH,100,0.29,1.61,gemstone
silver opal ring,expansion,1300,HIGH,100,0.44,1.71,gemstone
mens blue sapphire ring,expansion,1300,HIGH,100,0.46,2.53,gemstone
garnet gold necklace,expansion,1300,HIGH,100,0.71,3.22,gemstone
garnet diamond ring,expansion,1300,HIGH,100,0.75,3.06,gemstone
opal and emerald ring,expansion,1300,HIGH,100,0.58,2.46,gemstone
men's peridot ring,expansion,1300,HIGH,100,0.44,1.9,gemstone
yellow gold emerald ring,expansion,1300,HIGH,100,1.09,4.73,gemstone
white gold and sapphire ring,expansion,1300,HIGH,100,0.66,3.61,gemstone
pink tourmaline pendant,expansion,1300,HIGH,100,0.57,1.94,gemstone
ruby gemstone ring,expansion,1300,HIGH,78,0.55,2.53,gemstone
silver moonstone ring,expansion,1300,HIGH,100,0.47,1.58,gemstone
gold and sapphire bracelet,expansion,1300,HIGH,100,0.74,3.22,gemstone
gemstone necklace pendants,expansion,1300,HIGH,100,0.6,2.28,gemstone
emerald and white gold ring,expansion,1300,HIGH,100,0.93,3.85,gemstone
yellow gemstone ring,expansion,1300,HIGH,100,0.43,1.92,gemstone
emerald necklace men,expansion,1300,HIGH,100,0.65,1.86,gemstone
mens lapis lazuli ring,expansion,1300,HIGH,100,0.36,1.5,gemstone
rose gold and morganite engagement ring,expansion,1300,HIGH,100,1.04,5.12,gemstone
opal emerald ring,expansion,1300,HIGH,100,0.58,2.46,gemstone
james avery birthstone ring,expansion,1300,HIGH,100,0.03,0.18,gemstone
opal and silver ring,expansion,1300,HIGH,100,0.44,1.71,gemstone
sapphire antique ring,expansion,1300,HIGH,100,0.49,1.46,gemstone
mens opal pendant,expansion,1300,HIGH,100,0.4,1.55,gemstone
women peridot ring,expansion,1300,HIGH,100,0.48,2.43,gemstone
yellow gem ring,expansion,1300,HIGH,100,0.43,1.92,gemstone
opal necklace men,expansion,1300,HIGH,100,0.4,1.55,gemstone
cabochon jewellery,expansion,1300,HIGH,100,0.28,2.11,gemstone
women moonstone ring,expansion,1300,HIGH,100,0.5,1.95,gemstone
name necklace with birthstone,expansion,1300,HIGH,100,1.03,3.59,birthstone
name and birthstone necklace,expansion,1300,HIGH,100,1.03,3.59,birthstone
april birthstone ring,expansion,1300,HIGH,99,0.59,2.3,birthstone
sapphire birthstone necklace,expansion,1300,HIGH,96,0.88,4.02,birthstone
birthstone heart necklace,expansion,1300,HIGH,100,0.79,3.79,birthstone
couples birthstone ring,expansion,1300,HIGH,100,0.68,2.34,birthstone
opal birthstone ring,expansion,1300,HIGH,100,0.55,1.97,birthstone
may birthstone bracelet,expansion,1300,HIGH,100,0.69,3.36,birthstone
sapphire birthstone jewelry,expansion,1300,HIGH,96,0.88,4.02,birthstone
toi et moi birthstone ring,expansion,1300,HIGH,100,1.08,3.5,birthstone
birthstone sapphire necklace,expansion,1300,HIGH,96,0.88,4.02,birthstone
birthstone necklace heart,expansion,1300,HIGH,100,0.79,3.79,birthstone
birthstone may necklace,expansion,1300,HIGH,100,0.69,3.36,birthstone
nameplate necklace with birthstone,expansion,1300,HIGH,100,1.03,3.59,birthstone
sapphire birthstone pendant,expansion,1300,HIGH,96,0.88,4.02,birthstone
zales jewelry birthstone rings,expansion,1300,HIGH,100,0.03,2.01,birthstone
aquamarine ring birthstone,expansion,1300,HIGH,100,0.54,3.21,birthstone
birthstone jewellery april,expansion,1300,HIGH,99,0.59,2.3,birthstone
birthstone may ring,expansion,1300,HIGH,100,0.58,2.21,birthstone
birthstone aquamarine ring,expansion,1300,HIGH,100,0.54,3.21,birthstone
birthstone opal ring,expansion,1300,HIGH,100,0.55,1.97,birthstone
birthstone jewelry zales,expansion,1300,HIGH,100,0.03,2.01,birthstone
birthstone april ring,expansion,1300,HIGH,99,0.59,2.3,birthstone
birthstone as engagement ring,expansion,1300,HIGH,100,1.07,3.46,birthstone
birthstone james avery ring,expansion,1300,HIGH,100,0.03,0.18,birthstone
birthstone jewelry april,expansion,1300,HIGH,99,0.59,2.3,birthstone
necklace birthstone may,expansion,1300,HIGH,100,0.69,3.36,birthstone
women's citrine ring,expansion,1300,HIGH,100,0.44,1.92,warm_stones
citrine and gold ring,expansion,1300,HIGH,100,0.52,2.16,warm_stones
citrine ring in gold,expansion,1300,HIGH,100,0.52,2.16,warm_stones
gold ring citrine,expansion,1300,HIGH,100,0.52,2.16,warm_stones
gold ring with citrine,expansion,1300,HIGH,100,0.52,2.16,warm_stones
red tiger eye jewelry,expansion,1300,HIGH,96,0.0,0.0,warm_stones
amber in jewelry,amber_core,1000,HIGH,88,0.0,0.0,amber_general
amber prices,amber_core,1000,LOW,11,0.0,0.0,amber_general
amber beads,amber_core,1000,HIGH,100,0.2,1.02,amber_types
price amber,amber_core,1000,LOW,11,0.0,0.0,amber_types
healing crystal jewelry,expansion,1000,HIGH,100,0.52,1.71,gemstone
emerald promise ring,expansion,1000,HIGH,100,0.86,2.45,gemstone
blue sapphire bracelet,expansion,1000,HIGH,100,0.76,3.36,gemstone
sapphire necklace silver,expansion,1000,HIGH,100,0.47,2.28,gemstone
green stone necklace,expansion,1000,HIGH,100,0.39,1.54,gemstone
lab created emerald ring,expansion,1000,HIGH,100,0.59,2.81,gemstone
peridot necklace gold,expansion,1000,HIGH,100,0.66,3.4,gemstone
garnet pendant,expansion,1000,HIGH,100,0.66,3.11,gemstone
pink morganite ring,expansion,1000,HIGH,100,0.48,2.18,gemstone
white sapphire tennis bracelet,expansion,1000,HIGH,100,1.08,3.78,gemstone
amethyst necklace pendant,expansion,1000,HIGH,100,0.53,2.44,gemstone
tourmaline earrings,expansion,1000,HIGH,100,0.45,1.89,gemstone
rose gold opal ring,expansion,1000,HIGH,100,0.7,2.33,gemstone
london blue topaz engagement ring,expansion,1000,HIGH,100,1.01,4.68,gemstone
ruby birthstone ring,expansion,1000,HIGH,100,0.53,2.78,gemstone
emerald cut aquamarine ring,expansion,1000,HIGH,100,0.82,2.95,gemstone
moonstone wedding ring,expansion,1000,HIGH,100,0.69,2.13,gemstone
alexandrite bracelet,expansion,1000,HIGH,100,0.69,3.08,gemstone
tourmaline engagement ring,expansion,1000,HIGH,100,0.73,2.77,gemstone
multiple birthstone ring,expansion,1000,HIGH,100,0.86,3.77,gemstone
blue stone jewelry,expansion,1000,HIGH,100,0.71,3.47,gemstone
multi birthstone necklace,expansion,1000,HIGH,100,1.31,7.26,gemstone
emerald birthstone ring,expansion,1000,HIGH,100,0.76,4.13,gemstone
sapphire and diamond tennis bracelet,expansion,1000,HIGH,100,1.35,6.44,gemstone
aquamarine stone ring,expansion,1000,HIGH,100,0.65,2.83,gemstone
peridot and diamond ring,expansion,1000,HIGH,100,0.78,4.05,gemstone
blue zircon ring,expansion,1000,HIGH,100,0.38,2.06,gemstone
vintage aquamarine ring,expansion,1000,HIGH,100,0.36,1.61,gemstone
sapphire necklace white gold,expansion,1000,HIGH,100,0.98,5.09,gemstone
double birthstone ring,expansion,1000,HIGH,100,0.79,3.36,gemstone
ametrine ring,expansion,1000,HIGH,100,0.32,2.04,gemstone
green aventurine bracelet,expansion,1000,HIGH,100,0.44,1.27,gemstone
april birthstone jewelry,expansion,1000,HIGH,96,0.66,2.37,gemstone
silver sapphire ring,expansion,1000,HIGH,100,0.51,2.76,gemstone
pink gemstone ring,expansion,1000,HIGH,100,0.58,2.28,gemstone
amethyst crystal bracelet,expansion,1000,HIGH,99,0.37,1.53,gemstone
aquamarine and sapphire ring,expansion,1000,HIGH,100,0.59,3.06,gemstone
larimar stone jewelry,expansion,1000,HIGH,100,0.29,1.09,gemstone
peridot wedding ring,expansion,1000,HIGH,100,0.78,2.69,gemstone
mens emerald bracelet,expansion,1000,HIGH,100,0.66,2.11,gemstone
sapphire wedding ring sets,expansion,1000,HIGH,100,0.64,2.25,gemstone
multi gemstone necklace,expansion,1000,HIGH,100,0.5,2.63,gemstone
imperial topaz ring,expansion,1000,HIGH,100,0.55,2.45,gemstone
diamond and emerald bracelet,expansion,1000,HIGH,99,1.22,5.51,gemstone
peridot diamond ring,expansion,1000,HIGH,100,0.78,4.05,gemstone
garnet ring silver,expansion,1000,HIGH,100,0.46,1.89,gemstone
aquamarine solitaire ring,expansion,1000,HIGH,99,0.92,3.43,gemstone
gemstone beads for jewelry making,expansion,1000,HIGH,100,0.32,1.94,gemstone
vintage amethyst ring,expansion,1000,HIGH,100,0.31,1.09,gemstone
emerald cut moissanite engagement ring,expansion,1000,HIGH,100,0.92,3.82,gemstone
blue sapphire ring for women,expansion,1000,HIGH,100,0.6,2.96,gemstone
amethyst birthstone ring,expansion,1000,HIGH,100,0.52,3.45,gemstone
ruby and emerald ring,expansion,1000,HIGH,100,0.69,2.96,gemstone
natural alexandrite engagement ring,expansion,1000,HIGH,100,0.99,2.84,gemstone
ruby and sapphire ring,expansion,1000,HIGH,100,0.58,2.71,gemstone
emerald and peridot ring,expansion,1000,HIGH,100,0.61,3.15,gemstone
emerald ring band,expansion,1000,HIGH,100,0.83,3.55,gemstone
multi stone necklace,expansion,1000,HIGH,100,0.5,2.63,gemstone
mens gemstone bracelet,expansion,1000,HIGH,100,0.64,2.22,gemstone
red garnet ring,expansion,1000,HIGH,100,0.45,2.61,gemstone
stone beads for jewelry making,expansion,1000,HIGH,100,0.32,1.94,gemstone
amethyst bead bracelet,expansion,1000,HIGH,100,0.4,1.64,gemstone
mens moonstone ring,expansion,1000,HIGH,100,0.5,1.57,gemstone
healing stone jewelry,expansion,1000,HIGH,100,0.52,1.71,gemstone
semi precious stone necklace,expansion,1000,HIGH,99,0.41,1.74,gemstone
marquise emerald ring,expansion,1000,HIGH,100,0.98,3.93,gemstone
black opal mens ring,expansion,1000,HIGH,100,0.43,1.51,gemstone
rose gold and opal ring,expansion,1000,HIGH,100,0.7,2.33,gemstone
mens topaz ring,expansion,1000,HIGH,100,0.46,1.69,gemstone
vintage citrine ring,expansion,1000,HIGH,100,0.29,1.43,gemstone
opal beaded necklace,expansion,1000,HIGH,100,0.37,1.54,gemstone
white sapphire pendant,expansion,1000,HIGH,100,0.72,2.86,gemstone
aquamarine gemstone ring,expansion,1000,HIGH,100,0.65,2.83,gemstone
silver and sapphire ring,expansion,1000,HIGH,100,0.51,2.76,gemstone
pink gem ring,expansion,1000,HIGH,100,0.58,2.28,gemstone
sterling silver opal necklace,expansion,1000,HIGH,100,0.48,2.38,gemstone
mens gold emerald ring,expansion,1000,HIGH,100,0.71,2.46,gemstone
red beryl ring,expansion,1000,HIGH,100,0.6,2.34,gemstone
aquamarine sapphire ring,expansion,1000,HIGH,100,0.59,3.06,gemstone
mens emerald ring gold,expansion,1000,HIGH,100,0.71,2.46,gemstone
antique sapphire and diamond ring,expansion,1000,HIGH,100,0.5,1.85,gemstone
turquoise stone jewelry,expansion,1000,HIGH,100,0.37,1.35,gemstone
vintage pink sapphire ring,expansion,1000,HIGH,100,0.38,1.33,gemstone
sterling silver amethyst necklace,expansion,1000,HIGH,68,0.39,2.18,gemstone
vintage blue topaz ring,expansion,1000,HIGH,100,0.29,1.35,gemstone
ruby emerald ring,expansion,1000,HIGH,100,0.69,2.96,gemstone
emerald ruby ring,expansion,1000,HIGH,100,0.69,2.96,gemstone
stone bead necklace,expansion,1000,HIGH,100,0.33,1.28,gemstone
natural jade bracelet,expansion,1000,HIGH,100,0.34,1.15,gemstone
ruby sapphire ring,expansion,1000,HIGH,100,0.58,2.71,gemstone
silver ring with ruby stone,expansion,1000,HIGH,100,0.47,1.76,gemstone
painite jewelry,expansion,1000,HIGH,85,0.33,1.59,gemstone
antique pink sapphire ring,expansion,1000,HIGH,100,0.38,1.33,gemstone
antique alexandrite ring,expansion,1000,HIGH,100,0.38,1.19,gemstone
vintage diamond and sapphire ring,expansion,1000,HIGH,100,0.5,1.85,gemstone
vintage topaz ring,expansion,1000,HIGH,100,0.33,1.66,gemstone
band emerald ring,expansion,1000,HIGH,100,0.83,3.55,gemstone
gold gem ring,expansion,1000,HIGH,100,0.53,1.97,gemstone
pearl necklace natural,expansion,1000,HIGH,100,0.76,2.5,gemstone
antique topaz ring,expansion,1000,HIGH,100,0.33,1.66,gemstone
gems and jewellery,expansion,1000,MEDIUM,61,1.11,6.35,gemstone
jewelry making beads and stones,expansion,1000,HIGH,100,0.32,1.94,gemstone
healing stones and crystals jewelry,expansion,1000,HIGH,100,0.52,1.71,gemstone
green necklace stone,expansion,1000,HIGH,100,0.39,1.54,gemstone
healing crystal stone jewelry,expansion,1000,HIGH,100,0.52,1.71,gemstone
jewelry with healing stones,expansion,1000,HIGH,100,0.52,1.71,gemstone
stone and bead necklace,expansion,1000,HIGH,100,0.33,1.28,gemstone
multiple birthstone necklace,expansion,1000,HIGH,100,1.31,7.26,birthstone
birthstone bracelet for grandma,expansion,1000,HIGH,100,0.77,3.54,birthstone
january birthstone necklace,expansion,1000,HIGH,100,0.74,2.79,birthstone
london blue topaz earrings,expansion,1000,HIGH,100,0.71,3.82,birthstone
july birthstone necklace,expansion,1000,HIGH,100,0.74,3.16,birthstone
february birthstone necklace,expansion,1000,HIGH,100,0.71,2.5,birthstone
grandmother bracelet with birthstones,expansion,1000,HIGH,100,0.77,3.54,birthstone
women's birthstone bracelet,expansion,1000,HIGH,100,0.9,5.1,birthstone
feb birthstone necklace,expansion,1000,HIGH,100,0.71,2.5,birthstone
pandora jewelry birthstone,expansion,1000,HIGH,100,0.39,0.76,birthstone
turquoise birthstone ring,expansion,1000,HIGH,100,0.42,1.36,birthstone
topaz birthstone jewelry,expansion,1000,MEDIUM,58,0.37,1.35,birthstone
amethyst birthstone bracelet,expansion,1000,HIGH,100,0.52,3.45,birthstone
emerald ring birthstone,expansion,1000,HIGH,100,0.76,4.13,birthstone
amethyst birthstone earrings,expansion,1000,HIGH,100,0.52,3.45,birthstone
necklace january birthstone,expansion,1000,HIGH,100,0.74,2.79,birthstone
birthstone jewellery pandora,expansion,1000,HIGH,100,0.39,0.76,birthstone
birthstone february necklace,expansion,1000,HIGH,100,0.71,2.5,birthstone
birthstone jewelry july,expansion,1000,HIGH,100,0.74,3.16,birthstone
jan birthstone necklace,expansion,1000,HIGH,100,0.74,2.79,birthstone
topaz birthstone jewellery,expansion,1000,MEDIUM,58,0.37,1.35,birthstone
necklace july birthstone,expansion,1000,HIGH,100,0.74,3.16,birthstone
birthstone jewelry for february,expansion,1000,HIGH,100,0.71,2.5,birthstone
birthstone ring amethyst,expansion,1000,HIGH,100,0.52,3.45,birthstone
ring with ruby birthstone,expansion,1000,HIGH,100,0.53,2.78,birthstone
birthstone april jewellery,expansion,1000,HIGH,96,0.66,2.37,birthstone
birthstone amethyst ring,expansion,1000,HIGH,100,0.52,3.45,birthstone
jewelry april birthstone,expansion,1000,HIGH,96,0.66,2.37,birthstone
tiger ring,expansion,1000,HIGH,100,0.22,1.9,warm_stones
antique citrine ring,expansion,1000,HIGH,100,0.29,1.43,warm_stones
ring tiger,expansion,1000,HIGH,100,0.22,1.9,warm_stones
red carnelian jewelry,expansion,1000,HIGH,99,0.0,0.0,warm_stones
carnelian agate necklace,expansion,1000,MEDIUM,46,0.0,0.0,warm_stones
citrine ring antique,expansion,1000,HIGH,100,0.29,1.43,warm_stones
ring of tiger,expansion,1000,HIGH,100,0.22,1.9,warm_stones
amber stone jewelry,amber_core,880,HIGH,100,0.31,1.08,amber_general
polish amber jewelry,amber_core,880,HIGH,100,0.24,0.74,amber_general
antique amber earrings,amber_core,880,MEDIUM,40,0.0,0.0,amber_general
amber gemstone jewelry,amber_core,880,HIGH,100,0.31,1.08,amber_general
amber raw,amber_core,880,HIGH,95,0.17,0.9,amber_general
jewelry amber stone,amber_core,880,HIGH,100,0.31,1.08,amber_general
vintage amber pendant,amber_core,880,MEDIUM,59,0.02,0.81,amber_general
amber stone jewellery,amber_core,880,HIGH,100,0.31,1.08,amber_types
dominican amber,amber_core,880,HIGH,73,0.22,0.83,amber_colors
polish amber jewellery,amber_core,880,HIGH,100,0.24,0.74,silver_amber
april birthstone necklace,expansion,880,HIGH,100,0.68,2.4,gemstone
december birthstone earrings,expansion,880,HIGH,100,0.45,1.65,gemstone
birthstone jewelry for grandma,expansion,880,HIGH,100,1.21,4.85,gemstone
teal sapphire ring,expansion,880,HIGH,100,0.69,2.54,gemstone
tanzanite pendant,expansion,880,HIGH,100,0.65,3.86,gemstone
citrine pendant,expansion,880,HIGH,100,0.55,2.28,gemstone
pink sapphire bracelet,expansion,880,HIGH,100,0.89,4.02,gemstone
mothers day birthstone ring,expansion,880,HIGH,99,0.8,4.32,gemstone
fire opal necklace,expansion,880,HIGH,100,0.57,2.42,gemstone
emerald stone ring,expansion,880,HIGH,100,0.72,3.54,gemstone
aquamarine tennis bracelet,expansion,880,HIGH,100,0.91,3.95,gemstone
blue stone necklace,expansion,880,HIGH,100,0.45,2.27,gemstone
larimar bracelet,expansion,880,HIGH,100,0.38,1.39,gemstone
healing crystal necklace,expansion,880,HIGH,100,0.43,1.32,gemstone
fire opal engagement ring,expansion,880,HIGH,100,0.74,2.61,gemstone
5 stone ring,expansion,880,HIGH,100,1.17,4.28,gemstone
orange sapphire ring,expansion,880,HIGH,100,0.61,2.4,gemstone
sapphire cross necklace,expansion,880,HIGH,100,0.5,1.88,gemstone
tanzanite and diamond ring,expansion,880,HIGH,100,0.79,4.93,gemstone
pink topaz ring,expansion,880,HIGH,100,0.37,1.7,gemstone
sapphire band ring,expansion,880,HIGH,100,0.56,2.37,gemstone
tsavorite ring,expansion,880,HIGH,100,0.53,2.58,gemstone
white opal ring,expansion,880,HIGH,100,0.49,2.11,gemstone
blue opal necklace,expansion,880,HIGH,100,0.45,2.03,gemstone
citrine and diamond ring,expansion,880,HIGH,100,0.86,4.25,gemstone
amazonite bracelet,expansion,880,HIGH,100,0.31,1.33,gemstone
green stone engagement ring,expansion,880,HIGH,100,1.11,3.82,gemstone
aqeeq ring,expansion,880,HIGH,100,0.41,1.94,gemstone
natural sapphire ring,expansion,880,HIGH,100,0.77,2.73,gemstone
yellow gold sapphire ring,expansion,880,HIGH,100,0.64,3.23,gemstone
prasiolite ring,expansion,880,HIGH,100,0.37,2.0,gemstone
opal stone ring,expansion,880,HIGH,100,0.42,1.92,gemstone
blue topaz gold ring,expansion,880,HIGH,100,0.6,2.22,gemstone
tanzanite wedding ring,expansion,880,HIGH,100,0.84,4.28,gemstone
sapphire earrings drop,expansion,880,HIGH,100,0.77,4.25,gemstone
real turquoise necklace,expansion,880,HIGH,100,0.35,1.2,gemstone
moonstone gold ring,expansion,880,HIGH,100,0.57,1.99,gemstone
lapis lazuli pendant,expansion,880,HIGH,100,0.36,1.33,gemstone
zultanite ring,expansion,880,HIGH,100,0.27,1.39,gemstone
gemstone stud earrings,expansion,880,HIGH,100,0.65,2.31,gemstone
pink tourmaline engagement ring,expansion,880,HIGH,100,0.84,2.34,gemstone
tanzanite diamond ring,expansion,880,HIGH,100,0.79,4.93,gemstone
2 stone ring,expansion,880,HIGH,100,0.89,2.93,gemstone
labradorite pendant,expansion,880,HIGH,100,0.35,1.16,gemstone
grandmother birthstone jewelry,expansion,880,HIGH,100,1.21,4.85,gemstone
sapphire anniversary ring,expansion,880,HIGH,100,0.73,3.25,gemstone
citrine diamond ring,expansion,880,HIGH,100,0.86,4.25,gemstone
red stone ring,expansion,880,HIGH,100,0.42,1.41,gemstone
smoky topaz ring,expansion,880,HIGH,100,0.27,1.22,gemstone
silver amethyst ring,expansion,880,HIGH,100,0.44,1.75,gemstone
red jasper bracelet,expansion,880,HIGH,100,0.39,1.36,gemstone
healing stone necklace,expansion,880,HIGH,100,0.43,1.32,gemstone
black onyx gold ring,expansion,880,HIGH,99,0.44,2.2,gemstone
sunstone ring,expansion,880,HIGH,100,0.42,1.49,gemstone
antique aquamarine ring,expansion,880,HIGH,100,0.44,1.51,gemstone
marquise sapphire ring,expansion,880,HIGH,100,0.75,2.65,gemstone
sterling silver sapphire ring,expansion,880,MEDIUM,55,0.39,1.73,gemstone
emerald jewellery set,expansion,880,HIGH,100,0.68,2.84,gemstone
unique 3 stone ring designs,expansion,880,HIGH,100,0.81,2.77,gemstone
five stone ring,expansion,880,HIGH,100,1.17,4.28,gemstone
bracelet amazonite,expansion,880,HIGH,100,0.31,1.33,gemstone
alternative engagement ring stones,expansion,880,HIGH,100,0.56,2.04,gemstone
red garnet necklace,expansion,880,HIGH,100,0.64,3.42,gemstone
bezel set sapphire ring,expansion,880,HIGH,100,0.71,2.72,gemstone
moss agate bracelet,expansion,880,HIGH,100,0.45,1.54,gemstone
black stone jewelry,expansion,880,HIGH,100,0.38,1.47,gemstone
opal and amethyst ring,expansion,880,HIGH,100,0.61,2.35,gemstone
emerald and aquamarine ring,expansion,880,HIGH,100,0.68,3.25,gemstone
lapis lazuli mens bracelet,expansion,880,HIGH,100,0.56,1.86,gemstone
emerald and amethyst ring,expansion,880,HIGH,100,0.71,3.16,gemstone
opal tennis necklace,expansion,880,HIGH,100,0.62,3.36,gemstone
mens amethyst necklace,expansion,880,HIGH,100,0.4,1.59,gemstone
black star sapphire ring,expansion,880,HIGH,100,0.27,1.41,gemstone
tigers eye pendant,expansion,880,HIGH,100,0.31,1.3,gemstone
pearl and emerald ring,expansion,880,HIGH,100,0.57,2.79,gemstone
mens moss agate ring,expansion,880,HIGH,100,1.12,2.87,gemstone
mens tiger eye necklace,expansion,880,HIGH,100,0.36,1.37,gemstone
mens star sapphire ring,expansion,880,HIGH,100,0.27,1.6,gemstone
pink gemstone engagement ring,expansion,880,HIGH,100,0.94,2.8,gemstone
alexandrite diamond ring,expansion,880,HIGH,100,0.78,2.8,gemstone
bezel sapphire ring,expansion,880,HIGH,100,0.71,2.72,gemstone
emerald ring with baguettes,expansion,880,HIGH,100,0.94,4.05,gemstone
cats eye ring,expansion,880,HIGH,99,0.21,1.15,gemstone
tiffany and co sapphire ring,expansion,880,HIGH,100,0.26,2.49,gemstone
silver and amethyst ring,expansion,880,HIGH,100,0.44,1.75,gemstone
bracelet larimar,expansion,880,HIGH,100,0.38,1.39,gemstone
black onyx and gold ring,expansion,880,HIGH,99,0.44,2.2,gemstone
emerald aquamarine ring,expansion,880,HIGH,100,0.68,3.25,gemstone
jasper stone jewelry,expansion,880,HIGH,100,0.26,1.49,gemstone
opal gemstone ring,expansion,880,HIGH,100,0.42,1.92,gemstone
gold bracelet with stones,expansion,880,HIGH,100,0.71,3.32,gemstone
vintage mens sapphire ring,expansion,880,HIGH,100,0.29,1.28,gemstone
men's labradorite ring,expansion,880,HIGH,100,0.39,1.24,gemstone
larimar ring sterling silver,expansion,880,HIGH,100,0.3,0.99,gemstone
vintage star sapphire ring,expansion,880,HIGH,100,0.26,1.51,gemstone
opal amethyst ring,expansion,880,HIGH,100,0.61,2.35,gemstone
tigers eye ring womens,expansion,880,HIGH,100,0.29,1.15,gemstone
labradorite ring sterling silver,expansion,880,HIGH,100,0.33,1.19,gemstone
healing necklace crystal,expansion,880,HIGH,100,0.43,1.32,gemstone
ring red stone,expansion,880,HIGH,100,0.42,1.41,gemstone
green jasper jewelry,expansion,880,HIGH,97,0.34,1.51,gemstone
necklace healing crystal,expansion,880,HIGH,100,0.43,1.32,gemstone
custom birthstone jewelry,expansion,880,HIGH,100,1.48,7.09,birthstone
mothers ring 6 stones,expansion,880,HIGH,100,0.38,2.32,birthstone
couples birthstone necklace,expansion,880,HIGH,100,0.94,2.98,birthstone
mens birthstone necklace,expansion,880,HIGH,100,0.71,2.18,birthstone
sterling silver birthstone bracelet,expansion,880,HIGH,100,0.75,3.35,birthstone
grandma birthstone ring,expansion,880,HIGH,100,0.32,2.21,birthstone
made by mary birthstone ring,expansion,880,HIGH,100,0.07,1.31,birthstone
grandparent birthstone jewelry,expansion,880,HIGH,100,1.21,4.85,birthstone
birthstone bracelet sterling silver,expansion,880,HIGH,100,0.75,3.35,birthstone
six stone mothers ring,expansion,880,HIGH,100,0.38,2.32,birthstone
couples birthstone pendant,expansion,880,HIGH,100,0.94,2.98,birthstone
necklace with april birthstone,expansion,880,HIGH,100,0.68,2.4,birthstone
birthstone grandma ring,expansion,880,HIGH,100,0.32,2.21,birthstone
male birthstone necklace,expansion,880,HIGH,100,0.71,2.18,birthstone
necklace april birthstone,expansion,880,HIGH,100,0.68,2.4,birthstone
dec birthstone earrings,expansion,880,HIGH,100,0.45,1.65,birthstone
birthstone jewelry for grandparents,expansion,880,HIGH,100,1.21,4.85,birthstone
mother's day ring birthstone,expansion,880,HIGH,99,0.8,4.32,birthstone
birthstone grandmother ring,expansion,880,HIGH,100,0.32,2.21,birthstone
birthstone necklace for guys,expansion,880,HIGH,100,0.71,2.18,birthstone
childrens birthstone jewellery,expansion,880,HIGH,100,0.88,3.78,birthstone
sterling silver tiger eye ring,expansion,880,HIGH,100,0.31,1.01,warm_stones
ladies tiger eye ring,expansion,880,HIGH,100,0.29,1.15,warm_stones
citrine & diamond ring,expansion,880,HIGH,100,0.86,4.25,warm_stones
citrine ring diamond,expansion,880,HIGH,100,0.86,4.25,warm_stones
citrine with diamonds ring,expansion,880,HIGH,100,0.86,4.25,warm_stones
eye of the tiger pendant,expansion,880,HIGH,100,0.31,1.3,warm_stones
pendant citrine,expansion,880,HIGH,100,0.55,2.28,warm_stones
pendant tiger eye,expansion,880,HIGH,100,0.31,1.3,warm_stones
tigers eye ring sterling silver,expansion,880,HIGH,100,0.31,1.01,warm_stones
amber pendant,amber_core,720,HIGH,100,0.24,0.98,amber_general
blue amber jewelry,amber_core,720,HIGH,100,0.2,1.33,amber_general
amber brooch,amber_core,720,LOW,32,0.18,0.5,amber_general
amber bee,amber_core,720,LOW,23,0.0,0.0,amber_general
amber cameo,amber_core,720,LOW,27,0.0,0.0,amber_general
amber shops,amber_core,720,HIGH,98,0.98,5.93,amber_general
pendant amber,amber_core,720,HIGH,100,0.24,0.98,amber_general
polishing amber,amber_core,720,HIGH,72,0.29,0.92,amber_general
brooch amber,amber_core,720,LOW,32,0.18,0.5,amber_types
blue dominican amber,amber_core,720,HIGH,94,0.19,0.95,amber_colors
natural stone jewelry,expansion,720,HIGH,100,0.4,1.53,gemstone
morganite necklace,expansion,720,HIGH,100,0.66,3.15,gemstone
peridot pendant,expansion,720,HIGH,100,0.58,2.7,gemstone
topaz bracelet,expansion,720,HIGH,100,0.76,2.92,gemstone
lab created sapphire ring,expansion,720,HIGH,100,0.52,2.18,gemstone
white sapphire tennis necklace,expansion,720,HIGH,100,0.87,4.19,gemstone
aquamarine birthstone necklace,expansion,720,HIGH,99,0.76,5.16,gemstone
amethyst promise ring,expansion,720,HIGH,100,0.85,2.6,gemstone
ruby anniversary ring,expansion,720,HIGH,100,0.57,2.58,gemstone
amethyst tennis bracelet,expansion,720,HIGH,100,0.76,3.47,gemstone
platinum emerald ring,expansion,720,HIGH,100,1.34,6.18,gemstone
sapphire solitaire ring,expansion,720,HIGH,100,0.79,3.42,gemstone
natural emerald earrings,expansion,720,HIGH,100,1.58,6.98,gemstone
opal and diamond necklace,expansion,720,HIGH,100,0.86,4.13,gemstone
lava stone bracelet,expansion,720,HIGH,100,0.26,1.38,gemstone
kay jewelers emerald ring,expansion,720,HIGH,100,0.26,1.34,gemstone
rose gold emerald ring,expansion,720,HIGH,100,0.94,3.78,gemstone
opal hoop earrings,expansion,720,HIGH,100,0.45,1.86,gemstone
australian opal necklace,expansion,720,HIGH,100,0.61,2.34,gemstone
emerald stacking ring,expansion,720,HIGH,100,0.8,3.12,gemstone
emerald cut necklace,expansion,720,HIGH,100,0.83,3.7,gemstone
emerald pendant gold,expansion,720,HIGH,100,0.99,4.26,gemstone
pink sapphire tennis bracelet,expansion,720,HIGH,100,1.06,4.34,gemstone
garnet necklace silver,expansion,720,HIGH,100,0.67,2.45,gemstone
white gold opal ring,expansion,720,HIGH,100,0.52,2.26,gemstone
peridot tennis bracelet,expansion,720,HIGH,100,0.91,3.89,gemstone
alexandrite pendant,expansion,720,HIGH,100,0.72,2.99,gemstone
pink opal necklace,expansion,720,HIGH,100,0.41,1.71,gemstone
dual birthstone ring,expansion,720,HIGH,100,1.13,4.15,gemstone
3 stone necklace,expansion,720,HIGH,100,0.87,4.2,gemstone
pink sapphire and diamond ring,expansion,720,HIGH,100,0.86,2.78,gemstone
blue topaz and diamond ring,expansion,720,HIGH,100,0.66,3.68,gemstone
peridot bracelet gold,expansion,720,HIGH,100,0.81,4.07,gemstone
silver emerald necklace,expansion,720,HIGH,100,0.77,3.4,gemstone
gold ring with emerald stone,expansion,720,HIGH,100,0.9,4.03,gemstone
black stone necklace,expansion,720,HIGH,100,0.36,1.39,gemstone
amethyst wedding ring set,expansion,720,HIGH,100,0.64,2.19,gemstone
diamond and emerald tennis bracelet,expansion,720,HIGH,100,1.47,6.93,gemstone
purple stone ring,expansion,720,HIGH,100,0.43,1.87,gemstone
sapphire birthstone ring,expansion,720,HIGH,100,0.63,2.94,gemstone
opal diamond necklace,expansion,720,HIGH,100,0.86,4.13,gemstone
three stone necklace,expansion,720,HIGH,100,0.87,4.2,gemstone
rainbow moonstone ring,expansion,720,HIGH,100,0.39,1.27,gemstone
peridot ring silver,expansion,720,HIGH,100,0.39,1.82,gemstone
smoky quartz necklace,expansion,720,HIGH,100,0.42,1.33,gemstone
aventurine bracelet,expansion,720,HIGH,100,0.43,1.43,gemstone
turquoise stone ring,expansion,720,HIGH,100,0.34,1.38,gemstone
mens sapphire necklace,expansion,720,HIGH,100,0.58,1.78,gemstone
rhodolite garnet ring,expansion,720,HIGH,100,0.42,2.31,gemstone
topaz and diamond ring,expansion,720,HIGH,100,0.91,3.78,gemstone
kunzite ring,expansion,720,HIGH,100,0.31,1.82,gemstone
turquoise stone necklace,expansion,720,HIGH,100,0.43,1.38,gemstone
stone pendant necklace,expansion,720,HIGH,100,0.37,1.54,gemstone
blue topaz diamond ring,expansion,720,HIGH,100,0.66,3.68,gemstone
emerald cut emerald necklace,expansion,720,HIGH,100,0.83,3.7,gemstone
smoky quartz bracelet,expansion,720,HIGH,100,0.39,1.41,gemstone
ethiopian opal ring,expansion,720,HIGH,100,0.31,1.39,gemstone
emerald stackable ring,expansion,720,HIGH,100,0.8,3.12,gemstone
peridot stone ring,expansion,720,HIGH,100,0.54,2.5,gemstone
spinel engagement ring,expansion,720,HIGH,100,0.69,2.81,gemstone
emerald green wedding ring,expansion,720,HIGH,100,0.95,3.48,gemstone
green gemstone ring,expansion,720,HIGH,100,0.57,3.1,gemstone
blue sapphire gold ring,expansion,720,HIGH,100,0.61,2.78,gemstone
ruby ring white gold,expansion,720,HIGH,100,0.68,3.4,gemstone
3 stone emerald ring,expansion,720,HIGH,100,1.63,6.09,gemstone
alexandrite stone ring,expansion,720,HIGH,100,0.64,1.84,gemstone
topaz wedding ring,expansion,720,HIGH,100,0.74,2.8,gemstone
multi gemstone ring,expansion,720,HIGH,100,0.51,2.72,gemstone
gold ring with stone,expansion,720,HIGH,100,0.4,1.59,gemstone
platinum and emerald ring,expansion,720,HIGH,100,1.34,6.18,gemstone
pearl and sapphire ring,expansion,720,HIGH,100,0.44,2.07,gemstone
amethyst gold bracelet,expansion,720,HIGH,100,0.72,3.76,gemstone
gold moonstone necklace,expansion,720,HIGH,100,0.67,2.22,gemstone
silver amethyst necklace,expansion,720,HIGH,100,0.62,2.73,gemstone
emerald ring gold band,expansion,720,HIGH,100,0.65,3.23,gemstone
aquamarine silver ring,expansion,720,HIGH,100,0.54,2.27,gemstone
three stone emerald ring,expansion,720,HIGH,100,1.63,6.09,gemstone
mexican fire opal ring,expansion,720,HIGH,100,0.26,1.87,gemstone
garnet cross necklace,expansion,720,HIGH,100,0.36,1.54,gemstone
green gem ring,expansion,720,HIGH,100,0.57,3.1,gemstone
opal and aquamarine ring,expansion,720,HIGH,100,0.59,2.24,gemstone
mens amethyst bracelet,expansion,720,HIGH,100,0.48,1.44,gemstone
silver and emerald necklace,expansion,720,HIGH,100,0.77,3.4,gemstone
mens emerald pendant,expansion,720,HIGH,100,0.68,2.12,gemstone
sapphire flower ring,expansion,720,HIGH,100,0.6,3.22,gemstone
topaz diamond ring,expansion,720,HIGH,100,0.91,3.78,gemstone
mens citrine ring,expansion,720,HIGH,100,0.44,1.61,gemstone
iolite ring,expansion,720,HIGH,100,0.31,1.65,gemstone
amethyst and sapphire ring,expansion,720,HIGH,100,0.61,2.25,gemstone
green stone jewelry,expansion,720,HIGH,100,0.32,1.64,gemstone
gemstone jewelry near me,expansion,720,HIGH,100,1.04,3.61,gemstone
green jade ring,expansion,720,HIGH,100,0.41,1.46,gemstone
pink sapphire diamond ring,expansion,720,HIGH,100,0.86,2.78,gemstone
gold gemstone necklace,expansion,720,HIGH,100,0.7,2.54,gemstone
aquamarine and ruby ring,expansion,720,HIGH,100,0.62,2.81,gemstone
women opal necklace,expansion,720,HIGH,100,0.66,3.27,gemstone
alexandrite gold ring,expansion,720,HIGH,100,0.82,2.79,gemstone
opal and garnet ring,expansion,720,HIGH,100,0.47,2.07,gemstone
purple gemstone ring,expansion,720,HIGH,100,0.38,2.17,gemstone
sterling silver aquamarine ring,expansion,720,HIGH,100,0.44,1.89,gemstone
pink sapphire gold ring,expansion,720,HIGH,100,0.75,2.52,gemstone
amethyst and ruby ring,expansion,720,HIGH,100,0.61,2.97,gemstone
moss agate gold ring,expansion,720,HIGH,100,1.05,2.96,gemstone
pink sapphire wedding ring,expansion,720,HIGH,100,0.81,2.69,gemstone
rose gold and emerald ring,expansion,720,HIGH,100,0.94,3.78,gemstone
amethyst and peridot ring,expansion,720,HIGH,100,0.64,2.94,gemstone
mens gold sapphire ring,expansion,720,HIGH,100,0.58,2.38,gemstone
vintage amethyst engagement ring,expansion,720,HIGH,100,0.55,2.62,gemstone
opal ring band,expansion,720,HIGH,100,0.46,1.67,gemstone
vintage tanzanite ring,expansion,720,HIGH,100,0.3,1.41,gemstone
moss agate pendant,expansion,720,HIGH,100,0.34,1.47,gemstone
multi gem ring,expansion,720,HIGH,100,0.51,2.72,gemstone
blue topaz sterling silver ring,expansion,720,HIGH,100,0.29,1.32,gemstone
emerald stone jewellery,expansion,720,HIGH,100,0.64,2.86,gemstone
gemstone cross necklace,expansion,720,HIGH,100,0.33,1.5,gemstone
purple gem ring,expansion,720,HIGH,100,0.38,2.17,gemstone
alexandrite solitaire ring,expansion,720,HIGH,100,1.09,2.27,gemstone
pearl sapphire ring,expansion,720,HIGH,100,0.44,2.07,gemstone
sterling silver citrine ring,expansion,720,HIGH,82,0.26,1.4,gemstone
garnet ring gold vintage,expansion,720,HIGH,100,0.32,1.34,gemstone
amethyst stone jewellery,expansion,720,HIGH,99,0.61,2.18,gemstone
turquoise gemstone ring,expansion,720,HIGH,100,0.34,1.38,gemstone
emerald earrings natural,expansion,720,HIGH,100,1.58,6.98,gemstone
black stone ring gold,expansion,720,HIGH,100,0.47,2.28,gemstone
women blue topaz ring,expansion,720,HIGH,100,0.45,2.62,gemstone
stone ring silver,expansion,720,HIGH,100,0.38,1.31,gemstone
emerald pendant in gold,expansion,720,HIGH,100,0.99,4.26,gemstone
druzy quartz jewelry,expansion,720,HIGH,99,0.29,0.91,gemstone
birthstone pendant necklace,expansion,720,HIGH,100,0.91,4.89,birthstone
london blue topaz necklace,expansion,720,HIGH,100,0.68,3.59,birthstone
ruby birthstone necklace,expansion,720,HIGH,100,0.85,4.78,birthstone
kay jewelers birthstone necklace,expansion,720,HIGH,100,0.36,2.3,birthstone
pandora birthstone bracelet,expansion,720,HIGH,97,0.53,1.38,birthstone
gorjana birthstone necklace,expansion,720,HIGH,100,0.77,1.25,birthstone
birth necklace,expansion,720,HIGH,100,0.94,3.64,birthstone
birthstone necklace 3 stones,expansion,720,HIGH,100,1.1,5.28,birthstone
birthstone eternity ring,expansion,720,HIGH,100,0.86,3.47,birthstone
mens birthstone jewelry,expansion,720,HIGH,100,0.78,2.23,birthstone
ruby necklace birthstone,expansion,720,HIGH,100,0.85,4.78,birthstone
couples birthstone bracelet,expansion,720,HIGH,100,0.97,2.44,birthstone
birthstone necklace aquamarine,expansion,720,HIGH,99,0.76,5.16,birthstone
pendant necklace birthstone,expansion,720,HIGH,100,0.91,4.89,birthstone
birthstone gem necklace,expansion,720,HIGH,100,1.07,6.24,birthstone
necklace birthstone pendants,expansion,720,HIGH,100,0.91,4.89,birthstone
birthstone jewelry for guys,expansion,720,HIGH,100,0.78,2.23,birthstone
citrine ring sterling silver,expansion,720,HIGH,82,0.26,1.4,warm_stones
citrine ring costco,expansion,720,HIGH,84,0.38,6.88,warm_stones
carnelian agate jewelry,expansion,720,HIGH,93,0.0,0.0,warm_stones
citrine and sterling silver ring,expansion,720,HIGH,82,0.26,1.4,warm_stones
sterling silver and citrine ring,expansion,720,HIGH,82,0.26,1.4,warm_stones
tigers eye roman soldier ring,expansion,720,MEDIUM,50,0.0,0.0,warm_stones
tigers necklace,expansion,720,HIGH,100,0.32,1.27,warm_stones
vintage tiger eye bracelet,expansion,720,MEDIUM,34,0.0,0.0,warm_stones
amber bead necklace,amber_core,590,HIGH,100,0.24,1.12,amber_general
johnny depp rings,amber_core,590,HIGH,68,0.0,0.0,amber_general
ember jewelry,amber_core,590,HIGH,96,0.92,3.5,amber_general
mens amber ring,amber_core,590,HIGH,100,0.19,1.08,amber_general
vintage amber rings,amber_core,590,HIGH,99,0.14,0.88,amber_general
sterling silver amber ring,amber_core,590,HIGH,100,0.25,0.88,amber_general
amber and turquoise necklace,amber_core,590,HIGH,100,0.3,1.44,amber_general
butterscotch amber earrings,amber_core,590,MEDIUM,60,0.06,0.37,amber_general
amber and sterling silver rings,amber_core,590,HIGH,100,0.25,0.88,amber_general
amber necklace beads,amber_core,590,HIGH,100,0.24,1.12,amber_general
amber ring vintage,amber_core,590,MEDIUM,39,0.0,0.0,amber_general
amber turquoise necklace,amber_core,590,HIGH,100,0.3,1.44,amber_general
antique amber brooch,amber_core,590,LOW,10,0.0,0.0,amber_general
beaded amber necklace,amber_core,590,HIGH,100,0.24,1.12,amber_general
tibetan amber necklace,amber_core,590,LOW,25,0.0,0.0,amber_general
turquoise amber necklace,amber_core,590,HIGH,100,0.3,1.44,amber_general
vintage amber brooch,amber_core,590,LOW,20,0.0,0.0,amber_general
vintage amber glass necklace,amber_core,590,MEDIUM,34,0.0,0.0,amber_general
real emerald earrings,expansion,590,HIGH,100,0.77,4.05,gemstone
real emerald necklace,expansion,590,HIGH,100,1.01,4.59,gemstone
opal engagement ring set,expansion,590,HIGH,100,0.77,2.5,gemstone
family birthstone bracelet,expansion,590,HIGH,100,1.18,5.52,gemstone
real opal necklace,expansion,590,HIGH,100,0.56,2.31,gemstone
march birthstone earrings,expansion,590,HIGH,100,0.43,1.98,gemstone
blue stone earrings,expansion,590,HIGH,100,0.38,1.98,gemstone
august birthstone earrings,expansion,590,HIGH,100,0.44,1.75,gemstone
sapphire hoop earrings,expansion,590,HIGH,100,0.67,2.98,gemstone
aquamarine pendant necklace,expansion,590,HIGH,100,0.86,4.16,gemstone
ceylon sapphire ring,expansion,590,HIGH,100,0.5,2.35,gemstone
blue sapphire pendant,expansion,590,HIGH,100,1.09,6.11,gemstone
blue topaz pendant,expansion,590,HIGH,100,0.68,3.3,gemstone
yellow topaz necklace,expansion,590,HIGH,100,0.58,2.67,gemstone
multiple birthstone bracelet,expansion,590,HIGH,100,1.27,8.13,gemstone
ring settings for loose stones,expansion,590,HIGH,100,0.43,1.89,gemstone
rainbow sapphire bracelet,expansion,590,HIGH,100,0.6,2.97,gemstone
morganite bracelet,expansion,590,HIGH,100,0.51,2.27,gemstone
star sapphire engagement ring,expansion,590,HIGH,100,0.77,2.96,gemstone
aquamarine stone necklace,expansion,590,HIGH,100,0.68,2.93,gemstone
garnet tennis bracelet,expansion,590,HIGH,100,0.73,2.87,gemstone
levian opal ring,expansion,590,HIGH,100,0.31,2.51,gemstone
aquamarine and diamond engagement ring,expansion,590,HIGH,100,1.26,4.83,gemstone
sapphire halo ring,expansion,590,HIGH,100,1.01,3.75,gemstone
swiss blue topaz ring,expansion,590,HIGH,100,0.55,2.7,gemstone
labradorite engagement ring,expansion,590,HIGH,100,0.72,2.5,gemstone
garnet pendant necklace,expansion,590,HIGH,100,0.68,3.49,gemstone
rose gold sapphire ring,expansion,590,HIGH,100,0.77,3.01,gemstone
citrine necklace gold,expansion,590,HIGH,100,0.67,2.83,gemstone
white gold amethyst ring,expansion,590,HIGH,100,0.64,3.17,gemstone
oval sapphire ring,expansion,590,HIGH,100,0.95,4.09,gemstone
pink tourmaline bracelet,expansion,590,HIGH,100,0.47,1.74,gemstone
pear shaped emerald ring,expansion,590,HIGH,100,1.14,5.3,gemstone
moss agate promise ring,expansion,590,HIGH,100,1.06,3.15,gemstone
levian emerald ring,expansion,590,HIGH,100,0.33,1.64,gemstone
rose gold amethyst ring,expansion,590,HIGH,100,0.76,2.92,gemstone
blue nile sapphire ring,expansion,590,MEDIUM,48,0.37,2.98,gemstone
emerald wedding ring sets,expansion,590,HIGH,100,0.94,2.87,gemstone
amethyst and diamond engagement ring,expansion,590,HIGH,100,1.33,4.68,gemstone
lab created sapphire necklace,expansion,590,HIGH,99,0.65,2.16,gemstone
tsavorite garnet ring,expansion,590,HIGH,100,0.54,2.72,gemstone
real moonstone ring,expansion,590,HIGH,100,0.35,1.19,gemstone
art deco sapphire ring,expansion,590,HIGH,100,0.56,2.17,gemstone
gold ring with green stone,expansion,590,HIGH,100,0.61,2.35,gemstone
aquamarine diamond engagement ring,expansion,590,HIGH,100,1.26,4.83,gemstone
men's sapphire ring,expansion,590,HIGH,100,0.43,2.17,gemstone
large emerald ring,expansion,590,HIGH,100,0.59,2.64,gemstone
garnet stone ring,expansion,590,HIGH,100,0.57,2.45,gemstone
mens sapphire bracelet,expansion,590,HIGH,100,0.67,2.3,gemstone
aquamarine necklace silver,expansion,590,HIGH,100,0.63,2.29,gemstone
yogo sapphire ring,expansion,590,HIGH,100,0.43,1.96,gemstone
peridot birthstone ring,expansion,590,HIGH,100,0.54,2.95,gemstone
blue tiger eye bracelet,expansion,590,HIGH,100,0.35,1.56,gemstone
bloodstone necklace,expansion,590,HIGH,100,0.39,1.46,gemstone
bloodstone bracelet,expansion,590,HIGH,100,0.44,1.47,gemstone
moss agate mens ring,expansion,590,HIGH,100,1.19,3.03,gemstone
ethiopian opal necklace,expansion,590,HIGH,100,0.35,1.74,gemstone
citrine gold necklace,expansion,590,HIGH,100,0.67,2.83,gemstone
black spinel ring,expansion,590,HIGH,100,0.36,1.48,gemstone
gemstone drop earrings,expansion,590,HIGH,100,0.48,1.89,gemstone
three stone sapphire ring,expansion,590,HIGH,100,0.98,4.66,gemstone
blue topaz wedding ring,expansion,590,HIGH,100,0.71,2.53,gemstone
citrine wedding ring,expansion,590,HIGH,100,0.71,2.73,gemstone
multi gemstone bracelet,expansion,590,HIGH,100,0.4,2.05,gemstone
larimar pendant,expansion,590,HIGH,100,0.41,1.32,gemstone
rainbow gemstone necklace,expansion,590,HIGH,100,0.39,1.62,gemstone
multi stone ring,expansion,590,HIGH,100,0.38,2.27,gemstone
star ruby ring,expansion,590,HIGH,100,0.31,1.93,gemstone
gemstones for jewelry making,expansion,590,HIGH,100,0.3,1.5,gemstone
sodalite bracelet,expansion,590,HIGH,100,0.36,1.32,gemstone
red coral bracelet,expansion,590,HIGH,100,0.29,1.25,gemstone
3 stone sapphire ring,expansion,590,HIGH,100,0.98,4.66,gemstone
amethyst crystal ring,expansion,590,HIGH,100,0.45,1.77,gemstone
stones for jewelry making,expansion,590,HIGH,100,0.31,1.57,gemstone
cushion cut emerald ring,expansion,590,HIGH,100,1.2,5.59,gemstone
sapphire and pearl necklace,expansion,590,HIGH,100,0.56,2.49,gemstone
mens blue topaz ring,expansion,590,HIGH,100,0.42,1.89,gemstone
white gold tanzanite ring,expansion,590,HIGH,100,0.61,3.51,gemstone
tanzanite gold ring,expansion,590,HIGH,100,0.74,3.77,gemstone
aquamarine stone jewelry,expansion,590,HIGH,100,0.53,2.72,gemstone
jade stone ring,expansion,590,HIGH,100,0.37,1.45,gemstone
mens opal bracelet,expansion,590,HIGH,100,0.46,1.74,gemstone
tiger eye stone bracelet,expansion,590,HIGH,100,0.31,1.16,gemstone
blue lace agate bracelet,expansion,590,HIGH,100,0.32,1.36,gemstone
amethyst and aquamarine ring,expansion,590,HIGH,100,0.67,2.88,gemstone
blue gemstone ring,expansion,590,HIGH,100,0.65,2.72,gemstone
natural gemstone jewelry,expansion,590,HIGH,100,0.48,1.75,gemstone
sky blue topaz ring,expansion,590,HIGH,100,0.37,2.02,gemstone
emerald cut sapphire engagement ring,expansion,590,HIGH,100,1.1,3.35,gemstone
amethyst diamond engagement ring,expansion,590,HIGH,100,1.33,4.68,gemstone
14k gold opal ring,expansion,590,HIGH,100,0.58,2.4,gemstone
rose gold and sapphire ring,expansion,590,HIGH,100,0.77,3.01,gemstone
blue gem ring,expansion,590,HIGH,100,0.65,2.72,gemstone
pink stone jewelry,expansion,590,HIGH,100,0.42,2.19,gemstone
real opal jewellery,expansion,590,HIGH,100,0.49,2.06,gemstone
moss agate wedding ring sets,expansion,590,HIGH,100,0.71,2.8,gemstone
garnet and sapphire ring,expansion,590,HIGH,100,0.54,2.61,gemstone
peridot and sapphire ring,expansion,590,HIGH,100,0.52,2.14,gemstone
black onyx and diamond ring,expansion,590,HIGH,100,0.44,2.32,gemstone
amethyst bead necklace,expansion,590,HIGH,100,0.35,1.22,gemstone
garnet solitaire ring,expansion,590,HIGH,100,0.48,2.59,gemstone
bracelet rhodonite,expansion,590,HIGH,100,0.38,1.24,gemstone
worry stone necklace,expansion,590,HIGH,99,0.2,0.75,gemstone
pearl birthstone ring,expansion,590,HIGH,100,0.6,2.8,gemstone
sapphire and diamond gold ring,expansion,590,HIGH,100,0.73,2.44,gemstone
garnet and amethyst ring,expansion,590,HIGH,100,0.76,2.15,gemstone
precious stone jewellery,expansion,590,HIGH,100,0.66,2.7,gemstone
mens sapphire pendant,expansion,590,HIGH,100,0.59,1.9,gemstone
aquamarine and peridot ring,expansion,590,HIGH,100,0.61,2.96,gemstone
opal and peridot ring,expansion,590,HIGH,100,0.52,2.02,gemstone
brown stone ring,expansion,590,HIGH,100,0.32,1.29,gemstone
gem drop earrings,expansion,590,HIGH,100,0.48,1.89,gemstone
black onyx diamond ring,expansion,590,HIGH,100,0.44,2.32,gemstone
big emerald ring,expansion,590,HIGH,100,0.59,2.64,gemstone
antique peridot ring,expansion,590,HIGH,100,0.35,1.45,gemstone
peridot solitaire ring,expansion,590,HIGH,100,0.44,4.61,gemstone
engagement ring with blue stone,expansion,590,HIGH,100,0.95,3.7,gemstone
multiple stone engagement ring,expansion,590,HIGH,100,1.34,3.28,gemstone
stackable opal ring,expansion,590,HIGH,100,0.56,2.01,gemstone
pearl and opal ring,expansion,590,HIGH,100,0.42,1.82,gemstone
gems for jewelry making,expansion,590,HIGH,100,0.31,1.57,gemstone
gemstone earrings dangle,expansion,590,HIGH,100,0.39,1.47,gemstone
emerald gold jewellery,expansion,590,HIGH,100,0.66,3.29,gemstone
aquamarine marquise ring,expansion,590,HIGH,100,0.85,3.04,gemstone
opal jewellery set,expansion,590,HIGH,100,0.41,1.86,gemstone
red stone jewelry,expansion,590,HIGH,100,0.11,1.23,gemstone
pale blue sapphire ring,expansion,590,HIGH,100,0.78,3.44,gemstone
green aventurine ring,expansion,590,HIGH,100,0.37,1.06,gemstone
stone bracelet for ladies,expansion,590,HIGH,100,0.44,1.83,gemstone
amethyst flower ring,expansion,590,HIGH,100,0.36,2.81,gemstone
pink stone ring gold,expansion,590,HIGH,100,0.52,2.01,gemstone
lapis lazuli ring gold,expansion,590,HIGH,100,0.47,1.9,gemstone
opal and tanzanite ring,expansion,590,HIGH,100,0.46,2.72,gemstone
vintage sapphire and diamond cluster ring,expansion,590,HIGH,89,0.52,1.45,gemstone
moonstone bead bracelet,expansion,590,HIGH,100,0.3,1.02,gemstone
prehnite ring,expansion,590,HIGH,100,0.22,1.12,gemstone
lapis lazuli silver ring,expansion,590,HIGH,100,0.36,1.64,gemstone
vintage smoky quartz ring,expansion,590,HIGH,100,0.33,1.46,gemstone
ring with interchangeable stones,expansion,590,HIGH,100,0.29,2.19,gemstone
stone bracelet for women,expansion,590,HIGH,100,0.44,1.83,gemstone
tektite jewelry,expansion,590,HIGH,97,0.2,0.94,gemstone
bracelet gemstone beads,expansion,590,HIGH,100,0.43,2.14,gemstone
necklace natural stones,expansion,590,HIGH,100,0.36,1.34,gemstone
semi precious stone bead necklace,expansion,590,HIGH,99,0.51,2.17,gemstone
emerald birthstone necklace,expansion,590,HIGH,100,1.09,5.39,birthstone
zales birthstone necklace,expansion,590,HIGH,100,0.5,2.26,birthstone
david yurman birthstone bracelet,expansion,590,HIGH,100,1.01,4.62,birthstone
mothers ring 7 stones,expansion,590,HIGH,100,0.35,2.03,birthstone
november birthstone earrings,expansion,590,HIGH,100,0.4,1.46,birthstone
june birthstone earrings,expansion,590,HIGH,100,0.47,1.79,birthstone
blue topaz stud earrings,expansion,590,HIGH,100,0.62,3.56,birthstone
november birthstone bracelet,expansion,590,HIGH,100,0.67,2.65,birthstone
birthstone necklace for mom 3 stones,expansion,590,HIGH,99,1.03,6.38,birthstone
silver birthstone necklace,expansion,590,HIGH,100,0.99,3.8,birthstone
etsy birthstone necklace,expansion,590,HIGH,100,0.01,2.24,birthstone
4 birthstone ring,expansion,590,HIGH,100,0.7,3.85,birthstone
mens birthstone bracelet,expansion,590,HIGH,100,0.7,2.25,birthstone
14k gold birthstone necklace,expansion,590,HIGH,98,1.05,5.4,birthstone
4 stone birthstone ring,expansion,590,HIGH,100,0.7,3.85,birthstone
zales birthstone bracelet,expansion,590,HIGH,100,0.5,2.26,birthstone
blue topaz earrings studs,expansion,590,HIGH,100,0.62,3.56,birthstone
emerald necklace birthstone,expansion,590,HIGH,100,1.09,5.39,birthstone
etsy birthstone ring,expansion,590,HIGH,100,0.01,1.65,birthstone
solid gold birthstone ring,expansion,590,HIGH,100,0.71,2.72,birthstone
mom ring with 2 birthstones,expansion,590,HIGH,100,0.57,3.08,birthstone
four birthstone ring,expansion,590,HIGH,100,0.7,3.85,birthstone
2 birthstone ring for mom,expansion,590,HIGH,100,0.57,3.08,birthstone
mothers ring with 2 birthstones,expansion,590,HIGH,100,0.57,3.08,birthstone
mothers ring with two birthstones,expansion,590,HIGH,100,0.57,3.08,birthstone
birthstone march earrings,expansion,590,HIGH,100,0.43,1.98,birthstone
birthstone november earrings,expansion,590,HIGH,100,0.4,1.46,birthstone
birthstone august earrings,expansion,590,HIGH,100,0.44,1.75,birthstone
birthstone peridot ring,expansion,590,HIGH,100,0.54,2.95,birthstone
birthstone jewelry silver,expansion,590,HIGH,100,0.99,3.8,birthstone
david yurman citrine ring,expansion,590,HIGH,100,0.58,3.43,warm_stones
citrine earrings gold,expansion,590,HIGH,100,0.53,2.52,warm_stones
citrine stud earrings,expansion,590,HIGH,100,0.62,2.71,warm_stones
carnelian earrings,expansion,590,HIGH,100,0.43,1.68,warm_stones
citrine and gold earrings,expansion,590,HIGH,100,0.53,2.52,warm_stones
citrine bead necklace,expansion,590,HIGH,100,0.34,1.31,warm_stones
gold and citrine necklace,expansion,590,HIGH,100,0.67,2.83,warm_stones
vintage carnelian ring,expansion,590,HIGH,75,0.15,0.66,warm_stones
stud citrine earrings,expansion,590,HIGH,100,0.62,2.71,warm_stones
antique carnelian ring,expansion,590,HIGH,75,0.15,0.66,warm_stones
antique carnelian jewelry,expansion,590,MEDIUM,42,0.08,0.64,warm_stones
antique citrine bracelet,expansion,590,MEDIUM,35,0.0,0.0,warm_stones
silver tiger eye pendant,expansion,590,MEDIUM,56,0.0,0.0,warm_stones
tiger eye blue bracelet,expansion,590,HIGH,100,0.35,1.56,warm_stones
tiger eye silver pendant,expansion,590,MEDIUM,56,0.0,0.0,warm_stones
tigers earrings,expansion,590,HIGH,98,0.24,0.94,warm_stones
vintage carnelian jewelry,expansion,590,MEDIUM,42,0.08,0.64,warm_stones
amber engagement ring,amber_core,480,HIGH,100,0.63,3.34,amber_general
baltic amber bracelet,amber_core,480,HIGH,100,0.27,1.14,amber_general
baltic amber earrings,amber_core,480,HIGH,100,0.24,0.9,amber_general
baltic amber ring,amber_core,480,HIGH,90,0.3,1.06,amber_general
amber dangle earrings,amber_core,480,HIGH,71,0.25,0.6,amber_general
dominican amber jewelry,amber_core,480,HIGH,99,0.16,0.62,amber_general
women's amber ring,amber_core,480,HIGH,100,0.23,1.03,amber_general
amber and jet necklace,amber_core,480,MEDIUM,48,0.14,0.38,amber_general
natural amber bracelet,amber_core,480,HIGH,100,0.27,1.14,amber_general
amber bead earrings,amber_core,480,MEDIUM,34,0.0,0.0,amber_general
amber jet necklace,amber_core,480,MEDIUM,48,0.14,0.38,amber_general
amber ring engagement,amber_core,480,HIGH,100,0.63,3.34,amber_general
amber rings for women,amber_core,480,HIGH,100,0.23,1.03,amber_general
butterscotch amber pendant,amber_core,480,HIGH,82,0.05,0.43,amber_general
natural amber earrings,amber_core,480,HIGH,100,0.24,0.9,amber_general
natural amber ring,amber_core,480,HIGH,90,0.3,1.06,amber_general
white amber necklace,amber_core,480,MEDIUM,53,0.0,0.0,amber_general
aquamarine necklace white gold,expansion,480,HIGH,100,1.1,5.69,gemstone
real sapphire necklace,expansion,480,HIGH,100,0.85,5.84,gemstone
black sapphire engagement ring,expansion,480,HIGH,100,0.94,3.16,gemstone
october birthstone earrings,expansion,480,HIGH,100,0.51,1.96,gemstone
green stone earrings,expansion,480,HIGH,100,0.33,1.5,gemstone
lab emerald ring,expansion,480,HIGH,100,0.9,4.31,gemstone
grandchildren birthstone necklace,expansion,480,HIGH,100,0.99,3.49,gemstone
platinum sapphire ring,expansion,480,HIGH,100,1.11,3.8,gemstone
emerald necklace white gold,expansion,480,HIGH,100,1.18,5.44,gemstone
tanzanite tennis bracelet,expansion,480,HIGH,100,0.61,3.89,gemstone
aquamarine and diamond necklace,expansion,480,HIGH,100,1.09,6.82,gemstone
white opal necklace,expansion,480,HIGH,100,0.57,2.08,gemstone
effy emerald ring,expansion,480,HIGH,100,0.17,1.19,gemstone
pink stone necklace,expansion,480,HIGH,100,0.42,1.66,gemstone
aquamarine cocktail ring,expansion,480,HIGH,100,0.57,2.87,gemstone
blue sapphire tennis bracelet,expansion,480,HIGH,100,1.02,4.78,gemstone
blue stone bracelet,expansion,480,HIGH,100,0.52,2.44,gemstone
black spinel necklace,expansion,480,HIGH,100,0.36,1.36,gemstone
aquamarine diamond necklace,expansion,480,HIGH,100,1.09,6.82,gemstone
citrine crystal necklace,expansion,480,HIGH,100,0.36,1.27,gemstone
pink morganite engagement ring,expansion,480,HIGH,100,0.78,2.75,gemstone
black onyx pendant,expansion,480,HIGH,100,0.35,1.38,gemstone
opal necklace white gold,expansion,480,HIGH,100,0.8,3.65,gemstone
blue topaz necklace gold,expansion,480,HIGH,100,0.86,4.13,gemstone
opal bracelet silver,expansion,480,HIGH,100,0.5,1.91,gemstone
emerald gemstone ring,expansion,480,HIGH,100,1.17,5.18,gemstone
3 carat emerald ring,expansion,480,HIGH,100,1.01,3.66,gemstone
howlite bracelet,expansion,480,HIGH,100,0.3,1.32,gemstone
grandkids birthstone necklace,expansion,480,HIGH,100,0.99,3.49,gemstone
aquamarine rose gold ring,expansion,480,HIGH,100,0.87,3.8,gemstone
citrine crystal bracelet,expansion,480,HIGH,100,0.36,1.53,gemstone
moss agate engagement ring set,expansion,480,HIGH,100,1.07,4.58,gemstone
malachite pendant,expansion,480,HIGH,100,0.35,1.59,gemstone
citrine tennis bracelet,expansion,480,HIGH,100,0.68,3.3,gemstone
2 carat emerald ring,expansion,480,HIGH,100,1.02,3.39,gemstone
peridot ring white gold,expansion,480,HIGH,100,0.67,3.56,gemstone
black gemstone ring,expansion,480,HIGH,100,0.49,2.52,gemstone
oval emerald ring,expansion,480,HIGH,100,0.97,7.26,gemstone
topaz necklace gold,expansion,480,HIGH,100,0.94,4.2,gemstone
garnet bracelet gold,expansion,480,HIGH,100,0.68,3.09,gemstone
white topaz engagement ring,expansion,480,HIGH,100,0.59,2.67,gemstone
amethyst stackable ring,expansion,480,HIGH,100,0.63,2.32,gemstone
garnet eternity ring,expansion,480,HIGH,100,0.72,2.48,gemstone
amethyst cross necklace,expansion,480,HIGH,100,0.4,1.5,gemstone
blue topaz white gold ring,expansion,480,HIGH,100,0.6,3.07,gemstone
purple amethyst ring,expansion,480,HIGH,100,0.57,2.42,gemstone
3 stone ring settings,expansion,480,HIGH,100,0.94,3.29,gemstone
star sapphire necklace,expansion,480,HIGH,100,0.49,2.35,gemstone
black tourmaline pendant,expansion,480,HIGH,100,0.42,1.36,gemstone
citrine stone ring,expansion,480,HIGH,100,0.38,1.72,gemstone
green garnet ring,expansion,480,HIGH,100,0.49,1.72,gemstone
opal pendant gold,expansion,480,HIGH,100,0.57,2.34,gemstone
green quartz ring,expansion,480,HIGH,100,0.4,2.63,gemstone
three stone ring settings,expansion,480,HIGH,100,0.94,3.29,gemstone
amethyst stone ring,expansion,480,HIGH,100,0.4,2.19,gemstone
citrine pendant necklace,expansion,480,HIGH,100,0.59,3.12,gemstone
double stone ring,expansion,480,HIGH,100,0.83,2.73,gemstone
amethyst band ring,expansion,480,HIGH,100,0.39,1.55,gemstone
14k gold emerald ring,expansion,480,HIGH,100,0.94,3.01,gemstone
real turquoise bracelet,expansion,480,HIGH,100,0.35,1.04,gemstone
emerald and diamond pendant,expansion,480,HIGH,100,1.24,4.98,gemstone
green aventurine necklace,expansion,480,HIGH,100,0.37,1.18,gemstone
sterling silver emerald ring,expansion,480,HIGH,100,0.47,2.12,gemstone
black fire opal ring,expansion,480,HIGH,100,0.42,1.63,gemstone
aquamarine wedding ring set,expansion,480,HIGH,100,0.68,2.78,gemstone
green gemstone necklace,expansion,480,HIGH,100,0.57,2.03,gemstone
real amethyst ring,expansion,480,HIGH,100,0.45,1.78,gemstone
green emerald bracelet,expansion,480,HIGH,99,0.64,2.75,gemstone
amazonite ring,expansion,480,HIGH,100,0.32,1.38,gemstone
wholesale moissanite jewelry,expansion,480,HIGH,100,0.83,3.17,gemstone
yellow sapphire ring for men,expansion,480,HIGH,100,0.63,2.99,gemstone
alexandrite and diamond ring,expansion,480,HIGH,100,0.97,2.58,gemstone
real gemstone jewelry,expansion,480,HIGH,98,0.71,2.6,gemstone
sapphire jewellery set,expansion,480,HIGH,100,0.54,2.5,gemstone
emerald diamond pendant,expansion,480,HIGH,100,1.24,4.98,gemstone
carnelian pendant,expansion,480,HIGH,100,0.34,1.26,gemstone
boulder opal ring,expansion,480,HIGH,100,0.36,1.75,gemstone
large opal ring,expansion,480,HIGH,100,0.33,2.01,gemstone
birthstone band ring,expansion,480,HIGH,100,0.52,1.9,gemstone
red coral ring,expansion,480,HIGH,100,0.26,1.5,gemstone
bracelet howlite,expansion,480,HIGH,100,0.3,1.32,gemstone
chrome diopside ring,expansion,480,HIGH,100,0.31,1.13,gemstone
garnet stone jewelry,expansion,480,HIGH,100,0.55,3.08,gemstone
natural alexandrite jewelry,expansion,480,HIGH,100,0.5,1.88,gemstone
fire opal pendant,expansion,480,HIGH,99,0.46,1.79,gemstone
pink gemstone necklace,expansion,480,HIGH,100,0.47,2.31,gemstone
spinel necklace,expansion,480,HIGH,100,0.66,2.2,gemstone
ammolite ring,expansion,480,HIGH,100,0.3,1.06,gemstone
demantoid garnet ring,expansion,480,HIGH,99,0.31,1.57,gemstone
lab created white sapphire ring,expansion,480,HIGH,100,0.39,1.66,gemstone
benitoite ring,expansion,480,HIGH,100,0.36,1.78,gemstone
opal and tourmaline ring,expansion,480,HIGH,100,0.54,2.24,gemstone
padparadscha sapphire engagement ring,expansion,480,HIGH,100,0.84,2.87,gemstone
silver emerald engagement ring,expansion,480,HIGH,100,1.09,3.21,gemstone
pink spinel ring,expansion,480,HIGH,100,0.4,2.24,gemstone
gold topaz necklace,expansion,480,HIGH,100,0.94,4.2,gemstone
yellow gold opal ring,expansion,480,HIGH,100,0.61,2.39,gemstone
orange stone ring,expansion,480,HIGH,100,0.41,1.68,gemstone
silver gemstone ring,expansion,480,HIGH,100,0.45,1.33,gemstone
natural alexandrite earrings,expansion,480,HIGH,100,0.71,2.6,gemstone
rainbow stone necklace,expansion,480,HIGH,100,0.31,1.04,gemstone
amethyst stacking ring,expansion,480,HIGH,100,0.63,2.32,gemstone
aquamarine stone engagement ring,expansion,480,HIGH,100,1.02,4.05,gemstone
halo emerald ring,expansion,480,HIGH,100,1.1,4.62,gemstone
platinum and sapphire ring,expansion,480,HIGH,100,1.11,3.8,gemstone
boulder opal pendant,expansion,480,HIGH,100,0.39,1.76,gemstone
opal halo ring,expansion,480,HIGH,100,0.4,1.65,gemstone
red spinel ring,expansion,480,HIGH,100,0.38,1.73,gemstone
blue spinel ring,expansion,480,HIGH,100,0.42,2.16,gemstone
garnet and emerald ring,expansion,480,HIGH,100,0.88,3.51,gemstone
14k gold amethyst ring,expansion,480,HIGH,100,0.41,1.72,gemstone
aventurine ring,expansion,480,HIGH,100,0.34,1.18,gemstone
aquamarine and pearl ring,expansion,480,HIGH,100,0.52,2.81,gemstone
amethyst solitaire ring,expansion,480,HIGH,100,0.63,3.12,gemstone
white opal pendant,expansion,480,HIGH,100,0.57,2.08,gemstone
druzy jewelry,expansion,480,HIGH,97,0.33,1.07,gemstone
garnet and peridot ring,expansion,480,HIGH,100,0.48,2.8,gemstone
garnet and pearl ring,expansion,480,HIGH,100,0.41,1.75,gemstone
ruby and peridot ring,expansion,480,HIGH,100,0.58,3.19,gemstone
large garnet ring,expansion,480,HIGH,100,0.34,2.81,gemstone
tiger eye bead bracelet,expansion,480,HIGH,100,0.45,1.69,gemstone
malachite bead necklace,expansion,480,HIGH,100,0.3,1.38,gemstone
opal bead bracelet,expansion,480,HIGH,100,0.43,1.46,gemstone
garnet and citrine ring,expansion,480,HIGH,100,0.5,2.11,gemstone
14k gold aquamarine ring,expansion,480,HIGH,100,0.49,2.19,gemstone
bloodstone ring mens,expansion,480,HIGH,100,0.31,1.39,gemstone
large amethyst pendant,expansion,480,HIGH,100,0.26,3.57,gemstone
boulder opal necklace,expansion,480,HIGH,100,0.39,1.76,gemstone
black onyx silver ring,expansion,480,HIGH,100,0.4,1.34,gemstone
women sapphire necklace,expansion,480,HIGH,100,1.12,6.16,gemstone
ruby stone jewellery,expansion,480,HIGH,100,0.55,3.12,gemstone
heart opal ring,expansion,480,HIGH,100,0.47,2.07,gemstone
taaffeite ring,expansion,480,HIGH,100,0.53,1.98,gemstone
yellow jade bracelet,expansion,480,HIGH,100,0.48,3.71,gemstone
amethyst and citrine ring,expansion,480,HIGH,100,0.62,2.34,gemstone
mens tourmaline ring,expansion,480,HIGH,100,0.35,1.43,gemstone
carnelian stone ring,expansion,480,HIGH,100,0.31,1.21,gemstone
chrysoberyl ring,expansion,480,HIGH,100,0.37,3.22,gemstone
carnelian bead necklace,expansion,480,HIGH,100,0.36,1.21,gemstone
sterling silver topaz ring,expansion,480,HIGH,77,0.37,1.36,gemstone
charoite ring,expansion,480,HIGH,100,0.36,0.73,gemstone
amethyst cabochon ring,expansion,480,HIGH,100,0.19,1.3,gemstone
gold tiger eye ring,expansion,480,HIGH,100,0.39,1.77,gemstone
black moonstone bracelet,expansion,480,HIGH,100,0.34,1.09,gemstone
big opal ring,expansion,480,HIGH,100,0.33,2.01,gemstone
cabochon aquamarine ring,expansion,480,HIGH,100,0.53,4.79,gemstone
alexandrite earrings natural,expansion,480,HIGH,100,0.71,2.6,gemstone
pearl earrings natural,expansion,480,HIGH,100,0.74,2.66,gemstone
nephrite jade ring,expansion,480,HIGH,99,0.37,1.26,gemstone
bracelet natural stones,expansion,480,HIGH,100,0.42,1.37,gemstone
kidney stones jewelry,expansion,480,LOW,9,0.0,0.0,gemstone
natural stone rings jewelry,expansion,480,HIGH,100,0.45,1.57,gemstone
double birthstone necklace,expansion,480,HIGH,100,1.12,4.52,birthstone
4 birthstone necklace,expansion,480,HIGH,100,1.14,6.23,birthstone
swarovski birthstone necklace,expansion,480,HIGH,100,0.2,2.14,birthstone
birthstone bar necklace,expansion,480,HIGH,100,0.91,3.29,birthstone
march birthstone bracelet,expansion,480,HIGH,100,0.82,2.93,birthstone
birthstone stud earrings,expansion,480,HIGH,100,0.49,2.44,birthstone
yellow topaz earrings,expansion,480,HIGH,100,0.52,2.05,birthstone
june birthstone bracelet,expansion,480,HIGH,100,0.77,3.0,birthstone
silver birthstone bracelet,expansion,480,HIGH,100,0.98,3.97,birthstone
birthstone necklace for mom 2 stones,expansion,480,HIGH,100,1.0,6.1,birthstone
david yurman birthstone ring,expansion,480,HIGH,100,0.63,2.19,birthstone
birthstone tennis bracelet,expansion,480,HIGH,100,1.31,5.73,birthstone
personalized birthstone bracelet for mom,expansion,480,HIGH,97,0.79,2.21,birthstone
4 stone birthstone necklace,expansion,480,HIGH,100,1.14,6.23,birthstone
birthstone bracelet silver,expansion,480,HIGH,100,0.98,3.97,birthstone
mothers birthstone pendant,expansion,480,HIGH,92,1.0,5.91,birthstone
james avery birthstone necklace,expansion,480,HIGH,100,0.06,1.45,birthstone
four birthstone necklace,expansion,480,HIGH,100,1.14,6.23,birthstone
dainty birthstone bracelet,expansion,480,HIGH,100,0.84,2.8,birthstone
birth ring,expansion,480,HIGH,100,0.51,2.3,birthstone
birthstone necklace grandchildren,expansion,480,HIGH,100,0.99,3.49,birthstone
birthstone grandchildren necklace,expansion,480,HIGH,100,0.99,3.49,birthstone
blue topaz necklace sterling silver,expansion,480,HIGH,99,0.44,1.68,birthstone
birthstone jewelry for new moms,expansion,480,HIGH,100,0.8,4.86,birthstone
blue topaz earrings sterling silver,expansion,480,HIGH,100,0.27,1.18,birthstone
gold necklace with blue topaz,expansion,480,HIGH,100,0.86,4.13,birthstone
blue topaz and gold necklace,expansion,480,HIGH,100,0.86,4.13,birthstone
tanzanite birthstone jewelry,expansion,480,MEDIUM,61,1.08,3.47,birthstone
birthstone necklace james avery,expansion,480,HIGH,100,0.06,1.45,birthstone
swarovski birthstone jewellery,expansion,480,HIGH,100,0.2,2.14,birthstone
swarovski birthstone jewelry,expansion,480,HIGH,100,0.2,2.14,birthstone
junes jewellery,expansion,480,HIGH,100,1.09,3.83,birthstone
sterling silver and blue topaz necklace,expansion,480,HIGH,99,0.44,1.68,birthstone
david yurman citrine necklace,expansion,480,HIGH,100,0.35,3.42,warm_stones
levian citrine ring,expansion,480,HIGH,100,0.32,2.54,warm_stones
women citrine jewelry,expansion,480,HIGH,100,0.54,2.96,warm_stones
citrine gold jewelry,expansion,480,MEDIUM,48,0.5,2.12,warm_stones
citrine garnet ring,expansion,480,HIGH,100,0.5,2.11,warm_stones
women's citrine jewelry,expansion,480,HIGH,100,0.54,2.96,warm_stones
gold tiger eye bracelet,expansion,480,HIGH,100,0.29,1.12,warm_stones
vintage citrine necklace,expansion,480,HIGH,96,0.23,1.25,warm_stones
garnet citrine ring,expansion,480,HIGH,100,0.5,2.11,warm_stones
amethyst and citrine jewelry,expansion,480,HIGH,99,0.64,2.76,warm_stones
vintage citrine bracelet,expansion,480,HIGH,75,0.0,0.0,warm_stones
ring citrine stone,expansion,480,HIGH,100,0.38,1.72,warm_stones
david yurman necklace citrine,expansion,480,HIGH,100,0.35,3.42,warm_stones
sterling silver tiger ring,expansion,480,HIGH,100,0.0,0.0,warm_stones
vintage tiger eye necklace,expansion,480,HIGH,90,0.1,1.75,warm_stones
carnelian gemstone ring,expansion,480,HIGH,100,0.31,1.21,warm_stones
citrine and amethyst jewelry,expansion,480,HIGH,99,0.64,2.76,warm_stones
amethyst citrine ring,expansion,480,HIGH,100,0.62,2.34,warm_stones
antique carnelian earrings,expansion,480,MEDIUM,38,0.13,0.66,warm_stones
antique carnelian necklace,expansion,480,HIGH,92,0.09,0.55,warm_stones
carnelian cameo pendant,expansion,480,HIGH,71,0.0,0.0,warm_stones
citrine amethyst ring,expansion,480,HIGH,100,0.62,2.34,warm_stones
citrine jewelry for women,expansion,480,HIGH,100,0.54,2.96,warm_stones
crystal citrine necklace,expansion,480,HIGH,100,0.36,1.27,warm_stones
crystal necklace citrine,expansion,480,HIGH,100,0.36,1.27,warm_stones
gold citrine jewelry,expansion,480,MEDIUM,48,0.5,2.12,warm_stones
vintage carnelian earrings,expansion,480,MEDIUM,38,0.13,0.66,warm_stones
vintage carnelian necklace,expansion,480,HIGH,92,0.09,0.55,warm_stones
vertical bar necklace,amber_core,390,HIGH,100,0.59,1.98,amber_general
real amber jewelry,amber_core,390,HIGH,100,0.21,1.17,amber_general
large amber pendant,amber_core,390,HIGH,100,0.23,1.2,amber_general
amber and silver bracelet,amber_core,390,HIGH,100,0.29,0.84,amber_general
silver amber bracelet,amber_core,390,HIGH,100,0.29,0.84,amber_general
large amber ring,amber_core,390,HIGH,82,0.14,0.72,amber_general
amber clip on earrings,amber_core,390,LOW,33,0.0,0.0,amber_general
vintage amber earrings,amber_core,390,HIGH,81,0.12,0.69,amber_general
gold ring with amber stone,amber_core,390,HIGH,80,0.64,20.66,amber_general
amber and sterling silver bracelet,amber_core,390,HIGH,97,0.2,0.55,amber_general
amber bracelet sterling silver,amber_core,390,HIGH,97,0.2,0.55,amber_general
amber sterling silver bracelet,amber_core,390,HIGH,97,0.2,0.55,amber_general
amber's designs fine jewelry,amber_core,390,HIGH,79,1.22,3.69,amber_general
art deco amber earrings,amber_core,390,MEDIUM,41,0.0,0.0,amber_general
big amber pendant,amber_core,390,HIGH,100,0.23,1.2,amber_general
carved amber pendant,amber_core,390,LOW,29,0.0,0.0,amber_general
huge amber pendant,amber_core,390,HIGH,100,0.23,1.2,amber_general
huge amber ring,amber_core,390,HIGH,82,0.14,0.72,amber_general
midwest amber earrings,amber_core,390,MEDIUM,43,0.15,3.2,amber_general
square amber ring,amber_core,390,LOW,22,0.0,0.0,amber_general
wire wrapped amber pendant,amber_core,390,LOW,25,0.0,0.0,amber_general
baltic amber beads,amber_core,390,HIGH,100,0.29,1.09,amber_types
natural amber beads,amber_core,390,HIGH,100,0.29,1.09,amber_types
butterscotch amber,amber_core,390,HIGH,99,0.1,0.55,amber_colors
amber blue,amber_core,390,LOW,3,0.0,0.0,amber_colors
raw butterscotch amber,amber_core,390,LOW,25,0.0,0.0,amber_colors
large amber pendants,amber_core,390,HIGH,100,0.23,1.2,silver_amber
natural emerald necklace,expansion,390,HIGH,100,1.04,5.09,gemstone
natural ruby necklace,expansion,390,HIGH,100,0.81,4.6,gemstone
yellow sapphire necklace,expansion,390,HIGH,100,0.83,2.43,gemstone
amethyst heart necklace,expansion,390,HIGH,100,0.47,1.9,gemstone
family birthstone jewelry,expansion,390,HIGH,100,1.03,4.78,gemstone
mother daughter birthstone necklace,expansion,390,HIGH,99,0.87,3.72,gemstone
citrine ring yellow gold,expansion,390,HIGH,100,0.66,3.29,gemstone
aquamarine promise ring,expansion,390,HIGH,100,0.93,3.0,gemstone
garnet heart necklace,expansion,390,HIGH,100,0.59,2.74,gemstone
emerald necklace and earring set,expansion,390,HIGH,100,0.91,4.61,gemstone
rose gold opal engagement ring,expansion,390,HIGH,100,0.91,3.25,gemstone
topaz pendant,expansion,390,HIGH,100,0.59,2.93,gemstone
peridot necklace silver,expansion,390,HIGH,100,0.51,2.37,gemstone
healing jewelry,expansion,390,HIGH,100,0.47,1.87,gemstone
pink stone earrings,expansion,390,HIGH,100,0.4,1.84,gemstone
amethyst drop earrings,expansion,390,HIGH,100,0.49,2.44,gemstone
amethyst and diamond necklace,expansion,390,HIGH,100,1.02,5.77,gemstone
opal stone necklace,expansion,390,HIGH,100,0.59,2.57,gemstone
garnet and diamond necklace,expansion,390,HIGH,100,1.13,5.0,gemstone
lab sapphire ring,expansion,390,HIGH,100,0.92,3.45,gemstone
garnet stone necklace,expansion,390,HIGH,100,0.72,3.32,gemstone
blue topaz tennis bracelet,expansion,390,HIGH,100,0.97,3.57,gemstone
peridot pendant necklace,expansion,390,HIGH,100,0.72,3.42,gemstone
sapphire halo engagement ring,expansion,390,HIGH,100,1.29,4.8,gemstone
men's aquamarine ring,expansion,390,HIGH,100,0.55,1.85,gemstone
real moonstone necklace,expansion,390,HIGH,100,0.38,1.43,gemstone
amethyst diamond necklace,expansion,390,HIGH,100,1.02,5.77,gemstone
lavender sapphire engagement ring,expansion,390,HIGH,100,1.02,3.42,gemstone
garnet promise ring,expansion,390,HIGH,100,0.86,2.73,gemstone
green stone bracelet,expansion,390,HIGH,100,0.58,1.96,gemstone
cushion cut sapphire ring,expansion,390,HIGH,100,0.82,2.96,gemstone
green sapphire necklace,expansion,390,HIGH,100,0.73,2.9,gemstone
created sapphire ring,expansion,390,HIGH,100,0.76,2.53,gemstone
natural opal jewelry,expansion,390,HIGH,100,0.43,2.13,gemstone
princess cut sapphire ring,expansion,390,HIGH,100,0.91,4.73,gemstone
blue sapphire necklace gold,expansion,390,HIGH,100,0.82,4.81,gemstone
peridot stackable ring,expansion,390,HIGH,100,0.81,2.75,gemstone
garnet ring white gold,expansion,390,HIGH,100,0.73,4.15,gemstone
ruby stone necklace,expansion,390,HIGH,100,1.0,4.99,gemstone
sapphire stone ring,expansion,390,HIGH,100,0.66,2.83,gemstone
princess cut emerald ring,expansion,390,HIGH,100,1.07,3.09,gemstone
green onyx ring,expansion,390,HIGH,100,0.38,1.47,gemstone
emerald green ring gold,expansion,390,HIGH,100,0.87,3.75,gemstone
natural ruby jewelry,expansion,390,HIGH,100,0.82,3.92,gemstone
aventurine necklace,expansion,390,HIGH,100,0.35,1.14,gemstone
black rutilated quartz engagement ring,expansion,390,HIGH,100,0.79,3.74,gemstone
gemstone tennis bracelet,expansion,390,HIGH,100,1.1,3.85,gemstone
garnet heart ring,expansion,390,HIGH,100,0.48,2.75,gemstone
amethyst stone necklace,expansion,390,HIGH,100,0.49,2.6,gemstone
jade stone necklace,expansion,390,HIGH,100,0.45,1.52,gemstone
topaz ring gold,expansion,390,HIGH,100,0.49,2.22,gemstone
garnet pendant gold,expansion,390,HIGH,100,0.52,1.91,gemstone
lapis lazuli engagement ring,expansion,390,HIGH,100,0.7,3.26,gemstone
cornflower blue sapphire ring,expansion,390,HIGH,100,0.61,2.71,gemstone
tourmaline pendant,expansion,390,HIGH,100,0.47,2.67,gemstone
4 carat emerald ring,expansion,390,HIGH,100,0.93,3.02,gemstone
pink sapphire rose gold ring,expansion,390,HIGH,100,0.75,2.16,gemstone
kashmir sapphire ring,expansion,390,HIGH,100,0.47,2.46,gemstone
moonstone pendant necklace,expansion,390,HIGH,100,0.55,1.97,gemstone
chakra bracelet stones,expansion,390,HIGH,100,0.25,1.11,gemstone
levian garnet ring,expansion,390,HIGH,100,0.31,1.61,gemstone
blue opal bracelet,expansion,390,HIGH,100,0.45,1.86,gemstone
black stone bracelet,expansion,390,HIGH,100,0.39,2.05,gemstone
mens black onyx necklace,expansion,390,HIGH,100,0.4,1.56,gemstone
emerald cut garnet ring,expansion,390,HIGH,100,0.89,3.62,gemstone
blue gemstone necklace,expansion,390,HIGH,100,0.48,3.0,gemstone
moissanite and sapphire ring,expansion,390,HIGH,100,0.54,1.89,gemstone
lapis pendant,expansion,390,HIGH,100,0.38,1.3,gemstone
turquoise stone bracelet,expansion,390,HIGH,99,0.45,1.12,gemstone
ruby gemstone necklace,expansion,390,HIGH,100,1.0,4.99,gemstone
emerald cut amethyst ring,expansion,390,HIGH,100,0.49,2.82,gemstone
14k gold sapphire ring,expansion,390,HIGH,100,0.58,2.22,gemstone
natural pink sapphire ring,expansion,390,HIGH,100,0.66,1.84,gemstone
amethyst pendant gold,expansion,390,HIGH,100,0.46,2.99,gemstone
protection crystal necklace,expansion,390,HIGH,100,0.43,0.98,gemstone
green opal ring,expansion,390,HIGH,100,0.5,1.98,gemstone
white stone ring,expansion,390,HIGH,100,0.39,1.35,gemstone
blue tourmaline ring,expansion,390,HIGH,100,0.41,1.79,gemstone
garnet and gold ring,expansion,390,HIGH,100,0.56,3.02,gemstone
green moss agate ring,expansion,390,HIGH,100,1.0,2.7,gemstone
jade stone bracelet,expansion,390,HIGH,100,0.49,1.38,gemstone
natural sapphire jewelry,expansion,390,HIGH,100,0.74,3.65,gemstone
green gemstone earrings,expansion,390,HIGH,100,0.57,1.93,gemstone
tanzanite solitaire ring,expansion,390,HIGH,99,0.81,3.29,gemstone
silver ring with blue stone,expansion,390,HIGH,100,0.3,1.74,gemstone
blue apatite bracelet,expansion,390,HIGH,100,0.27,1.25,gemstone
mens garnet bracelet,expansion,390,HIGH,100,0.65,2.35,gemstone
large opal pendant,expansion,390,HIGH,100,0.4,1.81,gemstone
heart stone necklace,expansion,390,HIGH,100,0.51,1.61,gemstone
rhodonite necklace,expansion,390,HIGH,100,0.3,1.0,gemstone
14k gold garnet ring,expansion,390,HIGH,100,0.41,2.05,gemstone
marquise cut emerald ring,expansion,390,HIGH,100,0.96,3.74,gemstone
amethyst silver bracelet,expansion,390,HIGH,100,0.49,1.69,gemstone
tanzanite bracelet gold,expansion,390,HIGH,100,0.56,2.98,gemstone
blue topaz silver ring,expansion,390,HIGH,100,0.42,2.14,gemstone
yellow gold amethyst ring,expansion,390,HIGH,100,0.52,3.83,gemstone
large citrine ring,expansion,390,HIGH,100,0.35,1.46,gemstone
moissanite sapphire ring,expansion,390,HIGH,100,0.54,1.89,gemstone
sapphire and diamond ring white gold,expansion,390,HIGH,100,0.59,2.76,gemstone
sapphire ring with diamond halo,expansion,390,HIGH,100,1.18,4.77,gemstone
green emerald ring gold,expansion,390,HIGH,100,0.87,3.75,gemstone
purple stone jewelry,expansion,390,HIGH,100,0.36,1.34,gemstone
mens garnet necklace,expansion,390,HIGH,100,0.54,1.78,gemstone
precious stone bracelet,expansion,390,HIGH,100,0.45,1.78,gemstone
labradorite wedding ring,expansion,390,HIGH,100,0.61,1.57,gemstone
gold opal engagement ring,expansion,390,HIGH,100,0.86,3.23,gemstone
sapphire and topaz ring,expansion,390,HIGH,100,0.65,2.75,gemstone
red gemstone necklace,expansion,390,HIGH,100,0.51,2.01,gemstone
garnet and aquamarine ring,expansion,390,HIGH,100,0.75,3.09,gemstone
natural stone beads for jewelry making,expansion,390,HIGH,100,0.4,1.76,gemstone
garnet dangle earrings,expansion,390,HIGH,98,0.44,2.28,gemstone
signet ring with stone,expansion,390,HIGH,100,0.45,2.24,gemstone
citrine silver ring,expansion,390,HIGH,100,0.4,1.32,gemstone
larimar stone ring,expansion,390,HIGH,100,0.32,1.07,gemstone
cabochon emerald ring,expansion,390,HIGH,100,0.49,2.04,gemstone
opal jewellery near me,expansion,390,HIGH,100,0.72,4.05,gemstone
women moss agate ring,expansion,390,HIGH,100,0.86,2.67,gemstone
sapphire gemstone ring,expansion,390,HIGH,100,1.07,4.05,gemstone
pearl and amethyst ring,expansion,390,HIGH,100,0.49,1.78,gemstone
topaz and citrine ring,expansion,390,HIGH,100,0.52,2.21,gemstone
handmade gemstone jewelry,expansion,390,HIGH,100,0.51,1.65,gemstone
white stone jewelry,expansion,390,HIGH,99,0.67,4.41,gemstone
tigers eye crystal bracelet,expansion,390,HIGH,100,0.43,1.86,gemstone
gemstone cluster ring,expansion,390,HIGH,100,0.59,2.6,gemstone
natural star sapphire ring,expansion,390,HIGH,100,0.31,1.63,gemstone
mexican fire opal necklace,expansion,390,HIGH,100,0.26,1.22,gemstone
blue goldstone ring,expansion,390,HIGH,100,0.39,1.75,gemstone
natural gemstone beads for jewelry making,expansion,390,HIGH,100,0.4,1.76,gemstone
colorful stone necklace,expansion,390,HIGH,100,0.37,1.76,gemstone
fire agate ring,expansion,390,HIGH,99,0.28,1.11,gemstone
blue chalcedony ring,expansion,390,HIGH,98,0.17,0.87,gemstone
green malachite ring,expansion,390,HIGH,87,0.38,1.71,gemstone
antique blue sapphire ring,expansion,390,HIGH,100,0.38,1.25,gemstone
turquoise and opal ring,expansion,390,HIGH,100,0.42,2.01,gemstone
men amethyst ring,expansion,390,HIGH,100,0.38,1.41,gemstone
multicolor stone earrings,expansion,390,HIGH,90,0.45,1.45,gemstone
turquoise opal ring,expansion,390,HIGH,100,0.42,2.01,gemstone
raw ruby jewelry,expansion,390,HIGH,100,0.4,1.78,gemstone
purple star sapphire ring,expansion,390,HIGH,100,0.2,1.14,gemstone
diamond gemstone ring,expansion,390,HIGH,100,1.17,4.82,gemstone
emerald necklace natural,expansion,390,HIGH,100,1.04,5.09,gemstone
natural zircon jewelry,expansion,390,HIGH,100,0.35,1.6,gemstone
ruby necklace natural,expansion,390,HIGH,100,0.81,4.6,gemstone
ring white stone,expansion,390,HIGH,100,0.39,1.35,gemstone
stones in chakra bracelet,expansion,390,HIGH,100,0.25,1.11,gemstone
mothers ring 1 stone,expansion,390,HIGH,100,0.35,2.41,birthstone
birthstone earrings for mom,expansion,390,HIGH,100,0.77,4.4,birthstone
september birthstone earrings,expansion,390,HIGH,100,0.54,1.86,birthstone
january birthstone earrings,expansion,390,HIGH,100,0.43,2.13,birthstone
february birthstone earrings,expansion,390,HIGH,100,0.47,1.67,birthstone
september birthstone bracelet,expansion,390,HIGH,100,0.89,2.89,birthstone
london blue topaz bracelet,expansion,390,HIGH,100,0.69,3.06,birthstone
initial and birthstone bracelet,expansion,390,HIGH,100,0.95,3.53,birthstone
december birthstone engagement ring,expansion,390,HIGH,100,0.91,3.15,birthstone
white gold birthstone necklace,expansion,390,HIGH,100,1.26,6.41,birthstone
2 stone birthstone necklace,expansion,390,HIGH,100,1.1,3.89,birthstone
mother's day jewelry birthstone,expansion,390,HIGH,83,1.53,5.07,birthstone
haverhill birthstone necklace,expansion,390,HIGH,100,2.17,4.51,birthstone
two birthstone jewelry,expansion,390,HIGH,100,1.1,3.89,birthstone
white gold birthstone bracelet,expansion,390,HIGH,100,1.26,6.41,birthstone
birthstone initial bracelet,expansion,390,HIGH,100,0.95,3.53,birthstone
mother daughter birthstone bracelet,expansion,390,HIGH,100,0.65,3.31,birthstone
mother and daughter birthstone necklace,expansion,390,HIGH,99,0.87,3.72,birthstone
december birthstone ring gold,expansion,390,HIGH,100,0.41,1.6,birthstone
birthstone cuff bracelet,expansion,390,HIGH,100,0.71,2.23,birthstone
one stone mothers ring,expansion,390,HIGH,100,0.35,2.41,birthstone
mom and daughter birthstone necklace,expansion,390,HIGH,99,0.87,3.72,birthstone
birthstone bracelet with initial,expansion,390,HIGH,100,0.95,3.53,birthstone
mom daughter birthstone necklace,expansion,390,HIGH,99,0.87,3.72,birthstone
august jewellery,expansion,390,HIGH,99,0.79,6.12,birthstone
feb birthstone earrings,expansion,390,HIGH,100,0.47,1.67,birthstone
birthstone white gold necklace,expansion,390,HIGH,100,1.26,6.41,birthstone
gold ring with december birthstone,expansion,390,HIGH,100,0.41,1.6,birthstone
vintage blue topaz earrings,expansion,390,HIGH,78,0.0,0.0,birthstone
birthstone mother daughter necklace,expansion,390,HIGH,99,0.87,3.72,birthstone
sept birthstone earrings,expansion,390,HIGH,100,0.54,1.86,birthstone
tiger bracelet,expansion,390,HIGH,100,0.43,2.53,warm_stones
carnelian crystal necklace,expansion,390,HIGH,100,0.4,1.15,warm_stones
red tiger eye bracelet,expansion,390,HIGH,100,0.32,1.31,warm_stones
david yurman citrine pendant,expansion,390,HIGH,100,0.22,2.56,warm_stones
tiger jewellery,expansion,390,HIGH,100,0.28,2.16,warm_stones
men's citrine bracelet,expansion,390,HIGH,100,0.48,1.62,warm_stones
citrine crystal earrings,expansion,390,HIGH,82,0.24,1.3,warm_stones
gold ring with citrine stone,expansion,390,HIGH,100,0.58,1.77,warm_stones
tiger eye bracelet women's,expansion,390,HIGH,100,0.39,1.48,warm_stones
blue tigers eye necklace,expansion,390,HIGH,100,0.37,0.87,warm_stones
citrine topaz ring,expansion,390,HIGH,100,0.52,2.21,warm_stones
tigers eye stud earrings,expansion,390,HIGH,100,0.23,1.03,warm_stones
citrine and silver ring,expansion,390,HIGH,100,0.4,1.32,warm_stones
judith ripka citrine ring,expansion,390,HIGH,96,0.1,0.85,warm_stones
tiger eye bracelet for women,expansion,390,HIGH,100,0.39,1.48,warm_stones
citrine cluster ring,expansion,390,HIGH,76,0.0,0.0,warm_stones
antique citrine earrings,expansion,390,MEDIUM,54,0.0,0.0,warm_stones
gold ring citrine stone,expansion,390,HIGH,100,0.58,1.77,warm_stones
carnelian silver ring,expansion,390,HIGH,82,0.27,1.27,warm_stones
bracelet tiger,expansion,390,HIGH,100,0.43,2.53,warm_stones
carnelian ring silver,expansion,390,HIGH,82,0.27,1.27,warm_stones
judith ripka citrine earrings,expansion,390,MEDIUM,60,0.28,0.46,warm_stones
antique carnelian bead necklace,expansion,390,HIGH,73,0.0,0.0,warm_stones
big citrine ring,expansion,390,HIGH,100,0.35,1.46,warm_stones
bracelet with tiger,expansion,390,HIGH,100,0.43,2.53,warm_stones
carnelian chip necklace,expansion,390,HIGH,70,0.0,0.0,warm_stones
carnelian ring sterling silver,expansion,390,HIGH,97,0.21,1.1,warm_stones
crystal carnelian necklace,expansion,390,HIGH,100,0.4,1.15,warm_stones
david yurman petite albion ring citrine,expansion,390,HIGH,88,0.0,0.0,warm_stones
jade and citrine bracelet,expansion,390,HIGH,99,0.0,0.0,warm_stones
lemon citrine jewelry,expansion,390,HIGH,80,0.0,0.0,warm_stones
sterling silver carnelian bracelet,expansion,390,MEDIUM,52,0.0,0.0,warm_stones
sterling silver carnelian ring,expansion,390,HIGH,97,0.21,1.1,warm_stones
tiger eye chip bracelet,expansion,390,MEDIUM,48,0.0,0.0,warm_stones
tiger eye red bracelet,expansion,390,HIGH,100,0.32,1.31,warm_stones
women tigers eye bracelet,expansion,390,HIGH,100,0.39,1.48,warm_stones
amber pendant necklace,amber_core,320,HIGH,100,0.3,1.18,amber_general
amber stud earrings,amber_core,320,HIGH,100,0.33,1.05,amber_general
amber ring silver,amber_core,320,HIGH,100,0.17,1.06,amber_general
blue topaz tennis necklace,amber_core,320,HIGH,100,0.6,2.38,amber_general
amber wedding ring,amber_core,320,HIGH,99,0.49,2.89,amber_general
green amber jewelry,amber_core,320,HIGH,100,0.28,1.33,amber_general
amber silver necklace,amber_core,320,HIGH,100,0.3,1.05,amber_general
amber earrings gold,amber_core,320,HIGH,100,0.42,1.5,amber_general
amber and gold earrings,amber_core,320,HIGH,100,0.42,1.5,amber_general
amber and silver necklace,amber_core,320,HIGH,100,0.3,1.05,amber_general
women's amber necklace,amber_core,320,HIGH,100,0.28,1.17,amber_general
amber gold earrings,amber_core,320,HIGH,100,0.42,1.5,amber_general
antique amber necklace,amber_core,320,HIGH,100,0.08,0.44,amber_general
amber wedding band,amber_core,320,HIGH,99,0.49,2.89,amber_general
amber and silver ring,amber_core,320,HIGH,100,0.17,1.06,amber_general
amber cross pendant,amber_core,320,HIGH,68,0.37,1.26,amber_general
amber necklace women's,amber_core,320,HIGH,100,0.28,1.17,amber_general
sterling silver amber earrings,amber_core,320,HIGH,97,0.22,0.96,amber_general
antique amber beads,amber_core,320,HIGH,100,0.08,0.44,amber_general
amber and sterling silver earrings,amber_core,320,HIGH,97,0.22,0.96,amber_general
amber chip necklace,amber_core,320,HIGH,97,0.27,0.63,amber_general
amber flower ring,amber_core,320,MEDIUM,59,0.0,0.0,amber_general
amber nature,amber_core,320,HIGH,99,0.49,3.89,amber_general
antique amber ring,amber_core,320,HIGH,70,0.0,0.0,amber_general
butterscotch baltic amber,amber_core,320,HIGH,81,0.0,0.0,amber_general
dominican blue amber jewelry,amber_core,320,HIGH,75,0.28,0.7,amber_general
ladies amber necklace,amber_core,320,HIGH,100,0.28,1.17,amber_general
raw amber jewelry,amber_core,320,HIGH,88,0.0,0.0,amber_general
silver ring with amber,amber_core,320,HIGH,100,0.17,1.06,amber_general
stud amber earrings,amber_core,320,HIGH,100,0.33,1.05,amber_general
amber bangle,amber_core,320,HIGH,100,0.31,0.39,amber_types
green amber jewellery,amber_core,320,HIGH,100,0.28,1.33,amber_types
bangle amber,amber_core,320,HIGH,100,0.31,0.39,amber_types
white amber beads,amber_core,320,LOW,22,0.0,0.0,amber_types
honey amber,amber_core,320,LOW,4,0.0,0.0,amber_colors
baltic butterscotch amber,amber_core,320,HIGH,81,0.0,0.0,amber_colors
sapphire bracelet white gold,expansion,320,HIGH,100,0.87,2.93,gemstone
sapphire and diamond eternity ring,expansion,320,HIGH,99,1.01,4.05,gemstone
sapphire necklace and earring set,expansion,320,HIGH,100,0.76,3.36,gemstone
natural ruby earrings,expansion,320,HIGH,100,0.82,4.04,gemstone
emerald moissanite ring,expansion,320,HIGH,100,0.76,2.31,gemstone
gem stone engagement ring,expansion,320,HIGH,100,0.91,3.11,gemstone
dual birthstone necklace,expansion,320,HIGH,100,1.45,6.42,gemstone
morganite necklace rose gold,expansion,320,HIGH,100,0.78,4.81,gemstone
peach sapphire ring,expansion,320,HIGH,100,0.61,2.31,gemstone
emerald stone necklace,expansion,320,HIGH,100,0.8,3.18,gemstone
natural opal necklace,expansion,320,HIGH,100,0.67,2.6,gemstone
family tree birthstone necklace,expansion,320,HIGH,100,0.78,3.42,gemstone
pink sapphire tennis necklace,expansion,320,HIGH,100,0.96,3.85,gemstone
peridot birthstone necklace,expansion,320,HIGH,99,0.99,4.88,gemstone
amethyst birthstone necklace,expansion,320,HIGH,100,0.73,4.25,gemstone
david yurman sapphire bracelet,expansion,320,HIGH,100,0.7,3.55,gemstone
natural sapphire necklace,expansion,320,HIGH,100,0.98,4.34,gemstone
morganite and diamond ring,expansion,320,HIGH,100,0.83,3.0,gemstone
emerald pendant necklace gold,expansion,320,HIGH,100,1.17,6.53,gemstone
purple stone necklace,expansion,320,HIGH,100,0.44,1.88,gemstone
rainbow sapphire tennis bracelet,expansion,320,HIGH,100,0.64,2.71,gemstone
peridot stone necklace,expansion,320,HIGH,100,0.63,2.77,gemstone
white sapphire bracelet,expansion,320,HIGH,100,0.61,2.33,gemstone
real emerald bracelet,expansion,320,HIGH,100,0.6,2.38,gemstone
sapphire and diamond ring yellow gold,expansion,320,HIGH,100,0.94,3.25,gemstone
natural blue sapphire ring,expansion,320,HIGH,100,0.88,2.96,gemstone
blue sapphire pendant necklace,expansion,320,HIGH,100,0.89,5.84,gemstone
amethyst heart ring,expansion,320,HIGH,100,0.46,1.99,gemstone
topaz birthstone necklace,expansion,320,HIGH,100,0.7,4.12,gemstone
square emerald ring,expansion,320,HIGH,100,0.82,2.92,gemstone
natural emerald jewelry,expansion,320,HIGH,100,0.84,4.03,gemstone
levian blue topaz ring,expansion,320,HIGH,100,0.35,1.64,gemstone
large sapphire ring,expansion,320,HIGH,100,0.56,2.58,gemstone
3 carat sapphire ring,expansion,320,HIGH,100,0.76,2.36,gemstone
yellow topaz engagement ring,expansion,320,HIGH,100,0.73,2.5,gemstone
white stone necklace,expansion,320,HIGH,100,0.35,1.72,gemstone
parti sapphire ring,expansion,320,HIGH,100,0.52,2.26,gemstone
amethyst hoop earrings,expansion,320,HIGH,100,0.44,2.0,gemstone
blue sapphire eternity ring,expansion,320,HIGH,100,0.9,4.07,gemstone
pink topaz necklace,expansion,320,HIGH,100,0.6,2.84,gemstone
effy sapphire ring,expansion,320,HIGH,100,0.17,0.93,gemstone
colombian emerald necklace,expansion,320,HIGH,100,0.68,3.96,gemstone
morganite diamond ring,expansion,320,HIGH,100,0.83,3.0,gemstone
pear shaped opal ring,expansion,320,HIGH,100,0.61,2.64,gemstone
purple stone engagement ring,expansion,320,HIGH,100,1.16,3.75,gemstone
rainbow gemstone ring,expansion,320,HIGH,100,0.47,2.07,gemstone
tanzanite necklace gold,expansion,320,HIGH,100,0.71,5.33,gemstone
aquamarine band ring,expansion,320,HIGH,100,0.52,1.94,gemstone
rainbow moonstone necklace,expansion,320,HIGH,100,0.43,1.43,gemstone
mystic topaz necklace,expansion,320,HIGH,100,0.34,1.33,gemstone
raw emerald ring,expansion,320,HIGH,100,0.42,1.47,gemstone
pear emerald ring,expansion,320,HIGH,100,1.34,6.0,gemstone
red stone earrings,expansion,320,HIGH,100,0.32,1.38,gemstone
green tourmaline necklace,expansion,320,HIGH,100,0.54,2.02,gemstone
rose gold garnet ring,expansion,320,HIGH,100,0.68,2.97,gemstone
amethyst cocktail ring,expansion,320,HIGH,100,0.52,3.17,gemstone
real aquamarine ring,expansion,320,HIGH,98,0.5,2.13,gemstone
real opal bracelet,expansion,320,HIGH,100,0.49,1.79,gemstone
pink gemstone earrings,expansion,320,HIGH,100,0.45,2.26,gemstone
blue lapis necklace,expansion,320,HIGH,100,0.35,1.55,gemstone
mystic topaz engagement ring,expansion,320,HIGH,100,0.53,3.1,gemstone
santa maria aquamarine ring,expansion,320,HIGH,100,0.49,1.92,gemstone
pink opal bracelet,expansion,320,HIGH,100,0.43,1.54,gemstone
emerald bracelet silver,expansion,320,HIGH,100,0.73,2.69,gemstone
sapphire diamond eternity ring,expansion,320,HIGH,99,1.01,4.05,gemstone
gemstone tennis necklace,expansion,320,HIGH,100,0.82,2.94,gemstone
aquamarine tennis necklace,expansion,320,HIGH,100,1.19,4.49,gemstone
black opal bracelet,expansion,320,HIGH,100,0.37,1.73,gemstone
onyx stone ring,expansion,320,HIGH,100,0.4,2.39,gemstone
pink amethyst ring,expansion,320,HIGH,100,0.44,2.28,gemstone
yellow stone necklace,expansion,320,HIGH,100,0.38,1.57,gemstone
pink quartz ring,expansion,320,HIGH,100,0.43,1.58,gemstone
colombian emerald engagement ring,expansion,320,HIGH,100,0.84,3.91,gemstone
garnet stacking ring,expansion,320,HIGH,100,0.49,1.94,gemstone
blue sapphire white gold ring,expansion,320,HIGH,100,0.58,3.06,gemstone
garnet and diamond engagement ring,expansion,320,HIGH,100,0.98,2.82,gemstone
natural stone earrings,expansion,320,HIGH,100,0.37,1.2,gemstone
june birthstone ring alexandrite,expansion,320,HIGH,100,0.45,2.21,gemstone
emerald and ruby necklace,expansion,320,HIGH,100,1.1,7.86,gemstone
opal and sapphire necklace,expansion,320,HIGH,100,0.73,3.63,gemstone
garnet stackable ring,expansion,320,HIGH,100,0.49,1.94,gemstone
oval opal ring,expansion,320,HIGH,100,0.53,2.78,gemstone
citrine eternity ring,expansion,320,HIGH,100,0.7,3.06,gemstone
black stone ring womens,expansion,320,HIGH,100,0.36,1.41,gemstone
peridot cross necklace,expansion,320,HIGH,100,0.45,1.62,gemstone
oval aquamarine ring,expansion,320,HIGH,100,0.68,4.56,gemstone
sapphire and diamond cluster ring,expansion,320,HIGH,100,0.3,4.31,gemstone
blue sapphire and diamond engagement ring,expansion,320,HIGH,100,0.88,3.83,gemstone
yellow stone jewelry,expansion,320,HIGH,100,0.37,1.75,gemstone
kunzite bracelet,expansion,320,HIGH,100,0.32,1.36,gemstone
antique amethyst ring,expansion,320,HIGH,100,0.32,1.31,gemstone
jet stone jewelry,expansion,320,HIGH,100,0.32,2.68,gemstone
amethyst stone bracelet,expansion,320,HIGH,100,0.46,2.75,gemstone
emerald cut pink sapphire ring,expansion,320,HIGH,100,0.67,2.43,gemstone
rose gold alexandrite ring,expansion,320,HIGH,100,0.94,3.0,gemstone
amethyst tennis necklace,expansion,320,HIGH,100,0.56,2.83,gemstone
gemstone eternity ring,expansion,320,HIGH,100,0.91,3.41,gemstone
emerald ring price,expansion,320,HIGH,100,0.73,2.62,gemstone
natural opal pendant,expansion,320,HIGH,100,0.67,2.6,gemstone
purple opal ring,expansion,320,HIGH,100,0.36,1.45,gemstone
emerald cut peridot ring,expansion,320,HIGH,100,0.52,2.53,gemstone
dinosaur bone jewelry,expansion,320,HIGH,100,0.52,1.62,gemstone
large amethyst ring,expansion,320,HIGH,100,0.36,1.66,gemstone
green agate ring,expansion,320,HIGH,100,0.43,1.97,gemstone
garnet signet ring,expansion,320,HIGH,100,0.41,1.52,gemstone
princess diana blue sapphire ring,expansion,320,HIGH,100,0.36,5.2,gemstone
white sapphire wedding ring sets,expansion,320,HIGH,100,0.48,1.74,gemstone
real citrine bracelet,expansion,320,HIGH,100,0.41,1.6,gemstone
iolite necklace,expansion,320,HIGH,99,0.38,1.6,gemstone
yellow sapphire and diamond ring,expansion,320,HIGH,100,0.64,3.34,gemstone
amazonite pendant,expansion,320,HIGH,100,0.35,1.36,gemstone
rectangle emerald ring,expansion,320,HIGH,100,0.74,3.32,gemstone
emerald and moissanite ring,expansion,320,HIGH,100,0.76,2.31,gemstone
bloodstone pendant,expansion,320,HIGH,100,0.33,1.25,gemstone
orange stone necklace,expansion,320,HIGH,100,0.47,2.29,gemstone
blue moonstone ring,expansion,320,HIGH,100,0.4,1.2,gemstone
blue fire opal ring,expansion,320,HIGH,100,0.31,1.26,gemstone
larimar engagement ring,expansion,320,HIGH,100,0.64,3.14,gemstone
ruby emerald necklace,expansion,320,HIGH,100,1.1,7.86,gemstone
agate stone ring,expansion,320,HIGH,100,0.41,1.9,gemstone
ethiopian opal bracelet,expansion,320,HIGH,100,0.34,1.59,gemstone
heart sapphire ring,expansion,320,HIGH,100,0.56,3.07,gemstone
ammolite pendant,expansion,320,HIGH,100,0.3,1.2,gemstone
gold ring with amethyst stone,expansion,320,HIGH,100,0.44,2.84,gemstone
black amethyst ring,expansion,320,HIGH,100,0.45,1.44,gemstone
cabochons for jewelry making,expansion,320,HIGH,100,0.35,1.46,gemstone
white sapphire gold ring,expansion,320,HIGH,100,0.53,2.07,gemstone
vintage garnet necklace,expansion,320,HIGH,100,0.2,1.15,gemstone
grey spinel ring,expansion,320,HIGH,100,0.47,1.99,gemstone
multicolor sapphire ring,expansion,320,HIGH,100,0.46,2.04,gemstone
alexandrite and sapphire ring,expansion,320,HIGH,100,0.63,2.48,gemstone
gemstone signet ring,expansion,320,HIGH,100,0.51,2.46,gemstone
aquamarine bead bracelet,expansion,320,HIGH,100,0.44,2.06,gemstone
14k gold peridot ring,expansion,320,HIGH,100,0.63,2.44,gemstone
lapis lazuli wedding ring,expansion,320,HIGH,100,0.69,2.36,gemstone
pink star sapphire ring,expansion,320,HIGH,100,0.27,1.48,gemstone
multicolor stone necklace,expansion,320,HIGH,100,0.34,1.45,gemstone
citrine and peridot ring,expansion,320,HIGH,100,0.56,2.47,gemstone
emerald cut citrine ring,expansion,320,HIGH,100,0.46,1.97,gemstone
aquamarine cluster ring,expansion,320,HIGH,100,0.0,0.0,gemstone
smoky quartz ring gold,expansion,320,HIGH,100,0.41,1.65,gemstone
brown topaz ring,expansion,320,HIGH,100,0.29,0.93,gemstone
tiger eye stone necklace,expansion,320,HIGH,100,0.31,0.95,gemstone
tourmaline wedding ring,expansion,320,HIGH,100,0.6,2.39,gemstone
cabochon sapphire ring,expansion,320,HIGH,100,0.47,2.58,gemstone
14k gold citrine ring,expansion,320,HIGH,100,0.53,2.25,gemstone
opal and topaz ring,expansion,320,HIGH,100,0.47,1.74,gemstone
tigers eye crystal necklace,expansion,320,HIGH,100,0.37,1.02,gemstone
yellow sapphire ring for women,expansion,320,HIGH,100,0.57,2.49,gemstone
marquise stone ring,expansion,320,HIGH,100,0.76,2.89,gemstone
gemstone choker necklace,expansion,320,HIGH,100,0.41,1.45,gemstone
carnelian stone necklace,expansion,320,HIGH,100,0.36,1.29,gemstone
black stone pendant,expansion,320,HIGH,89,0.33,1.05,gemstone
opal crystal necklace,expansion,320,HIGH,100,0.33,1.12,gemstone
black stone ring ladies,expansion,320,HIGH,100,0.36,1.41,gemstone
emerald ring cost,expansion,320,HIGH,100,0.73,2.62,gemstone
alexandrite and emerald ring,expansion,320,HIGH,100,0.79,2.57,gemstone
stone cross necklace,expansion,320,HIGH,100,0.33,1.3,gemstone
opal and moonstone ring,expansion,320,HIGH,100,0.51,1.55,gemstone
red gemstone ring,expansion,320,HIGH,100,0.6,3.57,gemstone
black sapphire and diamond ring,expansion,320,HIGH,100,1.0,2.43,gemstone
pearl and peridot ring,expansion,320,HIGH,100,0.47,1.87,gemstone
yellow sapphire diamond ring,expansion,320,HIGH,100,0.64,3.34,gemstone
sunstone pendant,expansion,320,HIGH,100,0.32,1.15,gemstone
tiger eye stone ring,expansion,320,HIGH,100,0.38,1.86,gemstone
musgravite ring,expansion,320,HIGH,100,0.63,1.81,gemstone
bracelet kunzite,expansion,320,HIGH,100,0.32,1.36,gemstone
amethyst and rose quartz bracelet,expansion,320,HIGH,100,0.37,1.56,gemstone
marquise gemstone ring,expansion,320,HIGH,100,0.76,2.89,gemstone
citrine and emerald ring,expansion,320,HIGH,100,0.61,2.87,gemstone
garnet flower ring,expansion,320,HIGH,100,0.45,1.29,gemstone
big sapphire ring,expansion,320,HIGH,100,0.56,2.58,gemstone
crystal opal ring,expansion,320,HIGH,100,0.37,1.08,gemstone
boulder opal jewellery,expansion,320,HIGH,100,0.34,1.67,gemstone
big stone necklace,expansion,320,HIGH,100,0.34,1.09,gemstone
large stone necklace,expansion,320,HIGH,100,0.34,1.09,gemstone
rhodonite earrings,expansion,320,HIGH,94,0.22,1.49,gemstone
gray spinel ring,expansion,320,HIGH,100,0.47,1.99,gemstone
silver gemstone earrings,expansion,320,HIGH,100,0.37,1.37,gemstone
alexandrite and opal ring,expansion,320,HIGH,100,0.75,2.38,gemstone
marble jewelry,expansion,320,HIGH,99,0.32,1.27,gemstone
amethyst cluster ring,expansion,320,HIGH,100,0.0,0.0,gemstone
amazonite crystal bracelet,expansion,320,HIGH,100,0.23,1.01,gemstone
white agate bracelet,expansion,320,HIGH,100,0.21,1.81,gemstone
garnet cabochon ring,expansion,320,HIGH,100,0.35,2.82,gemstone
gold stone jewelry,expansion,320,HIGH,97,0.56,3.26,gemstone
blue chalcedony bracelet,expansion,320,HIGH,100,0.27,0.91,gemstone
james avery blue topaz ring,expansion,320,HIGH,92,0.05,1.16,gemstone
real crystals jewelry,expansion,320,HIGH,99,0.49,1.41,gemstone
women yellow sapphire ring,expansion,320,HIGH,100,0.57,2.49,gemstone
blue aventurine bracelet,expansion,320,HIGH,100,0.31,1.14,gemstone
seraphinite ring,expansion,320,HIGH,95,0.29,0.87,gemstone
ruby earrings natural,expansion,320,HIGH,100,0.82,4.04,gemstone
star garnet ring,expansion,320,HIGH,100,0.3,1.5,gemstone
star sapphire ring gold,expansion,320,HIGH,100,0.44,1.64,gemstone
nephrite jade pendant,expansion,320,HIGH,100,0.41,1.0,gemstone
earrings with natural stones,expansion,320,HIGH,100,0.37,1.2,gemstone
earrings natural stone,expansion,320,HIGH,100,0.37,1.2,gemstone
fossil coral jewelry,expansion,320,MEDIUM,44,0.0,0.0,gemstone
fossil coral necklace,expansion,320,MEDIUM,45,0.0,0.0,gemstone
fossil coral pendant,expansion,320,MEDIUM,45,0.0,0.0,gemstone
opal necklace natural,expansion,320,HIGH,100,0.67,2.6,gemstone
sapphire necklace natural,expansion,320,HIGH,100,0.98,4.34,gemstone
birthstone anklet,expansion,320,HIGH,100,0.6,2.05,birthstone
3 birthstone bracelet,expansion,320,HIGH,100,1.5,6.66,birthstone
jared birthstone necklace,expansion,320,HIGH,100,0.41,2.44,birthstone
july birthstone earrings,expansion,320,HIGH,100,0.47,2.29,birthstone
5 birthstone necklace,expansion,320,HIGH,100,1.19,6.11,birthstone
infinity birthstone necklace,expansion,320,HIGH,100,0.97,3.71,birthstone
mothers ring 8 stones,expansion,320,HIGH,100,0.39,2.34,birthstone
january birthstone bracelet,expansion,320,HIGH,100,0.55,2.52,birthstone
february birthstone bracelet,expansion,320,HIGH,100,0.83,3.61,birthstone
july birthstone bracelet,expansion,320,HIGH,100,0.7,3.0,birthstone
diamond birthstone necklace,expansion,320,HIGH,99,0.97,5.2,birthstone
birthstone claddagh ring,expansion,320,HIGH,100,0.59,3.53,birthstone
family birthstone necklace for mom,expansion,320,HIGH,100,1.17,3.7,birthstone
rose gold birthstone ring,expansion,320,HIGH,100,0.76,3.38,birthstone
pearl birthstone necklace,expansion,320,HIGH,100,0.97,4.1,birthstone
blue topaz earrings gold,expansion,320,HIGH,100,0.58,3.29,birthstone
topaz birthstone ring,expansion,320,HIGH,100,0.43,2.26,birthstone
infinity birthstone ring,expansion,320,HIGH,100,0.86,3.33,birthstone
personalized birthstone necklace for grandma,expansion,320,HIGH,100,0.59,2.91,birthstone
5 stone birthstone necklace,expansion,320,HIGH,100,1.19,6.11,birthstone
heart birthstone ring,expansion,320,HIGH,100,0.76,2.59,birthstone
birthstone name ring,expansion,320,HIGH,100,0.66,2.5,birthstone
blue topaz bracelet gold,expansion,320,HIGH,100,0.76,2.76,birthstone
jewlr birthstone ring,expansion,320,HIGH,67,1.05,4.23,birthstone
birthstone necklace 5 stones,expansion,320,HIGH,100,1.19,6.11,birthstone
birthstone jewelry for mom personalized,expansion,320,HIGH,85,1.98,11.74,birthstone
blue topaz gold bracelet,expansion,320,HIGH,100,0.76,2.76,birthstone
necklace with 5 birthstones,expansion,320,HIGH,100,1.19,6.11,birthstone
mother's family birthstone necklace,expansion,320,HIGH,100,1.17,3.7,birthstone
topaz necklace birthstone,expansion,320,HIGH,100,0.7,4.12,birthstone
topaz birthstone bracelet,expansion,320,HIGH,100,0.7,4.12,birthstone
june birthstone jewelry alexandrite,expansion,320,HIGH,100,0.45,2.21,birthstone
single birthstone necklace,expansion,320,HIGH,100,0.66,3.3,birthstone
birthstone and diamond necklace,expansion,320,HIGH,99,0.97,5.2,birthstone
elisa birthstone pendant necklace,expansion,320,HIGH,84,0.0,0.0,birthstone
birthstone necklace peridot,expansion,320,HIGH,99,0.99,4.88,birthstone
blue topaz and gold earrings,expansion,320,HIGH,100,0.58,3.29,birthstone
mejuri birthstone necklace,expansion,320,HIGH,94,0.21,2.69,birthstone
family tree pendant with birthstones,expansion,320,HIGH,100,0.78,3.42,birthstone
birthstone ring for girlfriend,expansion,320,HIGH,99,0.32,1.45,birthstone
birthstone pinky ring,expansion,320,HIGH,100,0.53,2.12,birthstone
birthstone necklace amethyst,expansion,320,HIGH,100,0.73,4.25,birthstone
birthstone topaz necklace,expansion,320,HIGH,100,0.7,4.12,birthstone
heart ring with birthstones,expansion,320,HIGH,100,0.76,2.59,birthstone
diamond and birthstone necklace,expansion,320,HIGH,99,0.97,5.2,birthstone
family birthstone tree necklace,expansion,320,HIGH,100,0.78,3.42,birthstone
rose gold ring with birthstones,expansion,320,HIGH,100,0.76,3.38,birthstone
kendra scott elisa birthstone necklace,expansion,320,LOW,25,1.07,3.87,birthstone
birthstone peridot necklace,expansion,320,HIGH,99,0.99,4.88,birthstone
birthstone amethyst necklace,expansion,320,HIGH,100,0.73,4.25,birthstone
birthstone necklace topaz,expansion,320,HIGH,100,0.7,4.12,birthstone
birthstone stacking ring sterling silver,expansion,320,HIGH,100,0.46,1.41,birthstone
birthstone topaz ring,expansion,320,HIGH,100,0.43,2.26,birthstone
blue topaz ring james avery,expansion,320,HIGH,92,0.05,1.16,birthstone
june alexandrite birthstone ring,expansion,320,HIGH,100,0.45,2.21,birthstone
name ring birthstone,expansion,320,HIGH,100,0.66,2.5,birthstone
david yurman citrine bracelet,expansion,320,HIGH,100,0.6,4.24,warm_stones
citrine ring 14k gold,expansion,320,HIGH,100,0.53,2.25,warm_stones
van cleef tiger eye bracelet,expansion,320,HIGH,100,0.87,6.89,warm_stones
ruby and citrine ring,expansion,320,HIGH,100,0.55,1.94,warm_stones
david yurman bracelet citrine,expansion,320,HIGH,100,0.6,4.24,warm_stones
zales citrine ring,expansion,320,HIGH,100,0.02,0.7,warm_stones
emerald and citrine ring,expansion,320,HIGH,100,0.61,2.87,warm_stones
van cleef carnelian bracelet,expansion,320,HIGH,100,0.44,2.29,warm_stones
citrine earrings silver,expansion,320,HIGH,100,0.43,2.0,warm_stones
carnelian stud earrings,expansion,320,HIGH,74,0.45,1.51,warm_stones
genuine citrine bracelet,expansion,320,HIGH,100,0.41,1.6,warm_stones
yellow citrine jewelry,expansion,320,HIGH,90,0.21,1.31,warm_stones
tigers eye pendant necklace,expansion,320,HIGH,100,0.38,1.2,warm_stones
madeira citrine jewelry,expansion,320,HIGH,100,0.12,1.9,warm_stones
van cleef tigers eye bracelet,expansion,320,HIGH,100,0.87,6.89,warm_stones
art deco citrine ring,expansion,320,HIGH,100,0.41,1.73,warm_stones
citrine silver earrings,expansion,320,HIGH,100,0.43,2.0,warm_stones
blue tigers eye pendant,expansion,320,MEDIUM,65,0.36,1.54,warm_stones
tiger eye gold pendant,expansion,320,HIGH,99,0.39,1.65,warm_stones
citrine sunflower ring,expansion,320,HIGH,85,0.0,0.0,warm_stones
emerald citrine ring,expansion,320,HIGH,100,0.61,2.87,warm_stones
citrine and silver earrings,expansion,320,HIGH,100,0.43,2.0,warm_stones
citrine and pyrite bracelet,expansion,320,HIGH,100,0.3,1.1,warm_stones
citrine and tiger eye bracelet,expansion,320,HIGH,100,0.38,1.35,warm_stones
citrine marquise ring,expansion,320,HIGH,100,0.68,1.97,warm_stones
marquise citrine ring,expansion,320,HIGH,100,0.68,1.97,warm_stones
tiger eye pendant gold,expansion,320,HIGH,99,0.39,1.65,warm_stones
gold tiger eye pendant,expansion,320,HIGH,99,0.39,1.65,warm_stones
citrine emerald ring,expansion,320,HIGH,100,0.61,2.87,warm_stones
cabochon citrine ring,expansion,320,HIGH,76,0.0,0.0,warm_stones
carnelian cabochon ring,expansion,320,HIGH,75,0.0,0.0,warm_stones
carnelian gemstone necklace,expansion,320,HIGH,100,0.36,1.29,warm_stones
carved carnelian pendant,expansion,320,MEDIUM,50,0.0,0.0,warm_stones
citrine art deco ring,expansion,320,HIGH,100,0.41,1.73,warm_stones
citrine cabochon ring,expansion,320,HIGH,76,0.0,0.0,warm_stones
citrine quartz jewelry,expansion,320,HIGH,82,0.0,0.0,warm_stones
georgian citrine ring,expansion,320,LOW,32,0.0,0.0,warm_stones
hawk's eye jewelry,expansion,320,MEDIUM,54,0.0,0.0,warm_stones
huge citrine ring,expansion,320,HIGH,100,0.0,0.0,warm_stones
silver and citrine earrings,expansion,320,HIGH,100,0.43,2.0,warm_stones
tiger eye gemstone necklace,expansion,320,HIGH,100,0.31,0.95,warm_stones
amber necklace for adults,amber_core,260,HIGH,100,0.31,1.05,amber_general
amber stone ring,amber_core,260,HIGH,100,0.23,0.85,amber_general
amber stone necklace,amber_core,260,HIGH,100,0.33,1.6,amber_general
amber scholl jewelry,amber_core,260,HIGH,69,0.0,0.0,amber_general
cherry amber necklace,amber_core,260,HIGH,100,0.15,0.71,amber_general
butterscotch amber necklace,amber_core,260,HIGH,100,0.09,0.7,amber_general
baltic amber pendant,amber_core,260,HIGH,100,0.32,0.84,amber_general
chunky amber necklace,amber_core,260,HIGH,100,0.29,0.55,amber_general
amber cuff bracelet,amber_core,260,HIGH,100,0.21,1.22,amber_general
amber gemstone necklace,amber_core,260,HIGH,100,0.33,1.6,amber_general
red amber jewelry,amber_core,260,HIGH,100,0.0,0.0,amber_general
butterscotch amber ring,amber_core,260,HIGH,80,0.09,0.54,amber_general
amber statement necklace,amber_core,260,HIGH,75,0.0,0.0,amber_general
amber pearl necklace,amber_core,260,HIGH,98,0.27,1.8,amber_general
dark amber necklace,amber_core,260,HIGH,71,0.0,0.0,amber_general
amber and pearl necklace,amber_core,260,HIGH,98,0.27,1.8,amber_general
amber and turquoise,amber_core,260,MEDIUM,54,0.0,0.0,amber_general
amber from baltic sea,amber_core,260,HIGH,80,0.36,1.23,amber_general
amber silver,amber_core,260,LOW,26,0.0,0.0,amber_general
amberart,amber_core,260,LOW,28,0.61,4.99,amber_general
berber amber necklace,amber_core,260,LOW,21,0.0,0.0,amber_general
big amber ring,amber_core,260,MEDIUM,56,0.0,0.0,amber_general
carved amber ring,amber_core,260,LOW,24,0.0,0.0,amber_general
natural amber pendant,amber_core,260,HIGH,100,0.32,0.84,amber_general
necklace with amber stone,amber_core,260,HIGH,100,0.33,1.6,amber_general
pearl and amber necklace,amber_core,260,HIGH,98,0.27,1.8,amber_general
vintage amber bracelet,amber_core,260,MEDIUM,48,0.0,0.0,amber_general
vintage amber pendant necklace,amber_core,260,MEDIUM,54,0.0,0.0,amber_general
green baltic amber,amber_core,260,HIGH,92,0.0,0.0,amber_types
amber bakelite beads,amber_core,260,MEDIUM,44,0.0,0.0,amber_types
amber from the baltic sea,amber_core,260,HIGH,80,0.36,1.23,amber_types
butterscotch amber bakelite,amber_core,260,MEDIUM,66,0.0,0.0,amber_types
butterscotch amber beads,amber_core,260,HIGH,100,0.09,0.7,amber_types
cherry amber beads,amber_core,260,HIGH,100,0.15,0.71,amber_types
silver amber,amber_core,260,LOW,26,0.0,0.0,amber_types
silver and amber,amber_core,260,LOW,26,0.0,0.0,amber_types
raw green amber,amber_core,260,LOW,20,0.0,0.0,amber_colors
real amethyst necklace,expansion,260,HIGH,100,0.49,2.25,gemstone
real crystal necklace,expansion,260,HIGH,99,0.44,1.16,gemstone
carnelian heart necklace,expansion,260,HIGH,100,0.35,1.35,gemstone
genuine opal necklace,expansion,260,HIGH,100,0.44,2.09,gemstone
pear shaped sapphire ring,expansion,260,HIGH,100,1.23,4.48,gemstone
aquamarine stackable ring,expansion,260,HIGH,100,0.66,2.18,gemstone
alexandrite engagement ring set,expansion,260,HIGH,100,1.02,4.35,gemstone
natural opal earrings,expansion,260,HIGH,100,0.71,2.92,gemstone
aquamarine cross necklace,expansion,260,HIGH,100,0.48,1.65,gemstone
blue green sapphire engagement ring,expansion,260,HIGH,100,1.09,4.74,gemstone
london topaz ring,expansion,260,HIGH,100,0.58,2.22,gemstone
citrine ring white gold,expansion,260,HIGH,100,0.64,2.61,gemstone
effy tanzanite ring,expansion,260,HIGH,100,0.21,1.37,gemstone
green amethyst necklace,expansion,260,HIGH,100,0.5,1.85,gemstone
aquamarine pendant gold,expansion,260,HIGH,100,1.11,3.93,gemstone
peridot drop earrings,expansion,260,HIGH,100,0.49,2.19,gemstone
peach morganite ring,expansion,260,HIGH,100,0.43,1.76,gemstone
real amethyst bracelet,expansion,260,HIGH,100,0.47,1.71,gemstone
topaz tennis bracelet,expansion,260,HIGH,100,0.93,3.5,gemstone
citrine drop earrings,expansion,260,HIGH,100,0.59,2.38,gemstone
large aquamarine ring,expansion,260,HIGH,100,0.59,2.89,gemstone
blue opal engagement ring,expansion,260,HIGH,100,0.71,2.01,gemstone
natural ruby pendant,expansion,260,HIGH,100,0.92,2.63,gemstone
real alexandrite engagement ring,expansion,260,HIGH,100,0.71,2.6,gemstone
gold ring with ruby stone,expansion,260,HIGH,100,0.88,3.37,gemstone
diamond ring with sapphire side stones,expansion,260,HIGH,100,1.21,12.77,gemstone
morganite ring white gold,expansion,260,HIGH,100,0.73,3.39,gemstone
citrine crystal ring,expansion,260,HIGH,100,0.41,1.14,gemstone
two stone necklace,expansion,260,HIGH,100,0.7,3.01,gemstone
yellow citrine ring,expansion,260,HIGH,100,0.46,2.29,gemstone
mystic fire topaz ring,expansion,260,HIGH,100,0.34,2.09,gemstone
wholesale gemstone jewelry,expansion,260,HIGH,100,1.37,4.49,gemstone
aquamarine platinum ring,expansion,260,HIGH,100,1.33,5.53,gemstone
black spinel bracelet,expansion,260,HIGH,100,0.23,0.94,gemstone
green tourmaline engagement ring,expansion,260,HIGH,100,0.67,2.41,gemstone
aquamarine heart ring,expansion,260,HIGH,100,0.7,4.36,gemstone
garnet band ring,expansion,260,HIGH,100,0.37,1.7,gemstone
purple sapphire necklace,expansion,260,HIGH,100,1.01,3.22,gemstone
imperial topaz necklace,expansion,260,HIGH,100,0.94,3.87,gemstone
blue topaz birthstone ring,expansion,260,HIGH,100,0.42,2.8,gemstone
real alexandrite jewelry,expansion,260,HIGH,100,0.48,2.76,gemstone
platinum aquamarine ring,expansion,260,HIGH,100,1.33,5.53,gemstone
garnet hoop earrings,expansion,260,HIGH,100,0.47,2.09,gemstone
aquamarine stacking ring,expansion,260,HIGH,100,0.66,2.18,gemstone
pink sapphire heart ring,expansion,260,HIGH,100,0.67,2.61,gemstone
emerald green diamond ring,expansion,260,HIGH,100,0.95,3.85,gemstone
4 stone ring,expansion,260,HIGH,100,0.8,2.88,gemstone
raw amethyst necklace,expansion,260,HIGH,100,0.32,1.5,gemstone
green opal necklace,expansion,260,HIGH,100,0.32,1.68,gemstone
gemstone hoop earrings,expansion,260,HIGH,100,0.42,1.79,gemstone
yellow sapphire gold ring,expansion,260,HIGH,100,0.63,2.87,gemstone
diamond ring with sapphire accents,expansion,260,HIGH,100,1.29,4.67,gemstone
fire opal bracelet,expansion,260,HIGH,100,0.37,1.33,gemstone
blue gemstone earrings,expansion,260,HIGH,100,0.48,2.49,gemstone
effy multi gemstone ring,expansion,260,HIGH,100,0.26,1.48,gemstone
natural aquamarine ring,expansion,260,HIGH,100,0.63,2.57,gemstone
multi stone bracelet,expansion,260,HIGH,100,0.42,1.8,gemstone
platinum sapphire engagement ring,expansion,260,HIGH,94,1.17,4.4,gemstone
madeira citrine ring,expansion,260,HIGH,100,0.23,1.8,gemstone
stone drop earrings,expansion,260,HIGH,100,0.4,1.57,gemstone
emerald cut blue topaz ring,expansion,260,HIGH,100,0.62,2.75,gemstone
blue topaz yellow gold ring,expansion,260,HIGH,100,0.73,2.7,gemstone
peridot and diamond engagement ring,expansion,260,HIGH,100,1.33,5.9,gemstone
silver ring with green stone,expansion,260,HIGH,100,0.31,1.51,gemstone
red stone bracelet,expansion,260,HIGH,100,0.34,1.36,gemstone
red sapphire ring,expansion,260,HIGH,100,0.53,1.69,gemstone
white gold topaz ring,expansion,260,HIGH,100,0.7,2.1,gemstone
james allen sapphire ring,expansion,260,HIGH,98,36.39,50.0,gemstone
ametrine necklace,expansion,260,HIGH,100,0.39,1.9,gemstone
rainbow gemstone bracelet,expansion,260,HIGH,100,0.53,2.64,gemstone
smoky quartz pendant,expansion,260,HIGH,100,0.37,1.27,gemstone
sapphire ring gold band,expansion,260,HIGH,100,0.56,2.87,gemstone
turquoise stone earrings,expansion,260,HIGH,100,0.36,1.4,gemstone
white gold pink sapphire ring,expansion,260,HIGH,100,0.65,2.66,gemstone
amethyst dangle earrings,expansion,260,HIGH,100,0.32,1.47,gemstone
stone jewelry near me,expansion,260,HIGH,99,0.61,3.51,gemstone
ombre sapphire ring,expansion,260,HIGH,100,0.53,4.35,gemstone
two gemstone ring,expansion,260,HIGH,100,0.89,2.48,gemstone
natural turquoise jewelry,expansion,260,HIGH,95,0.37,0.94,gemstone
princess cut aquamarine ring,expansion,260,HIGH,100,0.79,2.5,gemstone
semi precious jewellery,expansion,260,HIGH,100,0.68,2.3,gemstone
emerald bead bracelet,expansion,260,HIGH,100,0.41,1.5,gemstone
purple gemstone necklace,expansion,260,HIGH,100,0.45,2.36,gemstone
blue moissanite engagement ring,expansion,260,HIGH,100,0.49,1.92,gemstone
alexandrite eternity ring,expansion,260,HIGH,100,0.99,4.33,gemstone
opal and pink tourmaline ring,expansion,260,HIGH,100,0.51,2.18,gemstone
australian black opal ring,expansion,260,HIGH,100,0.38,1.59,gemstone
rose gold moonstone engagement ring,expansion,260,HIGH,97,0.57,1.97,gemstone
rhodolite ring,expansion,260,HIGH,100,0.5,2.76,gemstone
multi colored gemstone necklace,expansion,260,HIGH,100,0.4,1.99,gemstone
tourmaline and diamond ring,expansion,260,HIGH,100,0.73,2.68,gemstone
silver topaz ring,expansion,260,HIGH,100,0.37,1.75,gemstone
australian opal bracelet,expansion,260,HIGH,100,0.45,2.34,gemstone
blue topaz and sapphire ring,expansion,260,HIGH,100,0.56,2.8,gemstone
amethyst baguette ring,expansion,260,HIGH,100,0.62,1.96,gemstone
orange gemstone ring,expansion,260,HIGH,100,0.46,2.48,gemstone
tourmaline stone ring,expansion,260,HIGH,100,0.47,2.41,gemstone
diamond ring with opal accents,expansion,260,HIGH,100,1.17,3.74,gemstone
garnet bead bracelet,expansion,260,HIGH,100,0.4,2.0,gemstone
blue lapis ring,expansion,260,HIGH,100,0.21,1.14,gemstone
square opal ring,expansion,260,HIGH,100,0.5,2.41,gemstone
moonstone crystal bracelet,expansion,260,HIGH,100,0.31,0.99,gemstone
sugilite bracelet,expansion,260,HIGH,100,0.31,1.27,gemstone
opal and blue topaz ring,expansion,260,HIGH,100,0.5,1.79,gemstone
morganite gold ring,expansion,260,HIGH,100,0.65,3.88,gemstone
pietersite ring,expansion,260,HIGH,100,0.38,1.48,gemstone
iolite bracelet,expansion,260,HIGH,100,0.37,1.48,gemstone
blue lace agate ring,expansion,260,HIGH,100,0.38,1.39,gemstone
bloodstone engagement ring,expansion,260,HIGH,100,0.72,2.73,gemstone
green emerald necklace gold,expansion,260,HIGH,100,0.82,3.0,gemstone
genuine star sapphire ring,expansion,260,HIGH,100,0.3,1.48,gemstone
aquamarine and blue topaz ring,expansion,260,HIGH,100,0.73,3.51,gemstone
green agate bracelet,expansion,260,HIGH,100,0.23,1.11,gemstone
cornflower sapphire ring,expansion,260,HIGH,100,0.73,2.52,gemstone
gold stone necklace,expansion,260,HIGH,100,0.51,2.2,gemstone
emerald and baguette diamond ring,expansion,260,HIGH,100,1.7,7.38,gemstone
ametrine bracelet,expansion,260,HIGH,100,0.3,1.26,gemstone
alexandrite and moonstone ring,expansion,260,HIGH,100,0.65,2.15,gemstone
mexican opal ring,expansion,260,HIGH,100,0.24,1.3,gemstone
raw emerald jewelry,expansion,260,HIGH,100,0.41,1.32,gemstone
citrine and sapphire ring,expansion,260,HIGH,100,0.7,2.71,gemstone
genuine alexandrite jewelry,expansion,260,HIGH,100,0.48,2.76,gemstone
marble necklace,expansion,260,HIGH,100,0.22,1.15,gemstone
blue moonstone necklace,expansion,260,HIGH,100,0.45,1.44,gemstone
alexandrite and pearl ring,expansion,260,HIGH,100,0.47,2.18,gemstone
alexandrite and amethyst ring,expansion,260,HIGH,100,0.57,2.43,gemstone
topaz and amethyst ring,expansion,260,HIGH,100,0.55,3.18,gemstone
lapis lazuli necklace pendant,expansion,260,HIGH,100,0.36,1.64,gemstone
peridot and topaz ring,expansion,260,HIGH,100,0.51,2.15,gemstone
tourmaline gold ring,expansion,260,HIGH,100,0.62,2.38,gemstone
black opal gold ring,expansion,260,HIGH,100,0.82,2.87,gemstone
amethyst gemstone ring,expansion,260,HIGH,99,0.79,3.03,gemstone
garnet pinky ring,expansion,260,HIGH,100,0.39,1.63,gemstone
yellow topaz gold ring,expansion,260,HIGH,100,0.49,2.09,gemstone
tourmaline diamond ring,expansion,260,HIGH,100,0.73,2.68,gemstone
larimar ring gold,expansion,260,HIGH,100,0.34,1.2,gemstone
silver bracelet with stones,expansion,260,HIGH,100,0.43,1.28,gemstone
howlite ring,expansion,260,HIGH,100,0.36,0.71,gemstone
rectangle stone ring,expansion,260,HIGH,100,0.43,1.13,gemstone
agate stone necklace,expansion,260,HIGH,100,0.53,2.16,gemstone
moonstone and sapphire ring,expansion,260,HIGH,100,0.43,2.03,gemstone
sterling silver tanzanite ring,expansion,260,HIGH,100,0.39,1.69,gemstone
natural citrine jewelry,expansion,260,HIGH,100,0.85,2.1,gemstone
mens blue star sapphire ring,expansion,260,HIGH,100,0.22,1.26,gemstone
mens gold ring with stone,expansion,260,HIGH,100,0.59,2.12,gemstone
square amethyst ring,expansion,260,HIGH,100,0.0,0.0,gemstone
natural necklace,expansion,260,HIGH,100,0.49,1.83,gemstone
cabochon pendant,expansion,260,HIGH,100,0.37,1.24,gemstone
brown stone necklace,expansion,260,HIGH,100,0.44,1.83,gemstone
raw black tourmaline necklace,expansion,260,HIGH,99,0.4,1.19,gemstone
peach moonstone bracelet,expansion,260,HIGH,100,0.29,1.54,gemstone
indian stone jewelry,expansion,260,HIGH,97,0.27,0.97,gemstone
hematite stone bracelet,expansion,260,HIGH,100,0.44,2.27,gemstone
white moonstone ring,expansion,260,HIGH,100,0.34,1.43,gemstone
women star sapphire ring,expansion,260,HIGH,100,0.35,1.62,gemstone
silver stone jewellery,expansion,260,HIGH,100,0.48,1.58,gemstone
james avery garnet ring,expansion,260,HIGH,100,0.03,0.08,gemstone
natural paraiba tourmaline ring,expansion,260,HIGH,100,0.39,1.64,gemstone
golden healer bracelet,expansion,260,HIGH,97,0.66,1.41,gemstone
victorian garnet ring,expansion,260,HIGH,100,0.22,1.44,gemstone
women's blue stone ring,expansion,260,HIGH,100,0.36,2.13,gemstone
silver and stone jewellery,expansion,260,HIGH,100,0.48,1.58,gemstone
amethyst necklace real,expansion,260,HIGH,100,0.49,2.25,gemstone
women blue stone ring,expansion,260,HIGH,100,0.36,2.13,gemstone
artificial gemstone jewellery,expansion,260,HIGH,100,0.68,3.7,gemstone
white coral ring,expansion,260,HIGH,69,0.0,0.0,gemstone
blue fluorite ring,expansion,260,HIGH,80,0.0,0.0,gemstone
druzy earring,expansion,260,HIGH,100,0.25,1.04,gemstone
marble bead necklace,expansion,260,MEDIUM,63,0.3,1.11,gemstone
necklace marble,expansion,260,HIGH,100,0.22,1.15,gemstone
opal earrings natural,expansion,260,HIGH,100,0.71,2.92,gemstone
mothers necklace 3 stones,expansion,260,HIGH,100,0.66,2.98,birthstone
may birthstone earrings,expansion,260,HIGH,100,0.51,1.62,birthstone
mothers day birthstone bracelet,expansion,260,HIGH,100,1.01,4.66,birthstone
pandora birthstone earrings,expansion,260,HIGH,100,0.28,0.69,birthstone
david yurman birthstone necklace,expansion,260,HIGH,90,1.03,5.59,birthstone
april birthstone bracelet,expansion,260,HIGH,100,0.57,2.89,birthstone
multiple birthstone jewelry,expansion,260,HIGH,100,1.53,7.07,birthstone
birthstone bangle bracelet,expansion,260,HIGH,100,0.79,3.28,birthstone
letter and birthstone necklace,expansion,260,HIGH,100,1.01,4.56,birthstone
kay jewelers birthstone bracelet,expansion,260,HIGH,100,0.35,2.22,birthstone
blue zircon earrings,expansion,260,HIGH,100,0.28,1.46,birthstone
etsy birthstone bracelet,expansion,260,HIGH,100,0.02,2.33,birthstone
couples birthstone jewelry,expansion,260,HIGH,100,0.98,3.02,birthstone
letter necklace with birthstone,expansion,260,HIGH,100,1.01,4.56,birthstone
double birthstone bracelet,expansion,260,HIGH,100,1.06,4.37,birthstone
baguette birthstone ring,expansion,260,HIGH,100,0.68,2.59,birthstone
14k gold birthstone bracelet,expansion,260,HIGH,100,0.99,5.61,birthstone
custom birthstone jewelry for mom,expansion,260,HIGH,100,0.74,4.79,birthstone
gold birthstone earrings,expansion,260,HIGH,100,0.47,2.91,birthstone
blue topaz cross necklace,expansion,260,HIGH,100,0.47,2.49,birthstone
kendra scott march birthstone necklace,expansion,260,HIGH,100,0.58,1.99,birthstone
amazon birthstone necklace,expansion,260,HIGH,100,0.5,1.39,birthstone
design birthstone ring,expansion,260,HIGH,100,0.76,3.24,birthstone
multiple birthstone jewellery,expansion,260,HIGH,100,1.53,7.07,birthstone
breastmilk ring with birthstone,expansion,260,HIGH,100,0.34,1.18,birthstone
birthstone baguette ring,expansion,260,HIGH,100,0.68,2.59,birthstone
2 birthstone bracelet for mom,expansion,260,HIGH,100,0.83,4.44,birthstone
yellow topaz ring gold,expansion,260,HIGH,100,0.49,2.09,birthstone
birthstone jewelry with multiple stones,expansion,260,HIGH,100,1.53,7.07,birthstone
hermes farandole earrings,expansion,260,HIGH,100,0.97,3.42,birthstone
blue topaz necklace yellow gold,expansion,260,HIGH,100,1.01,5.96,birthstone
alexandrite birthstone jewelry,expansion,260,HIGH,100,0.57,3.25,birthstone
yellow gold blue topaz necklace,expansion,260,HIGH,100,1.01,5.96,birthstone
mens yellow topaz ring,expansion,260,HIGH,100,0.29,1.68,birthstone
bangle bracelet with birthstones,expansion,260,HIGH,100,0.79,3.28,birthstone
birthstone couples jewelry,expansion,260,HIGH,100,0.98,3.02,birthstone
kendra scott birthstone necklace march,expansion,260,HIGH,100,0.58,1.99,birthstone
topaz stone jewellery,expansion,260,HIGH,98,0.61,2.99,birthstone
cross necklace with blue topaz,expansion,260,HIGH,100,0.47,2.49,birthstone
march birthstone kendra scott necklace,expansion,260,HIGH,100,0.58,1.99,birthstone
single stone birthstone necklace,expansion,260,HIGH,100,0.0,0.0,birthstone
womens birthstone earrings,expansion,260,HIGH,100,0.5,2.91,birthstone
david yurman tiger eye bracelet,expansion,260,HIGH,100,1.26,6.4,warm_stones
red bracelet with eye,expansion,260,HIGH,100,0.49,1.36,warm_stones
citrine gold bracelet,expansion,260,HIGH,100,0.56,1.9,warm_stones
citrine bracelet gold,expansion,260,HIGH,100,0.56,1.9,warm_stones
sapphire and citrine ring,expansion,260,HIGH,100,0.7,2.71,warm_stones
citrine earrings drop,expansion,260,HIGH,100,0.59,2.38,warm_stones
men's citrine jewelry,expansion,260,HIGH,100,0.5,2.02,warm_stones
citrine and aquamarine ring,expansion,260,HIGH,100,0.52,2.86,warm_stones
citrine dangle earrings,expansion,260,HIGH,100,0.37,1.18,warm_stones
gold tiger ring,expansion,260,HIGH,100,0.26,1.97,warm_stones
david yurman tiger eye ring,expansion,260,MEDIUM,65,1.39,4.33,warm_stones
mens citrine necklace,expansion,260,HIGH,100,0.52,1.74,warm_stones
gold carnelian ring,expansion,260,HIGH,100,0.32,1.48,warm_stones
citrine and gold bracelet,expansion,260,HIGH,100,0.56,1.9,warm_stones
tigers eye wedding ring,expansion,260,HIGH,100,0.66,1.73,warm_stones
tiger eye necklace gold,expansion,260,HIGH,100,0.54,1.9,warm_stones
citrine and white gold ring,expansion,260,HIGH,100,0.64,2.61,warm_stones
tigers eye gold necklace,expansion,260,HIGH,100,0.54,1.9,warm_stones
citrine teardrop earrings,expansion,260,HIGH,100,0.0,0.0,warm_stones
kendra scott citrine necklace,expansion,260,HIGH,100,0.49,2.19,warm_stones
antique citrine necklace,expansion,260,HIGH,98,0.0,0.0,warm_stones
citrine sapphire ring,expansion,260,HIGH,100,0.7,2.71,warm_stones
tigers eye silver ring,expansion,260,HIGH,100,0.34,1.01,warm_stones
carnelian ring gold,expansion,260,HIGH,100,0.32,1.48,warm_stones
citrine jewelry men,expansion,260,HIGH,100,0.5,2.02,warm_stones
tiger eye stone earrings,expansion,260,HIGH,77,0.24,0.83,warm_stones
gold tiger eye necklace,expansion,260,HIGH,100,0.54,1.9,warm_stones
citrine chip necklace,expansion,260,HIGH,81,0.0,0.0,warm_stones
citrine earrings dangle,expansion,260,HIGH,100,0.37,1.18,warm_stones
david yurman bracelet tiger eye,expansion,260,HIGH,100,1.26,6.4,warm_stones
gold ring tiger,expansion,260,HIGH,100,0.26,1.97,warm_stones
james avery citrine ring,expansion,260,MEDIUM,53,0.0,0.0,warm_stones
men's vintage tiger eye ring,expansion,260,MEDIUM,53,0.0,0.0,warm_stones
red bracelet eye,expansion,260,HIGH,100,0.49,1.36,warm_stones
sapphire citrine ring,expansion,260,HIGH,100,0.7,2.71,warm_stones
mens amber bracelet,amber_core,210,HIGH,100,0.3,2.09,amber_general
amber ring gold,amber_core,210,HIGH,100,0.3,1.96,amber_general
amber earrings silver,amber_core,210,HIGH,100,0.31,1.39,amber_general
mens amber necklace,amber_core,210,HIGH,100,0.33,1.38,amber_general
amber gold ring,amber_core,210,HIGH,100,0.3,1.96,amber_general
vintage amber necklace,amber_core,210,HIGH,99,0.03,0.47,amber_general
silver amber earrings,amber_core,210,HIGH,100,0.31,1.39,amber_general
lithuanian amber,amber_core,210,HIGH,84,0.24,0.85,amber_general
lithuanian amber jewelry,amber_core,210,HIGH,100,0.22,0.59,amber_general
silver and amber earrings,amber_core,210,HIGH,100,0.31,1.39,amber_general
vintage amber jewelry,amber_core,210,HIGH,96,0.08,0.69,amber_general
yellow amber necklace,amber_core,210,HIGH,100,0.04,0.65,amber_general
amber and gold ring,amber_core,210,HIGH,100,0.3,1.96,amber_general
green amber pendant,amber_core,210,MEDIUM,58,0.0,0.0,amber_general
long amber necklace,amber_core,210,HIGH,84,0.28,0.95,amber_general
sterling silver amber necklace,amber_core,210,HIGH,98,0.31,0.62,amber_general
amber silver pendant,amber_core,210,HIGH,90,0.0,0.0,amber_general
african amber necklace,amber_core,210,MEDIUM,53,0.0,0.0,amber_general
amber and gold bracelet,amber_core,210,HIGH,70,0.35,0.96,amber_general
amber and silver pendant,amber_core,210,HIGH,90,0.0,0.0,amber_general
amber and sterling silver necklace,amber_core,210,HIGH,98,0.31,0.62,amber_general
amber and sterling silver pendant,amber_core,210,HIGH,73,0.53,1.03,amber_general
amber bakelite necklace,amber_core,210,HIGH,76,0.0,0.0,amber_general
amber colored gemstones,amber_core,210,HIGH,99,0.34,0.99,amber_general
amber pendant sterling silver,amber_core,210,HIGH,73,0.53,1.03,amber_general
amber rings in gold,amber_core,210,HIGH,100,0.3,1.96,amber_general
amber sterling silver pendant,amber_core,210,HIGH,73,0.53,1.03,amber_general
amber vintage necklace,amber_core,210,HIGH,99,0.03,0.47,amber_general
cherry amber jewellery,amber_core,210,HIGH,69,0.0,0.0,amber_general
gold amber bracelet,amber_core,210,HIGH,70,0.35,0.96,amber_general
gold and amber bracelet,amber_core,210,HIGH,70,0.35,0.96,amber_general
rough amber necklace,amber_core,210,MEDIUM,62,0.0,0.0,amber_general
sterling silver amber jewellery,amber_core,210,MEDIUM,61,0.0,0.0,amber_general
sterling silver amber pendant,amber_core,210,HIGH,73,0.53,1.03,amber_general
sterling silver and amber necklace,amber_core,210,HIGH,98,0.31,0.62,amber_general
white amber bracelet,amber_core,210,MEDIUM,63,0.0,0.0,amber_general
amber stretch bracelet,amber_core,210,HIGH,90,0.35,1.09,amber_types
amber spider brooch,amber_core,210,MEDIUM,62,0.0,0.0,amber_types
baltic amber bangle,amber_core,210,MEDIUM,65,0.0,0.0,amber_types
green amber beads,amber_core,210,MEDIUM,63,0.09,0.59,amber_types
blue amber stone,amber_core,210,HIGH,92,0.22,0.89,amber_colors
baltic cognac amber,amber_core,210,MEDIUM,66,0.0,0.0,amber_colors
blue amber gemstone,amber_core,210,HIGH,92,0.22,0.89,amber_colors
sterling silver amber jewelry,amber_core,210,MEDIUM,61,0.0,0.0,silver_amber
aquamarine engagement ring set,expansion,210,HIGH,100,0.87,3.53,gemstone
sapphire infinity ring,expansion,210,HIGH,100,0.68,2.69,gemstone
blue topaz drop earrings,expansion,210,HIGH,100,0.63,2.64,gemstone
lab created emerald necklace,expansion,210,HIGH,72,0.96,3.76,gemstone
healing necklace,expansion,210,HIGH,100,0.39,1.19,gemstone
black sapphire necklace,expansion,210,HIGH,100,0.66,2.85,gemstone
blue topaz pendant necklace,expansion,210,HIGH,100,0.72,4.33,gemstone
yellow sapphire bracelet,expansion,210,HIGH,100,0.62,2.24,gemstone
sapphire anklet,expansion,210,HIGH,100,0.44,1.73,gemstone
white topaz necklace,expansion,210,HIGH,100,0.46,1.94,gemstone
peridot promise ring,expansion,210,HIGH,100,0.92,3.27,gemstone
effy aquamarine ring,expansion,210,HIGH,100,0.31,1.18,gemstone
citrine birthstone necklace,expansion,210,HIGH,100,0.81,3.75,gemstone
blue sapphire drop earrings,expansion,210,HIGH,100,0.78,3.36,gemstone
aquamarine hoop earrings,expansion,210,HIGH,100,0.65,2.86,gemstone
genuine opal jewelry,expansion,210,HIGH,100,0.47,2.06,gemstone
parti sapphire engagement ring,expansion,210,HIGH,99,0.73,2.87,gemstone
november birthstone engagement ring,expansion,210,HIGH,100,0.75,2.36,gemstone
effy london blue topaz ring,expansion,210,HIGH,99,0.45,2.06,gemstone
tanzanite drop earrings,expansion,210,HIGH,100,0.58,2.47,gemstone
blue tanzanite ring,expansion,210,HIGH,100,0.7,4.59,gemstone
yellow stone earrings,expansion,210,HIGH,100,0.36,1.31,gemstone
square sapphire ring,expansion,210,HIGH,100,0.53,1.59,gemstone
dainty emerald necklace,expansion,210,HIGH,100,0.7,2.59,gemstone
small emerald ring,expansion,210,HIGH,100,0.6,1.76,gemstone
citrine pendant gold,expansion,210,HIGH,100,0.69,2.67,gemstone
citrine cocktail ring,expansion,210,HIGH,100,0.52,2.19,gemstone
alexandrite stackable ring,expansion,210,HIGH,100,0.72,2.89,gemstone
peridot pendant gold,expansion,210,HIGH,100,0.78,2.54,gemstone
white gold amethyst necklace,expansion,210,HIGH,100,0.75,4.19,gemstone
rose gold moonstone ring,expansion,210,HIGH,100,0.58,2.12,gemstone
purple stone earrings,expansion,210,HIGH,100,0.35,1.53,gemstone
aquamarine stone bracelet,expansion,210,HIGH,99,0.67,2.55,gemstone
amethyst heart pendant,expansion,210,HIGH,100,0.55,2.16,gemstone
morganite tennis bracelet,expansion,210,HIGH,100,0.72,3.2,gemstone
amethyst butterfly necklace,expansion,210,HIGH,100,0.51,2.25,gemstone
heart shaped emerald ring,expansion,210,HIGH,100,0.49,3.91,gemstone
pink stone bracelet,expansion,210,HIGH,100,0.41,2.57,gemstone
small sapphire ring,expansion,210,HIGH,100,0.52,1.68,gemstone
emerald cut pendant,expansion,210,HIGH,100,1.1,3.94,gemstone
dainty sapphire ring,expansion,210,HIGH,100,0.48,1.79,gemstone
natural emerald stud earrings,expansion,210,HIGH,100,1.57,6.09,gemstone
tanzanite cross necklace,expansion,210,HIGH,100,0.56,1.8,gemstone
teardrop sapphire ring,expansion,210,HIGH,100,0.96,4.64,gemstone
citrine band ring,expansion,210,HIGH,100,0.4,2.02,gemstone
cushion cut aquamarine ring,expansion,210,HIGH,100,0.68,2.73,gemstone
real alexandrite necklace,expansion,210,HIGH,100,0.67,2.61,gemstone
genuine ruby bracelet,expansion,210,HIGH,100,0.54,2.45,gemstone
black emerald ring,expansion,210,HIGH,100,0.92,4.83,gemstone
dark blue sapphire ring,expansion,210,HIGH,100,0.55,1.88,gemstone
alex and ani birthstone bracelet,expansion,210,HIGH,100,0.45,3.21,gemstone
emerald cut blue sapphire ring,expansion,210,HIGH,100,0.89,3.74,gemstone
pink tourmaline and diamond ring,expansion,210,HIGH,100,0.94,4.85,gemstone
3 stone sapphire and diamond ring,expansion,210,HIGH,100,0.76,3.53,gemstone
rose gold peridot ring,expansion,210,HIGH,100,0.75,2.66,gemstone
crystal stone necklace,expansion,210,HIGH,100,0.4,1.3,gemstone
red garnet bracelet,expansion,210,HIGH,100,0.44,2.28,gemstone
emerald cut white sapphire ring,expansion,210,HIGH,100,0.51,1.96,gemstone
stone stud earrings,expansion,210,HIGH,100,0.35,1.49,gemstone
emerald cut aquamarine engagement ring,expansion,210,HIGH,100,0.92,3.29,gemstone
dainty opal ring,expansion,210,HIGH,100,0.41,1.44,gemstone
carnelian crystal bracelet,expansion,210,HIGH,100,0.49,1.69,gemstone
stone hoop earrings,expansion,210,HIGH,100,0.44,1.47,gemstone
natural alexandrite necklace,expansion,210,HIGH,100,0.74,3.51,gemstone
green malachite bracelet,expansion,210,HIGH,100,0.36,0.9,gemstone
oval sapphire and diamond ring,expansion,210,HIGH,100,0.77,3.31,gemstone
black stone ring for men,expansion,210,HIGH,99,0.39,1.69,gemstone
rainbow moonstone bracelet,expansion,210,HIGH,100,0.39,1.21,gemstone
citrine stone necklace,expansion,210,HIGH,100,0.58,2.22,gemstone
tsavorite engagement ring,expansion,210,HIGH,100,1.16,4.03,gemstone
black onyx hoop earrings,expansion,210,HIGH,99,0.24,1.17,gemstone
kay jewelers garnet ring,expansion,210,HIGH,100,0.25,0.9,gemstone
orange topaz ring,expansion,210,HIGH,100,0.39,1.98,gemstone
real garnet ring,expansion,210,HIGH,100,0.49,1.66,gemstone
semi precious stone earrings,expansion,210,HIGH,100,0.39,1.75,gemstone
3 stone earrings,expansion,210,HIGH,100,0.46,1.85,gemstone
black agate bracelet,expansion,210,HIGH,100,0.22,0.7,gemstone
emerald ring with diamond halo,expansion,210,HIGH,100,2.01,5.45,gemstone
blue sapphire diamond necklace,expansion,210,HIGH,100,1.32,5.94,gemstone
white stone bracelet,expansion,210,HIGH,100,0.45,1.96,gemstone
gemstone anklet,expansion,210,HIGH,100,0.4,1.47,gemstone
black gem necklace,expansion,210,HIGH,100,0.4,2.08,gemstone
topaz stone ring,expansion,210,HIGH,100,0.36,1.61,gemstone
marquise cut sapphire ring,expansion,210,HIGH,100,0.9,3.13,gemstone
raw amethyst ring,expansion,210,HIGH,100,0.53,2.29,gemstone
genuine gemstone jewelry,expansion,210,HIGH,100,0.67,1.94,gemstone
tanzanite stone ring,expansion,210,HIGH,100,0.58,3.31,gemstone
multi gemstone earrings,expansion,210,HIGH,100,0.54,3.07,gemstone
large peridot ring,expansion,210,HIGH,100,0.35,0.85,gemstone
black gemstone necklace,expansion,210,HIGH,100,0.4,2.08,gemstone
radiant cut emerald ring,expansion,210,HIGH,100,1.34,5.49,gemstone
kunzite necklace,expansion,210,HIGH,100,0.38,1.48,gemstone
spessartite garnet ring,expansion,210,HIGH,100,0.37,2.62,gemstone
3 stone pendant,expansion,210,HIGH,100,0.63,2.61,gemstone
channel set emerald ring,expansion,210,HIGH,100,1.18,4.43,gemstone
stone choker necklace,expansion,210,HIGH,100,0.29,1.19,gemstone
kate middleton sapphire ring,expansion,210,HIGH,100,0.0,0.0,gemstone
mens fire opal ring,expansion,210,HIGH,100,0.46,1.47,gemstone
natural opal bracelet,expansion,210,HIGH,100,0.65,2.01,gemstone
rainbow moonstone pendant,expansion,210,HIGH,100,0.42,1.22,gemstone
peridot band ring,expansion,210,HIGH,100,0.43,2.41,gemstone
protection crystal bracelet,expansion,210,HIGH,100,0.52,1.55,gemstone
citrine solitaire ring,expansion,210,HIGH,100,0.46,1.9,gemstone
star sapphire pendant,expansion,210,HIGH,100,0.56,2.35,gemstone
blue agate bracelet,expansion,210,HIGH,100,0.27,1.72,gemstone
oval stone ring,expansion,210,HIGH,100,0.74,4.11,gemstone
real citrine ring,expansion,210,HIGH,100,0.45,1.73,gemstone
alexandrite band ring,expansion,210,HIGH,100,0.72,2.04,gemstone
pink opal engagement ring,expansion,210,HIGH,100,0.66,2.48,gemstone
chakra stone necklace,expansion,210,HIGH,100,0.46,1.01,gemstone
blue gemstone bracelet,expansion,210,HIGH,100,0.78,2.79,gemstone
real tiger eye bracelet,expansion,210,HIGH,100,0.45,1.5,gemstone
chrysoprase bracelet,expansion,210,HIGH,100,0.35,1.31,gemstone
heart stone ring,expansion,210,HIGH,100,0.77,2.46,gemstone
large moonstone pendant,expansion,210,HIGH,100,0.37,1.31,gemstone
moss agate ring silver,expansion,210,HIGH,100,0.69,3.05,gemstone
emerald green jewellery set,expansion,210,HIGH,100,0.34,1.18,gemstone
amethyst pendant silver,expansion,210,HIGH,100,0.41,1.5,gemstone
14k gold blue topaz ring,expansion,210,HIGH,100,0.73,3.0,gemstone
oval amethyst ring,expansion,210,HIGH,100,0.68,3.59,gemstone
sapphire ring price,expansion,210,HIGH,100,0.6,2.09,gemstone
sterling silver blue sapphire ring,expansion,210,HIGH,100,0.3,1.45,gemstone
milky aquamarine ring,expansion,210,HIGH,100,0.42,1.86,gemstone
morganite stone ring,expansion,210,HIGH,100,0.44,2.4,gemstone
blue sapphire silver ring,expansion,210,HIGH,100,0.4,1.76,gemstone
black opal and diamond ring,expansion,210,HIGH,100,0.89,3.59,gemstone
black moonstone ring,expansion,210,HIGH,100,0.38,1.4,gemstone
blue agate necklace,expansion,210,HIGH,100,0.35,1.6,gemstone
green agate necklace,expansion,210,HIGH,100,0.35,1.74,gemstone
tanzanite silver ring,expansion,210,HIGH,97,0.49,3.07,gemstone
silver ring with pink stone,expansion,210,HIGH,100,0.38,1.99,gemstone
spinel bracelet,expansion,210,HIGH,100,0.32,1.87,gemstone
brown stone earrings,expansion,210,HIGH,100,0.33,1.4,gemstone
raw citrine necklace,expansion,210,HIGH,100,0.28,1.32,gemstone
emerald cut opal ring,expansion,210,HIGH,100,0.82,2.38,gemstone
aquamarine signet ring,expansion,210,HIGH,100,0.46,2.5,gemstone
silver ring with turquoise stone,expansion,210,HIGH,100,0.3,0.92,gemstone
emerald cut alexandrite ring,expansion,210,HIGH,100,0.93,3.38,gemstone
genuine alexandrite necklace,expansion,210,HIGH,100,0.67,2.61,gemstone
vintage amethyst necklace,expansion,210,HIGH,100,0.38,1.26,gemstone
zultanite earrings,expansion,210,HIGH,100,0.19,1.03,gemstone
clear quartz crystal bracelet,expansion,210,HIGH,100,0.33,1.01,gemstone
cabochon ruby ring,expansion,210,HIGH,100,0.29,1.27,gemstone
gold gemstone earrings,expansion,210,HIGH,100,0.62,2.12,gemstone
natural citrine bracelet,expansion,210,HIGH,100,0.46,1.43,gemstone
red coral pendant,expansion,210,HIGH,100,0.39,1.22,gemstone
black agate necklace,expansion,210,HIGH,100,0.43,1.66,gemstone
tigers eye engagement ring,expansion,210,HIGH,100,0.95,3.04,gemstone
cats eye stone ring,expansion,210,HIGH,99,0.25,2.2,gemstone
gemstone earrings gold,expansion,210,HIGH,100,0.62,2.12,gemstone
seraphinite bracelet,expansion,210,HIGH,100,0.19,1.1,gemstone
blue apatite necklace,expansion,210,HIGH,100,0.33,1.31,gemstone
green tiger eye bracelet,expansion,210,HIGH,99,0.26,1.58,gemstone
purple spinel ring,expansion,210,HIGH,100,0.56,4.01,gemstone
real black onyx ring,expansion,210,HIGH,100,0.35,1.71,gemstone
crystal quartz bracelet,expansion,210,HIGH,100,0.41,1.0,gemstone
siberian amethyst ring,expansion,210,HIGH,100,0.41,1.7,gemstone
blue lace agate pendant,expansion,210,HIGH,100,0.2,0.77,gemstone
natural emerald ring gold,expansion,210,HIGH,100,1.13,3.41,gemstone
brown gemstone ring,expansion,210,HIGH,100,0.37,1.93,gemstone
red carnelian bracelet,expansion,210,HIGH,100,0.47,1.31,gemstone
coral stone ring,expansion,210,HIGH,99,0.17,0.96,gemstone
sapphire ring cost,expansion,210,HIGH,100,0.6,2.09,gemstone
sodalite pendant,expansion,210,HIGH,100,0.16,0.85,gemstone
prehnite necklace,expansion,210,HIGH,100,0.3,1.21,gemstone
chunky stone necklace,expansion,210,HIGH,100,0.33,1.14,gemstone
mens opal ring gold,expansion,210,HIGH,100,0.51,1.59,gemstone
natural jade jewelry,expansion,210,HIGH,100,0.43,1.54,gemstone
ruby zoisite bracelet,expansion,210,HIGH,100,0.27,0.74,gemstone
fire agate bracelet,expansion,210,HIGH,100,0.25,1.02,gemstone
blue tigers eye ring,expansion,210,HIGH,100,0.39,0.85,gemstone
black opal diamond ring,expansion,210,HIGH,100,0.89,3.59,gemstone
art deco garnet ring,expansion,210,HIGH,100,0.4,1.67,gemstone
jasper stone ring,expansion,210,HIGH,100,0.28,1.51,gemstone
rhodonite pendant,expansion,210,HIGH,100,0.4,1.58,gemstone
coral gemstone ring,expansion,210,HIGH,99,0.17,0.96,gemstone
women morganite ring,expansion,210,HIGH,100,0.41,2.47,gemstone
crystal quartz ring,expansion,210,HIGH,100,0.35,1.87,gemstone
jade cabochon ring,expansion,210,HIGH,100,0.24,1.32,gemstone
serendibite ring,expansion,210,MEDIUM,57,0.0,0.0,gemstone
red coral gemstone ring,expansion,210,HIGH,99,0.17,0.96,gemstone
raw citrine jewelry,expansion,210,HIGH,100,0.28,1.32,gemstone
green stone ring men,expansion,210,HIGH,100,0.62,1.83,gemstone
gemstone bead jewelry,expansion,210,HIGH,100,0.55,2.43,gemstone
grape agate jewelry,expansion,210,HIGH,100,0.21,1.1,gemstone
chakra chip bracelet,expansion,210,HIGH,81,0.0,0.0,gemstone
druzy agate jewelry,expansion,210,HIGH,92,0.0,0.0,gemstone
gemstone beads for jewelry,expansion,210,HIGH,100,0.55,2.43,gemstone
gemstone jewelry beads,expansion,210,HIGH,100,0.55,2.43,gemstone
green stone ring for men,expansion,210,HIGH,100,0.62,1.83,gemstone
jewelry gemstone beads,expansion,210,HIGH,100,0.55,2.43,gemstone
necklace crystal stone,expansion,210,HIGH,100,0.4,1.3,gemstone
necklace healing,expansion,210,HIGH,100,0.39,1.19,gemstone
stone set jewellery,expansion,210,HIGH,76,0.42,2.67,gemstone
swiss blue topaz earrings,expansion,210,HIGH,100,0.5,2.41,birthstone
tiffany birthstone necklace,expansion,210,HIGH,99,0.72,4.62,birthstone
gold birthstone necklace for mom,expansion,210,HIGH,100,0.87,5.39,birthstone
2 birthstone necklace for mom,expansion,210,HIGH,100,0.97,5.18,birthstone
december birthstone necklace gold,expansion,210,HIGH,97,0.71,2.68,birthstone
two birthstone necklace for mom,expansion,210,HIGH,100,0.97,5.18,birthstone
3 birthstone jewelry,expansion,210,HIGH,100,1.03,5.05,birthstone
gold mothers ring 3 stones,expansion,210,HIGH,100,0.28,1.92,birthstone
three stone birthstone ring,expansion,210,HIGH,100,0.65,3.88,birthstone
mama necklace with birthstones,expansion,210,HIGH,100,0.73,2.31,birthstone
mothers birthstone necklace 2 stones,expansion,210,HIGH,100,0.97,5.18,birthstone
alexandrite birthstone necklace,expansion,210,HIGH,100,0.73,3.86,birthstone
3 birthstone ring for mom,expansion,210,HIGH,100,0.42,3.59,birthstone
birthstone necklace 4 stones,expansion,210,HIGH,100,1.37,7.0,birthstone
birthstone jewelry near me,expansion,210,HIGH,100,0.8,3.61,birthstone
name and birthstone bracelet,expansion,210,HIGH,100,1.12,4.24,birthstone
mother daughter birthstone jewelry,expansion,210,HIGH,100,0.79,5.45,birthstone
birthstone cross necklace for mom,expansion,210,HIGH,100,0.5,1.57,birthstone
swarovski birthstone bracelet,expansion,210,HIGH,100,0.22,2.08,birthstone
mothers ring with 3 birthstones,expansion,210,HIGH,100,0.42,3.59,birthstone
december birthstone gold necklace,expansion,210,HIGH,97,0.71,2.68,birthstone
tiffany and co birthstone necklace,expansion,210,HIGH,99,0.72,4.62,birthstone
gold mothers necklace with birthstones,expansion,210,HIGH,100,0.87,5.39,birthstone
vintage 3 stone mothers ring,expansion,210,HIGH,100,0.23,1.61,birthstone
pandora march birthstone ring,expansion,210,HIGH,100,0.28,0.69,birthstone
march birthstone ring gold,expansion,210,HIGH,100,0.68,2.13,birthstone
name bracelet with birthstone,expansion,210,HIGH,100,1.12,4.24,birthstone
birthstone name bracelet,expansion,210,HIGH,100,1.12,4.24,birthstone
november birthstone ring gold,expansion,210,HIGH,100,0.52,1.62,birthstone
mothers birthstone cross necklace,expansion,210,HIGH,100,0.5,1.57,birthstone
birthstone ring necklace,expansion,210,HIGH,100,0.72,3.18,birthstone
mickey mouse birthstone earrings,expansion,210,HIGH,100,0.23,1.09,birthstone
pisces birthstone ring,expansion,210,HIGH,100,0.57,2.18,birthstone
blue zircon bracelet,expansion,210,HIGH,100,0.4,2.11,birthstone
alexandrite stacking ring,expansion,210,HIGH,100,0.72,2.89,birthstone
birthstone necklace near me,expansion,210,HIGH,100,0.9,4.59,birthstone
pandora december birthstone ring,expansion,210,HIGH,100,0.27,0.69,birthstone
kendra scott december birthstone necklace,expansion,210,HIGH,100,0.54,1.82,birthstone
kendra scott elisa birthstone pendant necklace,expansion,210,MEDIUM,61,0.31,3.23,birthstone
mom ring with 3 birthstones,expansion,210,HIGH,100,0.42,3.59,birthstone
pisces birthstone jewelry,expansion,210,HIGH,100,0.57,2.18,birthstone
march birthstone gold ring,expansion,210,HIGH,100,0.68,2.13,birthstone
birthstone people necklace,expansion,210,HIGH,87,1.07,4.27,birthstone
gold mothers birthstone ring,expansion,210,HIGH,100,0.52,4.36,birthstone
women's december birthstone ring,expansion,210,HIGH,100,0.39,2.16,birthstone
large blue topaz necklace,expansion,210,HIGH,100,0.43,2.84,birthstone
blue zircon stud earrings,expansion,210,HIGH,99,0.38,2.92,birthstone
heart necklace with birthstones inside,expansion,210,HIGH,96,0.0,0.0,birthstone
emerald cut blue topaz earrings,expansion,210,HIGH,100,0.75,3.63,birthstone
sterling silver birthstone jewelry,expansion,210,HIGH,100,0.8,3.52,birthstone
mickey birthstone earrings,expansion,210,HIGH,100,0.23,1.09,birthstone
kendra scott birthstone necklace december,expansion,210,HIGH,100,0.54,1.82,birthstone
women's august birthstone ring,expansion,210,HIGH,100,0.47,2.26,birthstone
elisa birthstone pendant necklace kendra scott,expansion,210,MEDIUM,61,0.31,3.23,birthstone
birthstone necklace rings,expansion,210,HIGH,100,0.72,3.18,birthstone
vintage blue topaz necklace,expansion,210,HIGH,78,0.0,0.0,birthstone
tiffany necklace birthstones,expansion,210,HIGH,99,0.72,4.62,birthstone
kendra scott june necklace,expansion,210,HIGH,100,0.45,2.11,birthstone
women august birthstone ring,expansion,210,HIGH,100,0.47,2.26,birthstone
mothers birthstone ring gold,expansion,210,HIGH,100,0.52,4.36,birthstone
december birthstone ring men,expansion,210,HIGH,100,0.36,1.34,birthstone
women december birthstone ring,expansion,210,HIGH,100,0.39,2.16,birthstone
birthstone ring charm,expansion,210,HIGH,98,0.37,1.37,birthstone
antique blue topaz necklace,expansion,210,HIGH,94,0.0,0.0,birthstone
blue topaz necklace pendant,expansion,210,HIGH,100,0.72,4.33,birthstone
blue topaz pendant necklaces,expansion,210,HIGH,100,0.72,4.33,birthstone
december birthstone kendra scott necklace,expansion,210,HIGH,100,0.54,1.82,birthstone
june necklace kendra scott,expansion,210,HIGH,100,0.45,2.11,birthstone
kendra scott march necklace,expansion,210,HIGH,100,0.32,1.34,birthstone
mothers 3 birthstone ring,expansion,210,HIGH,100,0.42,3.59,birthstone
pandora birthstone december ring,expansion,210,HIGH,100,0.27,0.69,birthstone
pandora birthstone march ring,expansion,210,HIGH,100,0.28,0.69,birthstone
pisces birthstone jewellery,expansion,210,HIGH,100,0.57,2.18,birthstone
solitaire birthstone necklace,expansion,210,HIGH,100,1.08,2.74,birthstone
sterling silver yellow topaz ring,expansion,210,LOW,20,0.0,0.0,birthstone
yellow topaz sterling silver ring,expansion,210,LOW,20,0.0,0.0,birthstone
david yurman citrine earrings,expansion,210,HIGH,100,0.24,2.41,warm_stones
citrine tennis necklace,expansion,210,HIGH,100,0.49,2.55,warm_stones
gold tiger necklace,expansion,210,HIGH,100,0.47,1.99,warm_stones
topaz and citrine necklace,expansion,210,HIGH,100,0.67,3.43,warm_stones
van cleef carnelian necklace,expansion,210,HIGH,100,0.8,5.01,warm_stones
tiger necklace gold,expansion,210,HIGH,100,0.47,1.99,warm_stones
citrine cross necklace,expansion,210,HIGH,100,0.35,1.57,warm_stones
champagne citrine ring,expansion,210,HIGH,99,0.36,2.55,warm_stones
citrine topaz necklace,expansion,210,HIGH,100,0.67,3.43,warm_stones
gold citrine pendant,expansion,210,HIGH,100,0.69,2.67,warm_stones
carnelian pendant necklace,expansion,210,HIGH,100,0.36,1.35,warm_stones
tiffany citrine necklace,expansion,210,HIGH,100,0.61,2.61,warm_stones
citrine infinity ring,expansion,210,HIGH,100,1.23,7.35,warm_stones
opal and citrine ring,expansion,210,HIGH,100,0.44,1.98,warm_stones
tigers eye mens jewelry,expansion,210,HIGH,100,0.44,1.43,warm_stones
mens tiger eye ring gold,expansion,210,HIGH,100,0.32,1.49,warm_stones
citrine gemstone necklace,expansion,210,HIGH,100,0.58,2.22,warm_stones
emerald cut citrine pendant,expansion,210,HIGH,100,0.0,0.0,warm_stones
citrine statement necklace,expansion,210,HIGH,88,0.58,1.57,warm_stones
solitaire citrine ring,expansion,210,HIGH,100,0.46,1.9,warm_stones
princess cut citrine ring,expansion,210,HIGH,100,0.96,1.85,warm_stones
vintage citrine engagement ring,expansion,210,HIGH,100,0.51,2.24,warm_stones
amazon tiger eye bracelet,expansion,210,HIGH,100,0.42,0.58,warm_stones
yurman citrine earrings,expansion,210,HIGH,100,0.24,2.41,warm_stones
citrine silver bracelet,expansion,210,HIGH,98,0.42,1.23,warm_stones
citrine earrings david yurman,expansion,210,HIGH,100,0.24,2.41,warm_stones
carnelian intaglio ring,expansion,210,HIGH,100,0.0,0.0,warm_stones
mens ring citrine,expansion,210,HIGH,100,0.41,1.33,warm_stones
citrine gem necklace,expansion,210,HIGH,100,0.58,2.22,warm_stones
tiger eye silver bracelet,expansion,210,HIGH,100,0.35,0.91,warm_stones
citrine cross pendant,expansion,210,HIGH,100,0.35,1.57,warm_stones
high quality citrine bracelet,expansion,210,HIGH,100,0.35,1.87,warm_stones
tiger eye ring mens gold,expansion,210,HIGH,100,0.32,1.49,warm_stones
tiger eye bracelet amazon,expansion,210,HIGH,100,0.42,0.58,warm_stones
carnelian necklace pendant,expansion,210,HIGH,100,0.36,1.35,warm_stones
citrine and silver bracelet,expansion,210,HIGH,98,0.42,1.23,warm_stones
citrine princess cut ring,expansion,210,HIGH,100,0.96,1.85,warm_stones
citrine vintage engagement ring,expansion,210,HIGH,100,0.51,2.24,warm_stones
gold mens tiger eye ring,expansion,210,HIGH,100,0.32,1.49,warm_stones
green tiger eye ring,expansion,210,MEDIUM,52,0.0,0.0,warm_stones
light citrine ring,expansion,210,HIGH,96,0.0,0.0,warm_stones
men carnelian ring,expansion,210,HIGH,98,0.4,1.53,warm_stones
men's tiger eye ring gold,expansion,210,HIGH,100,0.32,1.49,warm_stones
orange carnelian jewelry,expansion,210,HIGH,100,0.0,0.0,warm_stones
rose quartz and citrine bracelet,expansion,210,HIGH,100,0.0,0.0,warm_stones
silver and citrine bracelet,expansion,210,HIGH,98,0.42,1.23,warm_stones
silver tiger eye bracelet,expansion,210,HIGH,100,0.35,0.91,warm_stones
tiger eye bracelet silver,expansion,210,HIGH,100,0.35,0.91,warm_stones
tigers eye jewelry men,expansion,210,HIGH,100,0.44,1.43,warm_stones
victorian citrine ring,expansion,210,HIGH,76,0.0,0.0,warm_stones
amber drop earrings,amber_core,170,HIGH,100,0.35,1.31,amber_general
raw amber necklace,amber_core,170,HIGH,100,0.32,1.33,amber_general
green amber earrings,amber_core,170,HIGH,100,0.19,1.11,amber_general
green amber ring,amber_core,170,HIGH,100,0.19,0.96,amber_general
amber hoop earrings,amber_core,170,HIGH,100,0.3,1.13,amber_general
amber and gold necklace,amber_core,170,HIGH,100,0.33,1.46,amber_general
real amber ring,amber_core,170,HIGH,99,0.2,0.96,amber_general
amber necklace gold,amber_core,170,HIGH,100,0.33,1.46,amber_general
red amber necklace,amber_core,170,HIGH,97,0.17,1.19,amber_general
amber ring with insect,amber_core,170,HIGH,99,0.18,1.01,amber_general
amber topaz ring,amber_core,170,HIGH,100,0.0,0.0,amber_general
amber earrings drop,amber_core,170,HIGH,100,0.35,1.31,amber_general
amber flower necklace,amber_core,170,HIGH,88,0.0,0.0,amber_general
amber mosquito ring,amber_core,170,HIGH,99,0.18,1.01,amber_general
amber necklace ebay,amber_core,170,HIGH,91,0.23,0.74,amber_general
amber ring etsy,amber_core,170,HIGH,100,0.0,0.0,amber_general
amber sun ring,amber_core,170,MEDIUM,42,0.0,0.0,amber_general
antique baltic amber necklace,amber_core,170,HIGH,99,0.07,0.55,amber_general
art deco amber necklace,amber_core,170,MEDIUM,58,0.0,0.0,amber_general
cherry bakelite necklace,amber_core,170,HIGH,100,0.09,0.41,amber_general
contemporary amber jewellery,amber_core,170,MEDIUM,52,0.0,0.0,amber_general
drop amber earrings,amber_core,170,HIGH,100,0.35,1.31,amber_general
modern amber jewellery,amber_core,170,MEDIUM,52,0.0,0.0,amber_general
rachel amber earring,amber_core,170,MEDIUM,45,0.19,0.39,amber_general
small amber ring,amber_core,170,MEDIUM,51,0.0,0.0,amber_general
vintage baltic amber necklace,amber_core,170,HIGH,99,0.07,0.55,amber_general
white amber pendant,amber_core,170,LOW,31,0.0,0.0,amber_general
amber ring with bug,amber_core,170,HIGH,99,0.18,1.01,amber_types
cognac amber,amber_core,170,HIGH,81,0.0,0.0,amber_types
victorian amber necklace,amber_core,170,HIGH,73,0.0,0.0,amber_types
caribbean green amber,amber_core,170,LOW,21,0.0,0.0,amber_colors
grandma necklace with grandkids birthstones,expansion,170,HIGH,100,0.89,3.73,gemstone
aquamarine heart necklace,expansion,170,HIGH,100,0.9,3.46,gemstone
genuine ruby necklace,expansion,170,HIGH,99,0.8,6.07,gemstone
montana blue sapphire ring,expansion,170,HIGH,100,0.73,2.59,gemstone
tanzanite pendant necklace,expansion,170,HIGH,100,0.77,4.78,gemstone
amethyst engagement ring set,expansion,170,HIGH,100,0.83,2.62,gemstone
moss agate ring engagement,expansion,170,HIGH,100,0.96,2.45,gemstone
rose gold birthstone necklace,expansion,170,HIGH,100,1.16,5.72,gemstone
natural emerald pendant,expansion,170,HIGH,100,1.4,9.92,gemstone
emerald anklet,expansion,170,HIGH,100,0.54,2.48,gemstone
engraved birthstone necklace,expansion,170,HIGH,100,1.36,5.1,gemstone
yellow sapphire pendant,expansion,170,HIGH,100,0.85,2.99,gemstone
aquamarine bracelet white gold,expansion,170,HIGH,100,0.94,3.34,gemstone
green amethyst engagement ring,expansion,170,HIGH,100,0.75,3.75,gemstone
emerald cut morganite ring,expansion,170,HIGH,100,0.57,3.07,gemstone
real emerald pendant,expansion,170,HIGH,100,0.86,3.59,gemstone
purple amethyst necklace,expansion,170,HIGH,100,0.67,2.47,gemstone
peridot heart necklace,expansion,170,HIGH,100,0.55,2.1,gemstone
green moss agate engagement ring,expansion,170,HIGH,100,1.11,3.38,gemstone
pear shaped emerald engagement ring,expansion,170,HIGH,100,1.46,8.31,gemstone
raw emerald necklace,expansion,170,HIGH,100,0.93,2.62,gemstone
aquamarine halo ring,expansion,170,HIGH,100,0.92,2.82,gemstone
citrine stackable ring,expansion,170,HIGH,100,0.61,1.95,gemstone
aquamarine necklace and earring set,expansion,170,HIGH,100,0.53,2.66,gemstone
blue sapphire heart necklace,expansion,170,HIGH,100,1.06,3.87,gemstone
effy citrine ring,expansion,170,HIGH,100,0.26,1.56,gemstone
sapphire bangle bracelet,expansion,170,HIGH,100,0.66,2.52,gemstone
rose gold amethyst necklace,expansion,170,HIGH,100,0.53,3.88,gemstone
amethyst anklet,expansion,170,HIGH,100,0.38,1.69,gemstone
1 carat emerald ring,expansion,170,HIGH,100,1.13,3.2,gemstone
tanzanite wedding ring set,expansion,170,HIGH,100,0.62,3.34,gemstone
genuine ruby jewelry,expansion,170,HIGH,100,0.47,2.0,gemstone
yellow topaz bracelet,expansion,170,HIGH,100,0.51,1.57,gemstone
14k gold emerald necklace,expansion,170,HIGH,100,1.11,3.75,gemstone
simple emerald ring,expansion,170,HIGH,100,0.79,2.56,gemstone
rose de france amethyst ring,expansion,170,HIGH,100,0.4,1.99,gemstone
pear cut emerald ring,expansion,170,HIGH,100,1.07,3.3,gemstone
ombre birthstone ring,expansion,170,HIGH,100,0.6,2.6,gemstone
lemon quartz ring,expansion,170,HIGH,99,0.28,1.7,gemstone
natural ruby stud earrings,expansion,170,HIGH,100,0.88,5.36,gemstone
tanzanite hoop earrings,expansion,170,HIGH,100,0.52,1.72,gemstone
pendant settings for loose stones,expansion,170,HIGH,100,0.3,1.38,gemstone
garnet cocktail ring,expansion,170,HIGH,100,0.38,2.92,gemstone
square cut emerald ring,expansion,170,HIGH,100,0.94,3.88,gemstone
moss agate and diamond engagement ring,expansion,170,HIGH,100,1.33,4.8,gemstone
pear shaped aquamarine ring,expansion,170,HIGH,100,1.01,3.48,gemstone
lab created blue sapphire ring,expansion,170,HIGH,100,0.75,3.13,gemstone
black gemstone engagement ring,expansion,170,HIGH,100,0.81,2.4,gemstone
aquamarine stone earrings,expansion,170,HIGH,100,0.53,2.28,gemstone
18k gold emerald ring,expansion,170,HIGH,100,0.9,4.47,gemstone
real carnelian necklace,expansion,170,HIGH,99,0.35,1.23,gemstone
morganite ring tiffany,expansion,170,HIGH,100,0.57,2.9,gemstone
blue emerald ring,expansion,170,HIGH,100,1.06,3.02,gemstone
amethyst jewelry near me,expansion,170,HIGH,100,0.5,3.5,gemstone
white gold opal engagement ring,expansion,170,HIGH,100,0.83,5.46,gemstone
3 carat aquamarine ring,expansion,170,HIGH,100,0.69,3.52,gemstone
tiffany aquamarine bracelet,expansion,170,HIGH,100,0.72,3.53,gemstone
emerald green stone ring,expansion,170,HIGH,100,1.04,2.82,gemstone
peridot cocktail ring,expansion,170,HIGH,100,0.44,3.3,gemstone
raw aquamarine ring,expansion,170,HIGH,100,0.45,2.29,gemstone
green topaz ring,expansion,170,HIGH,100,0.43,1.55,gemstone
14k emerald ring,expansion,170,HIGH,100,0.63,2.75,gemstone
rainbow stone ring,expansion,170,HIGH,100,0.35,1.71,gemstone
garnet stone bracelet,expansion,170,HIGH,100,0.49,2.23,gemstone
citrine stone bracelet,expansion,170,HIGH,100,0.31,1.38,gemstone
lab alexandrite ring,expansion,170,HIGH,100,0.65,2.65,gemstone
emerald cut tanzanite ring,expansion,170,HIGH,100,0.7,4.56,gemstone
london blue topaz and diamond ring,expansion,170,HIGH,100,0.8,3.28,gemstone
blue topaz rose gold ring,expansion,170,HIGH,100,0.8,3.43,gemstone
emerald green pendant,expansion,170,HIGH,100,0.78,4.38,gemstone
healing crystal earrings,expansion,170,HIGH,100,0.37,1.89,gemstone
raw sapphire ring,expansion,170,HIGH,100,0.47,1.95,gemstone
watermelon tourmaline engagement ring,expansion,170,HIGH,100,0.9,3.86,gemstone
opal stone bracelet,expansion,170,HIGH,100,0.37,1.41,gemstone
onyx stone necklace,expansion,170,HIGH,100,0.53,1.33,gemstone
real moonstone bracelet,expansion,170,HIGH,100,0.42,1.4,gemstone
blue green sapphire ring,expansion,170,HIGH,99,0.72,3.05,gemstone
peridot baguette ring,expansion,170,HIGH,100,0.55,2.57,gemstone
white gold gemstone ring,expansion,170,HIGH,100,0.56,2.31,gemstone
alexandrite stone necklace,expansion,170,HIGH,100,0.63,3.19,gemstone
blue sapphire halo ring,expansion,170,HIGH,100,1.3,2.95,gemstone
emerald ring designs,expansion,170,HIGH,100,0.75,2.56,gemstone
gold ring with aquamarine stone,expansion,170,HIGH,100,0.66,2.58,gemstone
green peridot ring,expansion,170,HIGH,100,0.58,1.98,gemstone
red opal ring,expansion,170,HIGH,98,0.44,1.75,gemstone
genuine moonstone ring,expansion,170,HIGH,100,0.49,1.61,gemstone
natural aquamarine earrings,expansion,170,HIGH,100,0.8,4.44,gemstone
round emerald ring,expansion,170,HIGH,100,1.09,4.23,gemstone
unakite bracelet,expansion,170,HIGH,100,0.34,1.31,gemstone
citrine hoop earrings,expansion,170,HIGH,99,0.45,2.0,gemstone
blue sapphire solitaire ring,expansion,170,HIGH,80,0.82,2.96,gemstone
pink garnet ring,expansion,170,HIGH,99,0.55,2.12,gemstone
large blue topaz ring,expansion,170,HIGH,100,0.72,2.33,gemstone
mystic topaz bracelet,expansion,170,HIGH,100,0.28,1.51,gemstone
blue topaz heart ring,expansion,170,HIGH,100,0.0,0.0,gemstone
morganite eternity ring,expansion,170,HIGH,100,0.87,2.64,gemstone
green quartz engagement ring,expansion,170,HIGH,100,1.07,3.11,gemstone
heart shaped opal ring,expansion,170,HIGH,100,0.37,1.29,gemstone
raw gemstone jewelry,expansion,170,HIGH,100,0.53,1.84,gemstone
black tourmaline crystal bracelet,expansion,170,HIGH,100,0.39,1.59,gemstone
green tourmaline bracelet,expansion,170,HIGH,100,0.46,1.85,gemstone
chrysocolla necklace,expansion,170,HIGH,100,0.28,1.04,gemstone
square aquamarine ring,expansion,170,HIGH,100,0.79,2.75,gemstone
natural amethyst ring,expansion,170,HIGH,100,0.47,1.8,gemstone
violet sapphire ring,expansion,170,HIGH,100,0.84,3.45,gemstone
aquamarine crystal bracelet,expansion,170,HIGH,100,0.52,1.58,gemstone
indicolite tourmaline ring,expansion,170,HIGH,100,0.34,1.85,gemstone
green amethyst bracelet,expansion,170,HIGH,100,0.27,1.75,gemstone
natural stones for jewelry making,expansion,170,HIGH,100,0.32,1.22,gemstone
emerald cut sapphire and diamond ring,expansion,170,HIGH,100,1.32,4.67,gemstone
green gemstone bracelet,expansion,170,HIGH,100,0.47,1.86,gemstone
black tourmaline crystal necklace,expansion,170,HIGH,100,0.38,1.34,gemstone
tanzanite rose gold ring,expansion,170,HIGH,100,0.94,4.31,gemstone
gold stone earrings,expansion,170,HIGH,100,0.46,1.48,gemstone
oval gemstone ring,expansion,170,HIGH,100,0.6,3.44,gemstone
purple garnet ring,expansion,170,HIGH,100,0.53,1.86,gemstone
yellow topaz and diamond ring,expansion,170,HIGH,100,0.61,2.61,gemstone
pear shaped amethyst ring,expansion,170,HIGH,100,0.41,2.53,gemstone
green stone earrings gold,expansion,170,HIGH,100,0.55,1.84,gemstone
green stone pendant necklace,expansion,170,HIGH,100,0.39,1.72,gemstone
green tourmaline pendant,expansion,170,HIGH,100,0.58,2.2,gemstone
oval citrine ring,expansion,170,HIGH,95,0.44,1.98,gemstone
topaz and emerald ring,expansion,170,HIGH,100,0.67,2.43,gemstone
moss agate silver ring,expansion,170,HIGH,100,0.91,3.17,gemstone
black gold amethyst ring,expansion,170,HIGH,94,0.72,2.34,gemstone
scorpio birthstone ring,expansion,170,HIGH,100,0.4,2.33,gemstone
black gemstone earrings,expansion,170,HIGH,100,0.34,1.18,gemstone
silver stone necklace,expansion,170,HIGH,100,0.46,1.36,gemstone
charoite bracelet,expansion,170,HIGH,100,0.34,1.39,gemstone
ametrine pendant,expansion,170,HIGH,100,0.42,2.69,gemstone
labradorite crystal bracelet,expansion,170,HIGH,100,0.37,1.57,gemstone
green aventurine pendant,expansion,170,HIGH,100,0.29,1.02,gemstone
amethyst healing bracelet,expansion,170,HIGH,81,0.39,1.51,gemstone
peridot signet ring,expansion,170,HIGH,100,0.55,2.46,gemstone
real black opal ring,expansion,170,HIGH,100,0.41,1.41,gemstone
agate stone bracelet,expansion,170,HIGH,100,0.25,1.29,gemstone
opal pendant silver,expansion,170,HIGH,100,0.36,1.36,gemstone
jade stone earrings,expansion,170,HIGH,91,0.09,1.61,gemstone
aventurine pendant,expansion,170,HIGH,100,0.31,1.51,gemstone
painite engagement ring,expansion,170,HIGH,100,1.13,2.81,gemstone
raw citrine ring,expansion,170,HIGH,100,0.18,0.67,gemstone
colored stone earrings,expansion,170,HIGH,100,0.32,1.16,gemstone
red jasper pendant,expansion,170,HIGH,100,0.3,0.87,gemstone
kunzite pendant,expansion,170,HIGH,100,0.37,0.89,gemstone
blue green tourmaline ring,expansion,170,HIGH,100,0.24,1.66,gemstone
carnelian stone bracelet,expansion,170,HIGH,100,0.44,1.28,gemstone
10 carat emerald ring,expansion,170,HIGH,100,1.09,3.02,gemstone
pink moonstone ring,expansion,170,HIGH,100,0.33,1.14,gemstone
blue apatite ring,expansion,170,HIGH,100,0.36,1.17,gemstone
two stone ring design,expansion,170,HIGH,100,0.74,2.18,gemstone
real emerald earrings price,expansion,170,HIGH,100,0.72,3.43,gemstone
green spinel ring,expansion,170,HIGH,100,0.36,1.99,gemstone
natural ruby earrings studs,expansion,170,HIGH,100,0.88,5.36,gemstone
white howlite bracelet,expansion,170,HIGH,97,0.26,1.04,gemstone
white star sapphire ring,expansion,170,HIGH,100,0.31,2.13,gemstone
natural jade necklace,expansion,170,HIGH,100,0.46,1.07,gemstone
unakite necklace,expansion,170,HIGH,100,0.21,0.88,gemstone
natural gemstones for jewelry making,expansion,170,HIGH,100,0.32,1.22,gemstone
green beryl ring,expansion,170,HIGH,100,0.47,2.29,gemstone
healing beads necklace,expansion,170,HIGH,76,0.39,2.0,gemstone
lavender quartz ring,expansion,170,HIGH,100,0.39,1.4,gemstone
yellow jasper bracelet,expansion,170,HIGH,99,0.18,0.77,gemstone
3 stone ring design,expansion,170,HIGH,100,0.92,3.04,gemstone
raw sapphire jewelry,expansion,170,HIGH,100,0.47,3.12,gemstone
three stone ring design,expansion,170,HIGH,100,0.92,3.04,gemstone
natural turquoise bracelet,expansion,170,HIGH,100,0.42,1.29,gemstone
healing stone earrings,expansion,170,HIGH,100,0.37,1.89,gemstone
raw sapphire bracelet,expansion,170,HIGH,72,0.44,2.25,gemstone
vintage black stone ring,expansion,170,HIGH,99,0.0,0.0,gemstone
aquamarine tiffany bracelet,expansion,170,HIGH,100,0.72,3.53,gemstone
labradorite stone ring,expansion,170,HIGH,100,0.31,1.34,gemstone
basra pearls necklace,expansion,170,HIGH,100,0.61,2.14,gemstone
natural coral bracelet,expansion,170,HIGH,94,0.15,1.21,gemstone
morganite crystal bracelet,expansion,170,HIGH,94,0.42,1.44,gemstone
emerald pendant natural,expansion,170,HIGH,100,1.4,9.92,gemstone
amethyst chakra necklace,expansion,170,MEDIUM,55,0.0,0.0,gemstone
beaded gemstone earrings,expansion,170,HIGH,100,0.39,2.01,gemstone
blue fluorite bracelet,expansion,170,HIGH,89,0.0,0.0,gemstone
earrings stone gold,expansion,170,HIGH,100,0.46,1.48,gemstone
natural red coral bracelet,expansion,170,HIGH,94,0.15,1.21,gemstone
protective stone jewelry,expansion,170,HIGH,94,0.64,2.58,gemstone
mothers necklace 2 stones,expansion,170,HIGH,100,0.73,3.56,birthstone
birthstone necklace for girlfriend,expansion,170,HIGH,100,1.64,6.95,birthstone
april birthstone earrings,expansion,170,HIGH,100,0.64,2.07,birthstone
birth stones necklace,expansion,170,HIGH,100,1.11,5.14,birthstone
birthstone necklace for mom pandora,expansion,170,HIGH,100,0.62,1.66,birthstone
5 birthstone ring,expansion,170,HIGH,100,0.83,3.09,birthstone
best birthstone jewelry,expansion,170,HIGH,99,1.54,7.58,birthstone
9 stone mothers ring,expansion,170,HIGH,100,0.26,1.48,birthstone
march birthstone engagement ring,expansion,170,HIGH,100,1.03,3.41,birthstone
3 birthstone necklace for mom,expansion,170,HIGH,100,1.18,8.96,birthstone
turquoise birthstone necklace,expansion,170,HIGH,100,0.42,1.98,birthstone
birthstone necklace for daughter,expansion,170,HIGH,100,0.87,5.65,birthstone
grandchildren birthstone bracelet,expansion,170,HIGH,100,0.67,2.97,birthstone
birthstone locket necklace,expansion,170,HIGH,100,0.61,3.35,birthstone
grandkids birthstone bracelet,expansion,170,HIGH,100,0.67,2.97,birthstone
leo birthstone ring,expansion,170,HIGH,100,0.0,0.0,birthstone
grandchildren birthstone jewelry,expansion,170,HIGH,100,0.89,2.85,birthstone
blue topaz bracelet sterling silver,expansion,170,HIGH,100,0.53,1.81,birthstone
december birthstone jewelry set,expansion,170,HIGH,100,0.42,1.87,birthstone
birthstone signet ring,expansion,170,HIGH,100,0.55,2.06,birthstone
sagittarius birthstone ring,expansion,170,HIGH,100,0.41,1.87,birthstone
october birthstone engagement ring,expansion,170,HIGH,100,0.9,2.46,birthstone
grandma ring with grandkids birthstones,expansion,170,HIGH,100,0.52,2.08,birthstone
blue topaz and pearl earrings,expansion,170,HIGH,100,0.63,3.39,birthstone
birthstone necklace rose gold,expansion,170,HIGH,100,1.16,5.72,birthstone
custom 3 stone birthstone ring,expansion,170,HIGH,100,0.81,3.02,birthstone
mothers ring with 5 birthstones,expansion,170,HIGH,100,0.64,3.27,birthstone
initial birthstone ring,expansion,170,HIGH,100,0.61,2.79,birthstone
grandkid birthstone jewelry,expansion,170,HIGH,100,0.89,2.85,birthstone
pandora october birthstone ring,expansion,170,HIGH,100,0.31,0.69,birthstone
pandora august birthstone ring,expansion,170,HIGH,100,0.38,1.07,birthstone
haverhill birthstone bracelet,expansion,170,HIGH,74,2.01,4.51,birthstone
angel birthstone necklace,expansion,170,HIGH,100,0.3,1.15,birthstone
kendra scott april birthstone necklace,expansion,170,HIGH,97,0.65,2.07,birthstone
his and hers birthstone ring,expansion,170,HIGH,100,0.67,2.51,birthstone
november birthstone ring pandora,expansion,170,HIGH,96,0.43,1.37,birthstone
pandora september birthstone ring,expansion,170,HIGH,100,0.31,1.47,birthstone
birthstone initial ring,expansion,170,HIGH,100,0.61,2.79,birthstone
blue topaz pendant gold,expansion,170,HIGH,100,0.88,5.75,birthstone
bezel birthstone necklace,expansion,170,HIGH,100,0.91,3.65,birthstone
october jewellery,expansion,170,HIGH,100,0.36,1.37,birthstone
initial and birthstone ring,expansion,170,HIGH,100,0.61,2.79,birthstone
november jewellery,expansion,170,HIGH,100,0.61,2.61,birthstone
engraved necklace birthstone,expansion,170,HIGH,100,1.36,5.1,birthstone
sterling silver birthstone necklace for mom,expansion,170,HIGH,88,0.55,3.98,birthstone
gold heart birthstone necklace,expansion,170,HIGH,100,0.44,2.17,birthstone
gold heart necklace with birthstones,expansion,170,HIGH,100,0.44,2.17,birthstone
james avery birthstone earrings,expansion,170,HIGH,100,0.04,0.58,birthstone
blue topaz jewellery set,expansion,170,HIGH,100,0.69,2.97,birthstone
september jewellery,expansion,170,HIGH,100,0.73,2.48,birthstone
december jewellery,expansion,170,HIGH,100,0.42,1.75,birthstone
birthstone bezel necklace,expansion,170,HIGH,100,0.91,3.65,birthstone
birthstone ring necklace charm,expansion,170,HIGH,100,0.41,1.61,birthstone
blue topaz gold pendant,expansion,170,HIGH,100,0.88,5.75,birthstone
kendra scott june birthstone necklace,expansion,170,HIGH,100,0.61,2.72,birthstone
birthstone engraved jewelry,expansion,170,HIGH,100,1.36,5.1,birthstone
rose gold necklace with birthstone,expansion,170,HIGH,100,1.16,5.72,birthstone
mothers necklace with 3 birthstones,expansion,170,HIGH,100,1.18,8.96,birthstone
november and march birthstone ring,expansion,170,HIGH,100,0.45,1.51,birthstone
five birthstone ring,expansion,170,HIGH,100,0.83,3.09,birthstone
birthstone and initial ring,expansion,170,HIGH,100,0.61,2.79,birthstone
necklace with birthstones for girlfriend,expansion,170,HIGH,100,1.64,6.95,birthstone
kendra scott birthstone necklace june,expansion,170,HIGH,100,0.61,2.72,birthstone
locket necklace birthstone,expansion,170,HIGH,100,0.61,3.35,birthstone
kendra scott birthstone necklace april,expansion,170,HIGH,97,0.65,2.07,birthstone
pandora ring november birthstone,expansion,170,HIGH,96,0.43,1.37,birthstone
baublebar birthstone necklace,expansion,170,HIGH,100,0.35,1.59,birthstone
women june birthstone ring,expansion,170,HIGH,100,0.39,1.99,birthstone
birthstone ring charm necklace,expansion,170,HIGH,100,0.41,1.61,birthstone
cherished birthstone ring james avery,expansion,170,MEDIUM,43,0.0,0.0,birthstone
glass baron birthstone necklace,expansion,170,MEDIUM,66,0.0,0.0,birthstone
gold blue topaz pendant,expansion,170,HIGH,100,0.88,5.75,birthstone
march and november birthstone ring,expansion,170,HIGH,100,0.45,1.51,birthstone
miss september playboy necklace,expansion,170,HIGH,87,0.04,0.13,birthstone
pandora ring september birthstone,expansion,170,HIGH,100,0.31,1.47,birthstone
playboy miss december necklace,expansion,170,HIGH,95,0.0,0.0,birthstone
citrine and diamond earrings,expansion,170,HIGH,100,0.87,4.08,warm_stones
citrine diamond earrings,expansion,170,HIGH,100,0.87,4.08,warm_stones
large citrine pendant,expansion,170,HIGH,100,0.51,1.34,warm_stones
citrine stacking ring,expansion,170,HIGH,100,0.61,1.95,warm_stones
citrine and diamond bracelet,expansion,170,HIGH,100,1.04,4.84,warm_stones
citrine necklace silver,expansion,170,HIGH,100,0.46,1.5,warm_stones
david yurman lemon citrine ring,expansion,170,HIGH,100,0.0,0.0,warm_stones
citrine sun necklace,expansion,170,HIGH,100,0.43,1.29,warm_stones
silver citrine necklace,expansion,170,HIGH,100,0.46,1.5,warm_stones
topaz and citrine jewelry,expansion,170,HIGH,100,0.68,2.17,warm_stones
carnelian signet ring,expansion,170,HIGH,100,0.35,1.39,warm_stones
amethyst and citrine necklace,expansion,170,HIGH,99,0.56,2.49,warm_stones
mens tiger ring,expansion,170,HIGH,100,0.26,1.99,warm_stones
red carnelian necklace,expansion,170,HIGH,100,0.29,1.21,warm_stones
citrine signet ring,expansion,170,HIGH,100,0.65,2.12,warm_stones
citrine topaz jewelry,expansion,170,HIGH,100,0.68,2.17,warm_stones
gold carnelian necklace,expansion,170,HIGH,100,0.52,1.48,warm_stones
carnelian gold necklace,expansion,170,HIGH,100,0.52,1.48,warm_stones
carnelian bead bracelet,expansion,170,HIGH,100,0.32,1.13,warm_stones
citrine and amethyst bracelet,expansion,170,HIGH,100,0.39,1.65,warm_stones
large citrine necklace,expansion,170,HIGH,100,0.42,1.12,warm_stones
carnelian necklace gold,expansion,170,HIGH,100,0.52,1.48,warm_stones
van cleef tiger eye necklace,expansion,170,HIGH,100,0.0,0.0,warm_stones
mens carnelian ring,expansion,170,HIGH,100,0.3,1.21,warm_stones
carnelian heart pendant,expansion,170,HIGH,97,0.39,0.97,warm_stones
men's carnelian bracelet,expansion,170,HIGH,92,0.54,1.83,warm_stones
diamond and citrine earrings,expansion,170,HIGH,100,0.87,4.08,warm_stones
carnelian drop earrings,expansion,170,HIGH,100,0.33,0.87,warm_stones
green citrine ring,expansion,170,HIGH,97,0.0,0.0,warm_stones
citrine oval ring,expansion,170,HIGH,95,0.44,1.98,warm_stones
tiger eye earrings gold,expansion,170,HIGH,100,0.2,0.99,warm_stones
carnelian gemstone jewelry,expansion,170,HIGH,100,0.43,1.93,warm_stones
carnelian bracelet men,expansion,170,HIGH,92,0.54,1.83,warm_stones
carnelian bracelet for men,expansion,170,HIGH,92,0.54,1.83,warm_stones
tiger eye stretch bracelet,expansion,170,HIGH,100,0.19,0.64,warm_stones
citrine jewelry for sale,expansion,170,LOW,25,0.0,0.0,warm_stones
citrine and rose quartz bracelet,expansion,170,HIGH,100,0.0,0.0,warm_stones
orange carnelian ring,expansion,170,MEDIUM,52,0.0,0.0,warm_stones
tiger mens ring,expansion,170,HIGH,100,0.26,1.99,warm_stones
amethyst citrine necklace,expansion,170,HIGH,99,0.56,2.49,warm_stones
antique citrine jewelry,expansion,170,HIGH,84,0.73,2.21,warm_stones
antique citrine pendant,expansion,170,HIGH,100,0.21,0.8,warm_stones
black tiger eye ring,expansion,170,LOW,31,0.0,0.0,warm_stones
carnelian bracelet price,expansion,170,HIGH,87,0.0,0.0,warm_stones
carnelian chip bracelet,expansion,170,LOW,30,0.0,0.0,warm_stones
citrine amethyst necklace,expansion,170,HIGH,99,0.56,2.49,warm_stones
citrine antique jewelry,expansion,170,HIGH,84,0.73,2.21,warm_stones
citrine chip bracelet,expansion,170,HIGH,79,0.0,0.0,warm_stones
citrine earrings with diamonds,expansion,170,HIGH,100,0.87,4.08,warm_stones
citrine pendant sterling silver,expansion,170,HIGH,95,0.3,0.81,warm_stones
citrine point pendant,expansion,170,HIGH,100,0.0,0.0,warm_stones
citrine sterling silver pendant,expansion,170,HIGH,95,0.3,0.81,warm_stones
diamond citrine earrings,expansion,170,HIGH,100,0.87,4.08,warm_stones
gold tiger eye earrings,expansion,170,HIGH,100,0.2,0.99,warm_stones
h stern citrine ring,expansion,170,HIGH,100,0.0,0.0,warm_stones
mens carnelian bracelet,expansion,170,HIGH,92,0.54,1.83,warm_stones
practical magic tigers eye necklace,expansion,170,HIGH,100,0.27,0.67,warm_stones
sterling silver citrine pendant,expansion,170,HIGH,95,0.3,0.81,warm_stones
sterling silver tiger eye necklace,expansion,170,HIGH,81,0.53,1.76,warm_stones
tiger eye gold earrings,expansion,170,HIGH,100,0.2,0.99,warm_stones
turquoise and tiger eye bracelet,expansion,170,HIGH,100,0.0,0.0,warm_stones
van cleef tigers eye necklace,expansion,170,HIGH,100,0.0,0.0,warm_stones
victorian citrine necklace,expansion,170,MEDIUM,58,0.0,0.0,warm_stones
vintage citrine pendant,expansion,170,HIGH,100,0.21,0.8,warm_stones
raw baltic amber necklace,amber_core,140,HIGH,100,0.59,2.24,amber_general
baltic necklaces,amber_core,140,HIGH,100,0.89,5.16,amber_general
real amber necklace,amber_core,140,HIGH,100,0.4,1.4,amber_general
amber bead bracelet,amber_core,140,HIGH,100,0.28,1.65,amber_general
baltic amber necklace for adults,amber_core,140,HIGH,100,0.32,1.36,amber_general
amber jewelry near me,amber_core,140,HIGH,97,0.49,3.03,amber_general
hazelwood necklace,amber_core,140,HIGH,100,0.7,3.28,amber_general
amber crystal necklace,amber_core,140,HIGH,91,0.0,0.0,amber_general
green amber necklace,amber_core,140,HIGH,91,0.0,0.0,amber_general
amber heart necklace,amber_core,140,HIGH,98,0.28,1.46,amber_general
canyon leaf necklace,amber_core,140,HIGH,100,1.22,5.18,amber_general
amber diamond ring,amber_core,140,HIGH,100,0.9,3.11,amber_general
amber and diamond ring,amber_core,140,HIGH,100,0.9,3.11,amber_general
amber jewelry with insects,amber_core,140,HIGH,100,0.17,0.68,amber_general
amber heart pendant,amber_core,140,HIGH,100,0.19,0.46,amber_general
large amber necklace,amber_core,140,HIGH,100,0.09,0.55,amber_general
blue amber ring,amber_core,140,HIGH,100,0.13,1.05,amber_general
large amber earrings,amber_core,140,HIGH,97,0.13,0.74,amber_general
amber sun necklace,amber_core,140,HIGH,100,0.48,1.26,amber_general
natural baltic amber necklace,amber_core,140,HIGH,96,0.0,0.0,amber_general
amber band ring,amber_core,140,HIGH,75,0.0,0.0,amber_general
amber crystal jewellery,amber_core,140,HIGH,100,0.43,1.13,amber_general
amber diamond necklace,amber_core,140,MEDIUM,66,0.0,0.0,amber_general
amber heart ring,amber_core,140,MEDIUM,64,0.0,0.0,amber_general
amber jewelry with bugs,amber_core,140,HIGH,100,0.17,0.68,amber_general
amber stores,amber_core,140,LOW,9,0.0,0.0,amber_general
antique cherry amber necklace,amber_core,140,HIGH,81,0.0,0.0,amber_general
baltic amber brooch,amber_core,140,MEDIUM,43,0.0,0.0,amber_general
baltic amber raw,amber_core,140,HIGH,100,0.28,1.15,amber_general
big amber necklace,amber_core,140,HIGH,100,0.09,0.55,amber_general
celtic amber ring,amber_core,140,MEDIUM,34,0.0,0.0,amber_general
ebay amber,amber_core,140,MEDIUM,55,0.0,0.0,amber_general
moroccan amber necklace,amber_core,140,MEDIUM,49,0.0,0.0,amber_general
pressed amber necklace,amber_core,140,HIGH,74,0.0,0.0,amber_general
solid amber ring,amber_core,140,HIGH,90,0.0,0.0,amber_general
vintage amber bead necklace,amber_core,140,HIGH,100,0.08,0.43,amber_general
vintage amber silver ring,amber_core,140,HIGH,70,0.0,0.0,amber_general
vintage cherry amber necklace,amber_core,140,HIGH,81,0.0,0.0,amber_general
yellow amber pendant,amber_core,140,HIGH,69,0.0,0.0,amber_general
raw baltic amber,amber_core,140,HIGH,100,0.28,1.15,amber_types
amber locket,amber_core,140,HIGH,92,0.0,0.0,amber_types
amber bee brooch,amber_core,140,MEDIUM,41,0.0,0.0,amber_types
amber ebay,amber_core,140,MEDIUM,55,0.0,0.0,amber_types
dark amber beads,amber_core,140,MEDIUM,39,0.0,0.0,amber_types
blue amber rings,amber_core,140,HIGH,100,0.13,1.05,amber_colors
cherry red amber,amber_core,140,MEDIUM,41,0.0,0.0,amber_colors
sapphire stackable ring,expansion,140,HIGH,99,0.72,2.96,gemstone
gold necklace with emerald stone,expansion,140,HIGH,100,0.93,4.11,gemstone
tanzanite bracelet white gold,expansion,140,HIGH,100,0.52,3.0,gemstone
teal sapphire necklace,expansion,140,HIGH,100,0.77,3.83,gemstone
topaz pendant necklace,expansion,140,HIGH,100,0.66,2.61,gemstone
sapphire stone necklace,expansion,140,HIGH,100,0.68,6.16,gemstone
peacock sapphire ring,expansion,140,HIGH,100,0.44,1.32,gemstone
garnet necklace and earring set,expansion,140,HIGH,100,0.35,2.23,gemstone
natural emerald bracelet,expansion,140,HIGH,100,1.1,4.45,gemstone
levian blueberry sapphire ring,expansion,140,HIGH,100,0.3,6.61,gemstone
citrine jewelry set,expansion,140,HIGH,100,0.47,2.44,gemstone
blue topaz stackable ring,expansion,140,HIGH,100,0.46,2.08,gemstone
green onyx necklace,expansion,140,HIGH,100,0.4,1.76,gemstone
pear shaped sapphire engagement ring,expansion,140,HIGH,100,1.58,4.66,gemstone
aquamarine anklet,expansion,140,HIGH,100,0.42,1.61,gemstone
white stone earrings,expansion,140,HIGH,100,0.3,1.24,gemstone
topaz drop earrings,expansion,140,HIGH,97,0.89,2.72,gemstone
opal anklet,expansion,140,HIGH,100,0.46,1.8,gemstone
aquamarine crystal necklace,expansion,140,HIGH,100,0.46,1.02,gemstone
gold ring with sapphire stone,expansion,140,HIGH,100,0.55,3.58,gemstone
natural moissanite ring,expansion,140,HIGH,100,0.68,2.32,gemstone
black sapphire bracelet,expansion,140,HIGH,100,0.89,2.5,gemstone
aquamarine baguette ring,expansion,140,HIGH,100,0.69,2.32,gemstone
pear and emerald cut ring,expansion,140,HIGH,100,0.0,0.0,gemstone
modern emerald ring,expansion,140,HIGH,100,0.83,2.6,gemstone
natural blue sapphire necklace,expansion,140,HIGH,100,1.03,4.5,gemstone
morganite halo ring,expansion,140,HIGH,100,0.73,5.13,gemstone
white opal bracelet,expansion,140,HIGH,100,0.55,2.21,gemstone
rose gold amethyst engagement ring,expansion,140,HIGH,100,1.15,4.92,gemstone
green onyx bracelet,expansion,140,HIGH,100,0.41,2.34,gemstone
oval aquamarine engagement ring,expansion,140,HIGH,100,1.39,4.55,gemstone
natural citrine ring,expansion,140,HIGH,100,0.47,1.66,gemstone
opal moon necklace,expansion,140,HIGH,99,0.36,1.93,gemstone
heart shaped amethyst ring,expansion,140,HIGH,100,0.34,2.1,gemstone
simple opal ring,expansion,140,HIGH,100,0.44,1.42,gemstone
moss agate rose gold ring,expansion,140,HIGH,100,0.9,3.05,gemstone
mens signet ring with stone,expansion,140,HIGH,100,0.68,2.06,gemstone
rose gold blue sapphire ring,expansion,140,HIGH,100,0.77,2.12,gemstone
amethyst crystal pendant,expansion,140,HIGH,100,0.38,1.65,gemstone
blue lapis bracelet,expansion,140,HIGH,100,0.38,1.45,gemstone
platinum opal ring,expansion,140,HIGH,100,0.98,2.65,gemstone
csarite ring,expansion,140,HIGH,99,0.48,2.28,gemstone
emerald necklace and earrings,expansion,140,HIGH,99,1.48,5.76,gemstone
purple stone bracelet,expansion,140,HIGH,99,0.38,1.09,gemstone
blue sapphire band ring,expansion,140,HIGH,100,0.62,2.37,gemstone
blue sapphire heart ring,expansion,140,HIGH,100,0.3,2.3,gemstone
silver ring with emerald stone,expansion,140,HIGH,100,0.56,1.86,gemstone
gemstone huggie earrings,expansion,140,HIGH,100,0.59,2.37,gemstone
3 gemstone ring,expansion,140,HIGH,100,0.88,4.91,gemstone
yellow topaz pendant,expansion,140,HIGH,100,0.51,2.29,gemstone
natural opal engagement ring,expansion,140,HIGH,100,0.66,2.79,gemstone
ceylon blue sapphire ring,expansion,140,HIGH,100,0.6,2.31,gemstone
real citrine necklace,expansion,140,HIGH,100,0.56,1.58,gemstone
chakra crystal bracelet,expansion,140,HIGH,100,0.56,2.17,gemstone
asscher cut emerald ring,expansion,140,HIGH,100,1.21,5.3,gemstone
gold ring with opal stone,expansion,140,HIGH,100,0.86,3.34,gemstone
raw stone jewelry,expansion,140,HIGH,100,0.3,1.29,gemstone
blue opal pendant,expansion,140,HIGH,100,0.34,2.0,gemstone
14k opal ring,expansion,140,HIGH,100,0.53,2.06,gemstone
dark sapphire ring,expansion,140,HIGH,100,0.5,3.53,gemstone
oval blue sapphire ring,expansion,140,HIGH,100,0.91,5.84,gemstone
oval morganite ring,expansion,140,HIGH,99,0.69,3.07,gemstone
blue aquamarine ring,expansion,140,HIGH,100,0.63,2.98,gemstone
rainbow topaz ring,expansion,140,HIGH,100,0.3,1.57,gemstone
14k white gold sapphire ring,expansion,140,HIGH,100,0.64,2.33,gemstone
tanzanite ring price,expansion,140,HIGH,100,0.35,1.45,gemstone
solid gold opal ring,expansion,140,HIGH,100,0.47,2.26,gemstone
peridot wedding ring set,expansion,140,HIGH,100,0.53,2.7,gemstone
blue stone ring for men,expansion,140,HIGH,100,0.49,2.26,gemstone
lemon quartz earrings,expansion,140,HIGH,100,0.22,1.11,gemstone
citrine gemstone ring,expansion,140,HIGH,100,0.9,3.34,gemstone
14k gold moonstone ring,expansion,140,HIGH,100,0.55,2.19,gemstone
red stone engagement ring,expansion,140,HIGH,100,1.04,2.51,gemstone
double gemstone ring,expansion,140,HIGH,100,0.97,2.72,gemstone
small opal ring,expansion,140,HIGH,100,0.34,1.46,gemstone
pink sapphire and diamond engagement ring,expansion,140,HIGH,100,1.24,4.19,gemstone
tourmaline stone necklace,expansion,140,HIGH,100,0.46,1.11,gemstone
prasiolite engagement ring,expansion,140,HIGH,100,1.44,3.91,gemstone
princess cut amethyst ring,expansion,140,HIGH,100,0.59,2.05,gemstone
oval tanzanite ring,expansion,140,HIGH,100,0.99,3.96,gemstone
blue and white sapphire ring,expansion,140,HIGH,99,0.43,2.25,gemstone
blue garnet ring,expansion,140,HIGH,100,0.57,2.37,gemstone
solitaire gemstone ring,expansion,140,HIGH,100,0.77,3.0,gemstone
garnet gemstone ring,expansion,140,HIGH,100,0.77,2.66,gemstone
gold ring with garnet stone,expansion,140,HIGH,100,0.58,2.63,gemstone
opal ring set,expansion,140,HIGH,100,0.66,2.3,gemstone
emerald cut topaz ring,expansion,140,HIGH,100,0.63,2.37,gemstone
lavender opal ring,expansion,140,HIGH,100,0.62,2.01,gemstone
rainbow stone bracelet,expansion,140,HIGH,100,0.39,1.28,gemstone
multi stone earrings,expansion,140,HIGH,100,0.32,1.93,gemstone
14k sapphire ring,expansion,140,HIGH,99,0.69,2.11,gemstone
oval garnet ring,expansion,140,HIGH,100,0.5,1.84,gemstone
natural aquamarine jewelry,expansion,140,HIGH,99,0.76,3.42,gemstone
australian fire opal ring,expansion,140,HIGH,100,0.56,1.81,gemstone
emerald and topaz ring,expansion,140,HIGH,100,0.65,2.11,gemstone
cushion cut amethyst ring,expansion,140,HIGH,100,0.35,2.23,gemstone
tiffany citrine ring,expansion,140,HIGH,100,0.36,2.1,gemstone
princess cut opal ring,expansion,140,HIGH,100,0.92,2.56,gemstone
grey spinel engagement ring,expansion,140,HIGH,100,0.64,2.22,gemstone
emerald stone ring for men,expansion,140,HIGH,100,0.61,1.79,gemstone
moissanite stone ring,expansion,140,HIGH,99,0.55,1.94,gemstone
amethyst signet ring,expansion,140,HIGH,100,0.38,1.69,gemstone
alexandrite stone engagement ring,expansion,140,HIGH,100,0.79,2.06,gemstone
lavender amethyst ring,expansion,140,HIGH,100,0.56,2.31,gemstone
obsidian stone necklace,expansion,140,HIGH,100,0.45,1.49,gemstone
multi gemstone drop earrings,expansion,140,HIGH,100,0.33,1.09,gemstone
pietersite bracelet,expansion,140,HIGH,100,0.29,1.44,gemstone
14k amethyst ring,expansion,140,HIGH,100,0.47,1.68,gemstone
natural blue sapphire pendant,expansion,140,HIGH,100,1.03,4.5,gemstone
turquoise stones for jewelry making,expansion,140,HIGH,100,0.32,1.4,gemstone
large topaz ring,expansion,140,HIGH,100,0.25,1.35,gemstone
pink kunzite ring,expansion,140,HIGH,100,0.38,1.22,gemstone
blue stone pendant necklace,expansion,140,HIGH,100,0.37,2.06,gemstone
ammolite necklace,expansion,140,HIGH,99,0.32,1.7,gemstone
lapis lazuli crystal necklace,expansion,140,HIGH,99,0.44,1.31,gemstone
mystic topaz pendant,expansion,140,HIGH,100,0.27,1.09,gemstone
crystal stone jewelry,expansion,140,HIGH,100,0.69,1.7,gemstone
crystal bracelet for good luck,expansion,140,HIGH,99,0.37,0.57,gemstone
diamond stone ring,expansion,140,HIGH,100,0.89,2.46,gemstone
red topaz ring,expansion,140,HIGH,100,0.68,5.47,gemstone
vintage gemstone jewelry,expansion,140,HIGH,100,0.34,1.37,gemstone
aqeeq stone ring,expansion,140,HIGH,99,0.36,1.67,gemstone
rainbow tourmaline bracelet,expansion,140,HIGH,100,0.52,1.43,gemstone
dark blue stone ring,expansion,140,HIGH,100,0.34,2.1,gemstone
healing crystal pendant,expansion,140,HIGH,100,0.34,1.17,gemstone
sugilite necklace,expansion,140,HIGH,100,0.4,1.31,gemstone
orange garnet ring,expansion,140,HIGH,100,0.45,2.09,gemstone
natural turquoise earrings,expansion,140,HIGH,90,0.5,1.01,gemstone
marble pendant,expansion,140,HIGH,100,0.88,5.02,gemstone
botswana agate bracelet,expansion,140,HIGH,100,0.37,1.15,gemstone
raw stone necklace,expansion,140,HIGH,100,0.36,1.06,gemstone
aquamarine crystal ring,expansion,140,HIGH,98,0.45,2.08,gemstone
yellow opal ring,expansion,140,HIGH,100,0.43,2.11,gemstone
platinum ring with blue sapphire,expansion,140,HIGH,100,1.5,3.66,gemstone
natural zircon ring,expansion,140,HIGH,100,0.31,1.49,gemstone
blue stone necklace pendant,expansion,140,HIGH,100,0.37,2.06,gemstone
peach moonstone ring,expansion,140,HIGH,100,0.41,1.46,gemstone
stone diamond ring,expansion,140,HIGH,100,0.89,2.46,gemstone
natural aquamarine pendant,expansion,140,HIGH,83,0.92,2.29,gemstone
blood stone jewelry,expansion,140,HIGH,100,0.29,0.93,gemstone
women pink sapphire ring,expansion,140,HIGH,100,0.61,3.68,gemstone
natural jade pendant,expansion,140,HIGH,100,0.18,0.79,gemstone
pandora stone ring,expansion,140,HIGH,98,0.28,0.69,gemstone
cherry quartz bracelet,expansion,140,HIGH,89,0.0,0.0,gemstone
alexandrite pendant natural,expansion,140,HIGH,100,0.72,2.19,gemstone
yellow sapphire silver ring,expansion,140,HIGH,100,0.55,1.57,gemstone
healing stone pendant,expansion,140,HIGH,100,0.34,1.17,gemstone
akik stone ring,expansion,140,HIGH,99,0.36,1.67,gemstone
raw carnelian necklace,expansion,140,MEDIUM,35,0.0,0.0,gemstone
bohemian turquoise jewelry,expansion,140,HIGH,100,0.14,0.91,gemstone
natural turquoise pendant,expansion,140,HIGH,100,0.6,1.13,gemstone
natural moonstone pendant,expansion,140,MEDIUM,58,0.0,0.0,gemstone
rose quartz chakra bracelet,expansion,140,HIGH,87,0.0,0.0,gemstone
real amethyst necklace price,expansion,140,HIGH,100,0.26,0.91,gemstone
blue healing crystal necklace,expansion,140,MEDIUM,54,0.0,0.0,gemstone
blue stone bead necklace,expansion,140,HIGH,93,0.0,0.0,gemstone
cat's eye stone jewelry,expansion,140,HIGH,73,0.0,0.0,gemstone
cherry blossom agate bracelet,expansion,140,HIGH,84,0.0,0.0,gemstone
crystal stone for jewelry,expansion,140,HIGH,100,0.69,1.7,gemstone
golden healer quartz jewelry,expansion,140,HIGH,93,0.93,4.45,gemstone
healing bracelet stones,expansion,140,HIGH,100,0.3,1.44,gemstone
soapstone pendant,expansion,140,MEDIUM,35,0.0,0.0,gemstone
two stone mothers ring,expansion,140,HIGH,100,0.61,3.55,birthstone
three birthstone bracelet,expansion,140,HIGH,100,1.32,5.71,birthstone
4 birthstone bracelet,expansion,140,HIGH,100,1.31,5.91,birthstone
swiss blue topaz necklace,expansion,140,HIGH,100,0.61,2.75,birthstone
butterfly birthstone necklace,expansion,140,HIGH,100,0.8,2.89,birthstone
birthstone charm necklace for mom,expansion,140,HIGH,100,0.85,4.05,birthstone
sapphire birthstone bracelet,expansion,140,HIGH,100,0.66,7.23,birthstone
birthstone hoop earrings,expansion,140,HIGH,100,0.46,2.73,birthstone
birthstone charm bracelet for mom,expansion,140,HIGH,100,1.05,3.28,birthstone
birthstone jewelry sets,expansion,140,HIGH,100,0.82,3.42,birthstone
disney birthstone necklace,expansion,140,HIGH,100,0.47,1.82,birthstone
blue topaz earrings white gold,expansion,140,HIGH,100,0.59,3.67,birthstone
zales mother's birthstone ring,expansion,140,HIGH,100,0.58,2.0,birthstone
birthstone necklace you can add to,expansion,140,HIGH,100,0.95,2.89,birthstone
initial and birthstone necklace for mom,expansion,140,HIGH,100,1.14,4.31,birthstone
solid gold birthstone necklace,expansion,140,HIGH,100,1.02,3.61,birthstone
blue topaz hoop earrings,expansion,140,HIGH,100,0.36,4.01,birthstone
london blue topaz tennis bracelet,expansion,140,HIGH,100,1.1,5.68,birthstone
heart shaped birthstone necklace,expansion,140,HIGH,100,0.77,2.81,birthstone
march birthstone necklace gold,expansion,140,HIGH,100,0.73,3.37,birthstone
multiple birthstone necklace for mom,expansion,140,HIGH,100,0.89,4.46,birthstone
3 birthstone bracelet for mom,expansion,140,HIGH,100,1.19,6.24,birthstone
gold birthstone jewelry,expansion,140,HIGH,100,1.08,4.02,birthstone
kendra scott birthstone earrings,expansion,140,HIGH,100,0.4,1.71,birthstone
birthstone necklace for new mom,expansion,140,HIGH,100,1.06,6.59,birthstone
heart pendant with birthstones,expansion,140,HIGH,98,0.97,4.63,birthstone
custom family birthstone necklace,expansion,140,HIGH,100,1.89,9.32,birthstone
personalized family birthstone necklace,expansion,140,HIGH,100,1.89,9.32,birthstone
mother's charm necklace with birthstones,expansion,140,HIGH,100,0.85,4.05,birthstone
birthstone necklace kay,expansion,140,HIGH,100,0.53,2.77,birthstone
build your own birthstone ring,expansion,140,HIGH,76,0.82,2.74,birthstone
blue topaz necklace silver,expansion,140,HIGH,100,0.73,3.61,birthstone
kohls birthstone jewelry,expansion,140,MEDIUM,63,0.42,1.72,birthstone
heart birthstone necklace for mom,expansion,140,HIGH,100,0.73,2.89,birthstone
10k gold birthstone ring,expansion,140,HIGH,100,0.26,1.78,birthstone
yellow topaz stud earrings,expansion,140,HIGH,100,0.47,2.47,birthstone
pandora july birthstone ring,expansion,140,HIGH,100,0.39,0.69,birthstone
november ring,expansion,140,HIGH,100,0.27,1.64,birthstone
blue topaz earrings 14k gold,expansion,140,HIGH,100,0.56,4.22,birthstone
tanzanite birthstone ring,expansion,140,HIGH,100,0.58,3.65,birthstone
birthstone ring 5 stones,expansion,140,HIGH,100,0.51,2.92,birthstone
mom heart necklace with birthstones,expansion,140,HIGH,100,0.73,2.89,birthstone
june and december birthstone ring,expansion,140,HIGH,100,0.4,1.8,birthstone
blue topaz bracelet silver,expansion,140,HIGH,100,0.4,1.94,birthstone
pink birthstone ring,expansion,140,HIGH,100,0.46,2.05,birthstone
november birthstone jewelry set,expansion,140,HIGH,100,0.36,1.94,birthstone
october birthstone ring gold,expansion,140,HIGH,100,0.7,2.5,birthstone
virgo birthstone ring,expansion,140,HIGH,100,0.55,2.67,birthstone
march birthstone gold necklace,expansion,140,HIGH,100,0.73,3.37,birthstone
blue topaz flower earrings,expansion,140,HIGH,100,0.57,1.97,birthstone
orange topaz earrings,expansion,140,HIGH,100,0.6,4.45,birthstone
birthstone necklace kays,expansion,140,HIGH,100,0.53,2.77,birthstone
mother's heart necklace with birthstones,expansion,140,HIGH,100,0.73,2.89,birthstone
pandora january birthstone ring,expansion,140,HIGH,100,0.38,1.03,birthstone
real yellow topaz ring,expansion,140,HIGH,100,0.38,1.45,birthstone
kendra scott november birthstone necklace,expansion,140,HIGH,100,0.58,2.47,birthstone
pandora june birthstone ring,expansion,140,HIGH,100,0.29,0.69,birthstone
august and december birthstone ring,expansion,140,HIGH,100,0.59,1.91,birthstone
february birthstone ring pandora,expansion,140,HIGH,99,0.43,0.82,birthstone
haverhill birthstone ring,expansion,140,HIGH,88,1.48,4.51,birthstone
blue topaz pendant silver,expansion,140,HIGH,100,0.55,2.29,birthstone
blue topaz silver earrings,expansion,140,HIGH,100,0.39,2.27,birthstone
november birthstone jewellery set,expansion,140,HIGH,100,0.36,1.94,birthstone
gold birthstone jewellery,expansion,140,HIGH,100,1.08,4.02,birthstone
kendra scott birthstone necklace september,expansion,140,HIGH,100,0.64,1.98,birthstone
breast milk ring with birthstone,expansion,140,HIGH,100,0.36,1.48,birthstone
kendra scott september birthstone necklace,expansion,140,HIGH,100,0.64,1.98,birthstone
teddy bear birthstone necklace,expansion,140,HIGH,87,0.0,0.0,birthstone
yellow topaz earrings studs,expansion,140,HIGH,100,0.47,2.47,birthstone
may and june birthstone ring,expansion,140,HIGH,100,0.63,1.61,birthstone
november birthstone mens ring,expansion,140,HIGH,100,0.46,1.37,birthstone
february birthstone mens ring,expansion,140,HIGH,98,0.44,1.28,birthstone
james avery cherished birthstone ring,expansion,140,HIGH,77,0.0,0.0,birthstone
mothers ring names,expansion,140,HIGH,84,0.52,2.19,birthstone
claire's birthstone earrings,expansion,140,HIGH,98,0.36,2.89,birthstone
birth month jewellery,expansion,140,HIGH,100,0.95,2.59,birthstone
emerald cut blue topaz pendant,expansion,140,HIGH,100,0.0,0.0,birthstone
london blue topaz earrings silver,expansion,140,HIGH,100,0.0,0.0,birthstone
sterling silver birthstone pendant,expansion,140,HIGH,100,0.76,2.42,birthstone
hidden birthstone engagement ring,expansion,140,HIGH,100,1.56,5.24,birthstone
square blue topaz earrings,expansion,140,HIGH,99,0.49,2.6,birthstone
october birthstone gold ring,expansion,140,HIGH,100,0.7,2.5,birthstone
leafael necklace,expansion,140,HIGH,100,0.15,1.28,birthstone
heart birthstone pendant,expansion,140,HIGH,98,0.97,4.63,birthstone
birthstone family & mother's necklace,expansion,140,HIGH,80,0.0,0.0,birthstone
kendra scott birthstone necklace november,expansion,140,HIGH,100,0.58,2.47,birthstone
mother birthstone heart necklace,expansion,140,HIGH,100,0.73,2.89,birthstone
teddy bear necklace with birthstone,expansion,140,HIGH,87,0.0,0.0,birthstone
10kt gold birthstone ring,expansion,140,HIGH,100,0.26,1.78,birthstone
birthstone earrings claire's,expansion,140,HIGH,98,0.36,2.89,birthstone
birthstone ring pandora june,expansion,140,HIGH,100,0.29,0.69,birthstone
february birthstone ring for men,expansion,140,HIGH,98,0.44,1.28,birthstone
february pandora birthstone ring,expansion,140,HIGH,99,0.43,0.82,birthstone
mom heart birthstone necklace,expansion,140,HIGH,100,0.73,2.89,birthstone
pandora birthstone june ring,expansion,140,HIGH,100,0.29,0.69,birthstone
pandora birthstone ring for june,expansion,140,HIGH,100,0.29,0.69,birthstone
pandora feb birthstone ring,expansion,140,HIGH,99,0.43,0.82,birthstone
pandora ring february birthstone,expansion,140,HIGH,99,0.43,0.82,birthstone
pandora ring january birthstone,expansion,140,HIGH,100,0.38,1.03,birthstone
pandora ring july birthstone,expansion,140,HIGH,100,0.39,0.69,birthstone
personalized birthstone couples ring,expansion,140,HIGH,100,0.73,1.66,birthstone
silver and blue topaz necklace,expansion,140,HIGH,100,0.73,3.61,birthstone
virgo stone ring,expansion,140,HIGH,100,0.55,2.67,birthstone
citrine and diamond necklace,expansion,140,HIGH,100,1.0,5.04,warm_stones
citrine diamond necklace,expansion,140,HIGH,100,1.0,5.04,warm_stones
citrine and diamond engagement ring,expansion,140,HIGH,100,1.21,4.55,warm_stones
tigers eye signet ring,expansion,140,HIGH,100,0.71,1.96,warm_stones
pear shaped citrine ring,expansion,140,HIGH,100,0.36,1.51,warm_stones
citrine heart ring,expansion,140,HIGH,100,0.35,13.0,warm_stones
citrine diamond engagement ring,expansion,140,HIGH,100,1.21,4.55,warm_stones
citrine bead bracelet,expansion,140,HIGH,99,0.4,1.89,warm_stones
citrine pinky ring,expansion,140,HIGH,100,0.34,1.39,warm_stones
diamond and citrine necklace,expansion,140,HIGH,100,1.0,5.04,warm_stones
vca tiger eye bracelet,expansion,140,HIGH,100,1.29,14.24,warm_stones
vintage citrine cocktail ring,expansion,140,HIGH,100,0.0,0.0,warm_stones
citrine and blue topaz ring,expansion,140,HIGH,100,0.71,2.26,warm_stones
pandora citrine ring,expansion,140,HIGH,87,0.69,1.2,warm_stones
citrine and pearl ring,expansion,140,HIGH,100,0.39,2.2,warm_stones
square citrine ring,expansion,140,HIGH,100,0.0,0.0,warm_stones
3 stone citrine ring,expansion,140,HIGH,99,0.49,1.98,warm_stones
etsy carnelian necklace,expansion,140,HIGH,90,0.01,0.71,warm_stones
citrine square ring,expansion,140,HIGH,100,0.0,0.0,warm_stones
citrine gem ring,expansion,140,HIGH,100,0.9,3.34,warm_stones
madeira citrine pendant,expansion,140,HIGH,75,0.0,0.0,warm_stones
carnelian agate ring,expansion,140,MEDIUM,65,0.0,0.0,warm_stones
carnelian bangle bracelet,expansion,140,HIGH,93,0.26,0.87,warm_stones
carnelian necklace sterling silver,expansion,140,HIGH,99,0.42,1.13,warm_stones
carnelian sterling silver necklace,expansion,140,HIGH,99,0.42,1.13,warm_stones
carnelian stone earrings,expansion,140,HIGH,96,0.52,1.84,warm_stones
citrine bracelet for wealth,expansion,140,HIGH,92,0.0,0.0,warm_stones
red tiger eye ring,expansion,140,HIGH,88,0.26,0.68,warm_stones
sterling silver carnelian necklace,expansion,140,HIGH,99,0.42,1.13,warm_stones
tiffany and co citrine ring,expansion,140,HIGH,100,0.36,2.1,warm_stones
tiger eye crystal ring,expansion,140,HIGH,78,0.0,0.0,warm_stones
tiger eye heart pendant,expansion,140,HIGH,100,0.27,0.9,warm_stones
tiger eye jewelry for women,expansion,140,HIGH,100,0.37,1.76,warm_stones
tiger necklace pendants,expansion,140,HIGH,100,0.34,1.85,warm_stones
trillion cut citrine ring,expansion,140,HIGH,99,0.0,0.0,warm_stones
vintage alhambra pendant carnelian,expansion,140,HIGH,100,0.0,0.0,warm_stones
genuine amber jewelry,amber_core,110,MEDIUM,40,0.22,0.75,amber_general
amber jewelry for sale,amber_core,110,HIGH,98,0.22,2.68,amber_general
real amber bracelet,amber_core,110,HIGH,100,0.29,1.13,amber_general
ember necklace,amber_core,110,HIGH,95,0.7,2.99,amber_general
real amber beads,amber_core,110,HIGH,100,0.29,0.63,amber_general
genuine amber bracelet,amber_core,110,HIGH,100,0.29,1.13,amber_general
polish amber necklace,amber_core,110,HIGH,100,0.26,1.08,amber_general
larimar and amber jewelry,amber_core,110,HIGH,100,0.23,0.85,amber_general
antique amber jewelry,amber_core,110,HIGH,100,0.15,0.8,amber_general
green amber bracelet,amber_core,110,HIGH,92,0.45,0.83,amber_general
yellow amber earrings,amber_core,110,MEDIUM,59,0.0,0.0,amber_general
gold amber pendant,amber_core,110,HIGH,100,0.0,0.0,amber_general
amber charm,amber_core,110,HIGH,82,0.0,0.0,amber_general
red amber earrings,amber_core,110,HIGH,77,0.0,0.0,amber_general
amber gift,amber_core,110,HIGH,100,0.38,0.92,amber_general
blue amber earrings,amber_core,110,MEDIUM,47,0.26,0.83,amber_general
amber necklace with insect,amber_core,110,HIGH,100,0.26,1.47,amber_general
amber and gold pendant,amber_core,110,HIGH,100,0.0,0.0,amber_general
amber bracelet for women,amber_core,110,HIGH,100,0.33,1.3,amber_general
amber bug necklace,amber_core,110,HIGH,100,0.26,1.47,amber_general
amber chains,amber_core,110,HIGH,68,0.0,0.0,amber_general
amber crystal pendant,amber_core,110,HIGH,68,0.0,0.0,amber_general
amber heart earrings,amber_core,110,HIGH,86,0.27,1.07,amber_general
amber sceats emery bracelet,amber_core,110,MEDIUM,41,0.0,0.0,amber_general
amber sun pendant,amber_core,110,HIGH,100,0.19,0.72,amber_general
butterscotch amber bracelet,amber_core,110,HIGH,77,0.0,0.0,amber_general
carved amber jewelry,amber_core,110,LOW,31,0.0,0.0,amber_general
cherry amber bakelite necklace,amber_core,110,HIGH,97,0.04,0.43,amber_general
cherry amber earrings,amber_core,110,HIGH,81,0.0,0.0,amber_general
cherry amber pendant,amber_core,110,MEDIUM,59,0.0,0.0,amber_general
cherry amber ring,amber_core,110,MEDIUM,65,0.0,0.0,amber_general
chunky amber bracelet,amber_core,110,HIGH,100,0.0,0.0,amber_general
crystals amber,amber_core,110,LOW,26,0.0,0.0,amber_general
gold and amber pendant,amber_core,110,HIGH,100,0.0,0.0,amber_general
house amber necklace,amber_core,110,LOW,0,0.0,0.0,amber_general
large amber pendant necklace,amber_core,110,HIGH,100,0.0,0.0,amber_general
red amber ring,amber_core,110,HIGH,82,0.0,0.0,amber_general
viking amber necklace,amber_core,110,LOW,20,0.0,0.0,amber_general
white amber jewelry,amber_core,110,HIGH,85,0.0,0.0,amber_general
white amber ring,amber_core,110,HIGH,73,0.0,0.0,amber_general
zebra amber,amber_core,110,LOW,21,0.0,0.0,amber_general
genuine amber beads,amber_core,110,HIGH,100,0.29,0.63,amber_types
antique amber jewellery,amber_core,110,HIGH,100,0.15,0.8,amber_types
carved amber beads,amber_core,110,MEDIUM,46,0.0,0.0,amber_types
cherry amber bakelite,amber_core,110,HIGH,98,0.0,0.0,amber_types
egg yolk amber beads,amber_core,110,LOW,26,0.0,0.0,amber_types
tibetan amber beads,amber_core,110,LOW,22,0.0,0.0,amber_types
amber green stone,amber_core,110,HIGH,98,0.0,0.0,amber_colors
blue amber price,amber_core,110,MEDIUM,61,0.0,0.0,amber_colors
blue amber raw,amber_core,110,LOW,26,0.0,0.0,amber_colors
dominican green amber,amber_core,110,LOW,29,0.0,0.0,amber_colors
green amber gemstone,amber_core,110,HIGH,98,0.0,0.0,amber_colors
raw blue amber,amber_core,110,LOW,26,0.0,0.0,amber_colors
morganite engagement ring set,expansion,110,HIGH,100,0.93,3.55,gemstone
custom sapphire ring,expansion,110,HIGH,100,1.44,7.0,gemstone
lab created emerald cut diamond ring,expansion,110,HIGH,100,1.01,5.23,gemstone
grandmother jewelry with birthstones,expansion,110,HIGH,100,0.78,3.45,gemstone
moonstone engagement ring set,expansion,110,HIGH,100,0.61,2.5,gemstone
buy emerald ring,expansion,110,HIGH,100,1.29,5.27,gemstone
real opal engagement ring,expansion,110,HIGH,100,0.63,2.17,gemstone
teal montana sapphire ring,expansion,110,HIGH,100,0.78,2.84,gemstone
real aquamarine necklace,expansion,110,HIGH,100,0.73,2.86,gemstone
john hardy sapphire bracelet,expansion,110,HIGH,100,0.46,2.0,gemstone
peach morganite engagement ring,expansion,110,HIGH,100,0.91,3.74,gemstone
peacock sapphire engagement ring,expansion,110,HIGH,100,0.8,2.86,gemstone
blue stone pendant,expansion,110,HIGH,100,0.44,2.72,gemstone
pear sapphire ring,expansion,110,HIGH,100,0.78,2.87,gemstone
sapphire engagement ring set,expansion,110,HIGH,100,1.14,3.84,gemstone
raw moonstone ring,expansion,110,HIGH,100,0.44,1.65,gemstone
blue topaz cocktail ring,expansion,110,HIGH,99,0.59,2.77,gemstone
emerald gemstone necklace,expansion,110,HIGH,100,1.17,4.45,gemstone
champagne sapphire ring,expansion,110,HIGH,100,0.72,2.33,gemstone
heart shaped sapphire ring,expansion,110,HIGH,100,0.65,2.7,gemstone
opal stone engagement ring,expansion,110,HIGH,100,0.93,3.07,gemstone
blue topaz promise ring,expansion,110,HIGH,100,0.78,2.21,gemstone
morganite pear engagement ring,expansion,110,HIGH,100,1.28,6.68,gemstone
genuine aquamarine ring,expansion,110,HIGH,100,0.55,1.84,gemstone
cushion cut morganite ring,expansion,110,HIGH,100,0.78,4.54,gemstone
oval moss agate engagement ring,expansion,110,HIGH,100,0.87,3.29,gemstone
morganite and diamond engagement ring,expansion,110,HIGH,100,0.79,5.71,gemstone
pear shaped opal engagement ring,expansion,110,HIGH,100,1.26,3.3,gemstone
topaz promise ring,expansion,110,HIGH,100,0.73,2.16,gemstone
lab created pink sapphire ring,expansion,110,HIGH,98,0.62,2.28,gemstone
white topaz bracelet,expansion,110,HIGH,100,0.4,2.52,gemstone
emerald green promise ring,expansion,110,HIGH,100,0.84,2.51,gemstone
moonstone crystal necklace,expansion,110,HIGH,100,0.38,1.03,gemstone
teardrop emerald ring,expansion,110,HIGH,100,0.67,3.11,gemstone
yellow sapphire eternity ring,expansion,110,HIGH,100,0.86,4.05,gemstone
emerald statement ring,expansion,110,HIGH,100,0.56,3.48,gemstone
round sapphire ring,expansion,110,HIGH,100,0.75,2.2,gemstone
14k yellow gold sapphire and diamond ring,expansion,110,HIGH,100,0.67,2.11,gemstone
2 carat white sapphire ring,expansion,110,HIGH,100,0.55,2.24,gemstone
2 carat aquamarine ring,expansion,110,HIGH,100,0.62,2.22,gemstone
mint sapphire engagement ring,expansion,110,HIGH,100,1.32,5.27,gemstone
australian sapphire engagement ring,expansion,110,HIGH,100,1.11,3.49,gemstone
morganite wedding ring set,expansion,110,HIGH,100,0.55,2.46,gemstone
blue zircon engagement ring,expansion,110,HIGH,100,1.03,3.37,gemstone
raw opal ring,expansion,110,HIGH,100,0.36,1.36,gemstone
red garnet earrings,expansion,110,HIGH,100,0.41,2.46,gemstone
peridot stone bracelet,expansion,110,HIGH,100,0.32,1.48,gemstone
natural yellow sapphire ring,expansion,110,HIGH,100,0.71,2.07,gemstone
black gold emerald ring,expansion,110,HIGH,100,0.88,2.57,gemstone
raw sapphire necklace,expansion,110,HIGH,100,0.43,2.48,gemstone
engagement ring stones other than diamonds,expansion,110,HIGH,100,0.47,2.21,gemstone
green stone pendant,expansion,110,HIGH,100,0.42,1.92,gemstone
topaz cocktail ring,expansion,110,HIGH,100,0.55,2.74,gemstone
square cut sapphire ring,expansion,110,HIGH,100,0.96,7.48,gemstone
moonstone and diamond engagement ring,expansion,110,HIGH,100,0.68,2.62,gemstone
ruby stone bracelet,expansion,110,HIGH,100,0.51,3.01,gemstone
multi sapphire ring,expansion,110,HIGH,100,0.96,3.22,gemstone
oval cut emerald ring,expansion,110,HIGH,100,1.07,5.05,gemstone
crystal stone bracelet,expansion,110,HIGH,100,0.44,1.99,gemstone
labradorite crystal necklace,expansion,110,HIGH,100,0.49,1.44,gemstone
malachite crystal necklace,expansion,110,HIGH,95,0.35,1.16,gemstone
onyx stone bracelet,expansion,110,HIGH,100,0.37,2.33,gemstone
6 carat emerald ring,expansion,110,HIGH,100,1.04,3.73,gemstone
18k gold sapphire ring,expansion,110,HIGH,100,0.97,3.54,gemstone
emerald cut green sapphire ring,expansion,110,HIGH,100,0.91,3.17,gemstone
moonstone diamond engagement ring,expansion,110,HIGH,100,0.68,2.62,gemstone
aquamarine pear ring,expansion,110,HIGH,100,0.83,3.39,gemstone
5 carat aquamarine ring,expansion,110,HIGH,100,0.56,3.15,gemstone
anxiety crystal bracelet,expansion,110,HIGH,76,0.0,0.0,gemstone
real malachite necklace,expansion,110,HIGH,100,0.43,1.36,gemstone
heart shaped garnet ring,expansion,110,HIGH,100,0.41,0.85,gemstone
aquarius birthstone ring,expansion,110,HIGH,100,0.47,3.21,gemstone
welo opal ring,expansion,110,HIGH,100,0.21,1.59,gemstone
dark emerald ring,expansion,110,HIGH,100,0.96,6.91,gemstone
green quartz necklace,expansion,110,HIGH,100,0.28,1.07,gemstone
green amethyst pendant,expansion,110,HIGH,100,0.33,1.53,gemstone
raw moonstone necklace,expansion,110,HIGH,100,0.33,1.14,gemstone
tiffany opal ring,expansion,110,HIGH,100,0.63,3.35,gemstone
yellow stone bracelet,expansion,110,HIGH,100,0.38,1.57,gemstone
amethyst halo ring,expansion,110,HIGH,98,0.55,3.0,gemstone
synthetic opal ring,expansion,110,HIGH,100,0.36,1.82,gemstone
rainbow opal ring,expansion,110,HIGH,100,0.45,1.67,gemstone
rectangle sapphire ring,expansion,110,HIGH,100,0.89,2.57,gemstone
real citrine jewelry,expansion,110,HIGH,100,0.38,1.51,gemstone
orange stone earrings,expansion,110,HIGH,100,0.17,1.09,gemstone
emerald ring set,expansion,110,HIGH,100,0.8,3.59,gemstone
hexagon sapphire ring,expansion,110,HIGH,100,0.78,3.75,gemstone
fire topaz ring,expansion,110,HIGH,100,0.47,1.37,gemstone
dark green emerald ring,expansion,110,HIGH,100,0.71,2.57,gemstone
white zircon ring,expansion,110,HIGH,100,0.68,1.56,gemstone
square stone ring,expansion,110,HIGH,99,0.0,0.0,gemstone
baguette stone ring,expansion,110,HIGH,100,0.42,3.73,gemstone
carnelian engagement ring,expansion,110,HIGH,100,0.7,2.64,gemstone
galaxy opal ring,expansion,110,HIGH,100,0.66,1.86,gemstone
jasper stone bracelet,expansion,110,HIGH,100,0.26,1.8,gemstone
teardrop aquamarine ring,expansion,110,HIGH,100,0.86,3.21,gemstone
jasper stone necklace,expansion,110,HIGH,100,0.41,1.49,gemstone
garnet crystal bracelet,expansion,110,HIGH,99,0.53,1.37,gemstone
natural gemstone earrings,expansion,110,HIGH,100,0.63,1.79,gemstone
modern opal ring,expansion,110,HIGH,100,0.67,1.74,gemstone
7 chakra stones bracelet,expansion,110,HIGH,100,0.3,1.05,gemstone
grey sapphire ring,expansion,110,HIGH,100,0.58,2.62,gemstone
semi precious stones for jewelry making,expansion,110,HIGH,99,0.3,0.8,gemstone
raw emerald bracelet,expansion,110,HIGH,95,1.03,2.3,gemstone
blue stone jewelry name,expansion,110,HIGH,100,0.25,1.16,gemstone
orange opal ring,expansion,110,HIGH,100,0.38,1.55,gemstone
multicolor stone bracelet,expansion,110,HIGH,100,0.46,1.91,gemstone
ruby stone ring for men,expansion,110,HIGH,100,0.51,1.69,gemstone
silver gemstone jewellery,expansion,110,HIGH,100,0.62,1.64,gemstone
2 stone ring design,expansion,110,HIGH,100,0.62,2.89,gemstone
blue sapphire and emerald ring,expansion,110,HIGH,100,0.58,1.83,gemstone
women opal engagement ring,expansion,110,HIGH,100,0.95,2.78,gemstone
green aquamarine ring,expansion,110,HIGH,100,0.35,2.79,gemstone
natural blue zircon ring,expansion,110,HIGH,98,0.33,1.58,gemstone
protection stone bracelet,expansion,110,HIGH,100,0.51,1.61,gemstone
blue goldstone bracelet,expansion,110,HIGH,100,0.22,0.85,gemstone
raw peridot ring,expansion,110,HIGH,100,0.38,1.45,gemstone
stone dangle earrings,expansion,110,HIGH,100,0.35,1.18,gemstone
gold stone pendant,expansion,110,HIGH,99,0.38,2.08,gemstone
raw amethyst bracelet,expansion,110,HIGH,87,0.0,0.0,gemstone
charoite pendant,expansion,110,HIGH,100,0.16,0.83,gemstone
phosphosiderite bracelet,expansion,110,HIGH,100,0.51,1.38,gemstone
natural citrine pendant,expansion,110,HIGH,100,0.41,1.92,gemstone
malachite stone ring,expansion,110,HIGH,100,0.36,1.1,gemstone
gia certified alexandrite ring,expansion,110,HIGH,100,0.78,5.0,gemstone
natural aquamarine bracelet,expansion,110,HIGH,85,0.0,0.0,gemstone
opal ring price,expansion,110,HIGH,97,0.24,1.76,gemstone
alexandrite ring price,expansion,110,HIGH,100,0.38,1.69,gemstone
zircon gold ring,expansion,110,HIGH,100,0.3,1.66,gemstone
black rutilated quartz bracelet,expansion,110,HIGH,100,0.28,1.04,gemstone
7 chakra bracelet stones,expansion,110,HIGH,100,0.3,1.05,gemstone
raw citrine earrings,expansion,110,MEDIUM,47,1.92,5.17,gemstone
crystal anxiety bracelet,expansion,110,HIGH,100,0.38,1.23,gemstone
natural alexandrite bracelet,expansion,110,HIGH,100,0.37,1.52,gemstone
white stone gold ring,expansion,110,HIGH,100,0.0,0.0,gemstone
golden healer quartz bracelet,expansion,110,HIGH,93,0.57,1.5,gemstone
raw turquoise pendant,expansion,110,HIGH,100,0.26,1.1,gemstone
big stone pendant,expansion,110,HIGH,100,0.31,1.29,gemstone
druzy quartz ring,expansion,110,HIGH,100,0.26,2.11,gemstone
blue marble stone jewelry,expansion,110,MEDIUM,63,0.0,0.0,gemstone
fossil coral bracelet,expansion,110,MEDIUM,61,0.0,0.0,gemstone
handmade natural stone earrings,expansion,110,MEDIUM,55,0.0,0.0,gemstone
natural pink topaz jewelry,expansion,110,HIGH,94,0.0,0.0,gemstone
natural pink topaz ring,expansion,110,HIGH,100,0.0,0.0,gemstone
pink marble bracelet,expansion,110,HIGH,83,0.0,0.0,gemstone
rainforest jasper bracelet,expansion,110,HIGH,80,0.0,0.0,gemstone
raw amethyst jewellery,expansion,110,HIGH,93,0.0,0.0,gemstone
raw quartz bracelet,expansion,110,LOW,33,0.0,0.0,gemstone
kays birthstone necklace,expansion,110,HIGH,100,0.22,1.5,birthstone
mothers necklace 4 stones,expansion,110,HIGH,100,0.72,3.57,birthstone
birthstone necklace for wife,expansion,110,HIGH,100,2.04,14.58,birthstone
birth necklace for mom,expansion,110,HIGH,100,0.86,2.87,birthstone
blue topaz necklace white gold,expansion,110,HIGH,100,0.65,2.46,birthstone
birthstone necklace for mom 4 stones,expansion,110,HIGH,100,1.61,10.55,birthstone
nana necklace with birthstones,expansion,110,HIGH,100,0.46,2.26,birthstone
10 stone mothers ring,expansion,110,HIGH,100,0.36,2.22,birthstone
custom name necklace with birthstone,expansion,110,HIGH,100,0.85,3.62,birthstone
mother's earrings with birthstones,expansion,110,HIGH,100,0.91,3.2,birthstone
5 stone birthstone ring,expansion,110,HIGH,100,0.71,2.37,birthstone
blue topaz heart necklace,expansion,110,HIGH,99,0.59,6.24,birthstone
birthstone fine jewelry,expansion,110,HIGH,100,1.07,4.48,birthstone
real gold birthstone necklace,expansion,110,HIGH,100,0.71,4.62,birthstone
blue topaz birthstone necklace,expansion,110,HIGH,100,0.79,4.22,birthstone
triple birthstone ring,expansion,110,HIGH,100,0.96,3.19,birthstone
gold initial necklace with birthstone,expansion,110,HIGH,100,0.68,2.74,birthstone
blue topaz necklace and earring set,expansion,110,HIGH,100,0.44,3.59,birthstone
personalized name necklace with birthstone,expansion,110,HIGH,100,0.85,3.62,birthstone
gold mothers ring 2 stones,expansion,110,HIGH,99,0.27,2.07,birthstone
birthstone flower necklace,expansion,110,HIGH,100,1.03,3.7,birthstone
gemini birthstone ring,expansion,110,HIGH,100,0.37,2.0,birthstone
family birthstone pendant,expansion,110,HIGH,90,0.72,3.89,birthstone
grandmother ring 6 stones,expansion,110,HIGH,100,0.35,1.67,birthstone
two birthstone earrings,expansion,110,HIGH,100,0.68,4.29,birthstone
birthstone jewelry for wife,expansion,110,HIGH,92,2.4,17.97,birthstone
birthstone pendant gold,expansion,110,HIGH,100,1.26,3.47,birthstone
capricorn birthstone ring,expansion,110,HIGH,99,0.32,1.09,birthstone
tourmaline birthstone necklace,expansion,110,HIGH,84,0.49,2.1,birthstone
etsy birthstone jewelry,expansion,110,HIGH,100,0.04,2.55,birthstone
jcpenney birthstone necklace,expansion,110,HIGH,100,0.41,1.52,birthstone
january birthstone necklace gold,expansion,110,HIGH,100,0.25,2.38,birthstone
birthstone flower ring,expansion,110,HIGH,98,0.45,2.05,birthstone
birthstone jewelry necklace,expansion,110,HIGH,100,1.07,5.56,birthstone
birthstones necklace for her,expansion,110,HIGH,68,0.77,6.99,birthstone
mothers ring 3 stones gold,expansion,110,HIGH,100,0.56,2.56,birthstone
birthstone wedding ring sets,expansion,110,HIGH,100,0.68,2.78,birthstone
2 birthstone earrings,expansion,110,HIGH,100,0.68,4.29,birthstone
teardrop birthstone necklace,expansion,110,HIGH,100,0.82,2.47,birthstone
march birthstone jewelry sets,expansion,110,HIGH,100,0.9,3.28,birthstone
sterling silver birthstone earrings,expansion,110,HIGH,100,0.46,1.58,birthstone
mens birthstone pendant,expansion,110,HIGH,100,0.49,2.05,birthstone
flower birthstone ring,expansion,110,HIGH,98,0.45,2.05,birthstone
october ring,expansion,110,HIGH,99,0.46,1.53,birthstone
sagittarius birthstone jewelry,expansion,110,HIGH,100,0.38,3.11,birthstone
may birthstone ring gold,expansion,110,HIGH,100,0.62,2.84,birthstone
blue topaz birthstone jewelry,expansion,110,HIGH,100,0.86,3.49,birthstone
pearl and blue topaz necklace,expansion,110,HIGH,100,0.65,2.21,birthstone
birthstone necklace for dad,expansion,110,HIGH,100,1.07,3.5,birthstone
november birthstone necklace gold,expansion,110,HIGH,100,0.74,2.34,birthstone
gold cross necklace with birthstones,expansion,110,HIGH,100,0.54,3.0,birthstone
moon birth necklace,expansion,110,HIGH,100,0.38,1.27,birthstone
mickey mouse birthstone necklace,expansion,110,HIGH,100,0.32,2.05,birthstone
angel wing necklace with birthstone,expansion,110,HIGH,100,0.47,2.26,birthstone
january birthstone ring gold,expansion,110,HIGH,95,0.49,1.74,birthstone
yellow topaz wedding ring,expansion,110,HIGH,100,0.61,2.05,birthstone
sterling silver family birthstone necklace,expansion,110,HIGH,77,0.97,1.91,birthstone
mens blue topaz necklace,expansion,110,HIGH,99,0.45,1.4,birthstone
gold january birthstone necklace,expansion,110,HIGH,100,0.25,2.38,birthstone
march and december birthstone ring,expansion,110,HIGH,100,0.49,1.42,birthstone
kendra scott october birthstone necklace,expansion,110,HIGH,100,0.57,1.94,birthstone
june and november birthstone ring,expansion,110,HIGH,100,0.59,2.04,birthstone
april ring,expansion,110,HIGH,97,0.0,0.0,birthstone
march birthstone mens ring,expansion,110,HIGH,100,0.36,1.27,birthstone
september birthstone ring gold,expansion,110,HIGH,100,0.47,2.56,birthstone
gold cross birthstone necklace,expansion,110,HIGH,100,0.54,3.0,birthstone
mickey birthstone necklace,expansion,110,HIGH,100,0.32,2.05,birthstone
kendra scott february birthstone necklace,expansion,110,HIGH,100,0.47,1.78,birthstone
june and september birthstone ring,expansion,110,HIGH,100,0.51,2.05,birthstone
february jewellery,expansion,110,HIGH,100,0.59,4.53,birthstone
gold 3 stone mothers ring,expansion,110,HIGH,100,0.56,2.56,birthstone
gold may birthstone ring,expansion,110,HIGH,100,0.62,2.84,birthstone
disney birthstone jewelry,expansion,110,MEDIUM,38,0.51,1.9,birthstone
birthstone angel wing necklace,expansion,110,HIGH,100,0.47,2.26,birthstone
august and november birthstone ring,expansion,110,HIGH,100,0.45,1.68,birthstone
june birthstone mens ring,expansion,110,HIGH,99,0.31,1.58,birthstone
july and december birthstone ring,expansion,110,HIGH,96,0.46,1.8,birthstone
birthstone necklace jcpenney,expansion,110,HIGH,100,0.41,1.52,birthstone
kendra scott january birthstone necklace,expansion,110,HIGH,96,0.5,2.35,birthstone
blue topaz necklace heart,expansion,110,HIGH,99,0.59,6.24,birthstone
kendra scott birthstone necklace august,expansion,110,HIGH,100,0.44,2.1,birthstone
kendra scott august birthstone necklace,expansion,110,HIGH,100,0.44,2.1,birthstone
women october birthstone ring,expansion,110,HIGH,100,0.31,1.41,birthstone
tai birthstone ring,expansion,110,HIGH,73,0.0,0.0,birthstone
may birthstone gold ring,expansion,110,HIGH,100,0.62,2.84,birthstone
kendra scott birthstone necklace january,expansion,110,HIGH,96,0.5,2.35,birthstone
3 stone gold mothers ring,expansion,110,HIGH,100,0.56,2.56,birthstone
birthstone family pendant,expansion,110,HIGH,90,0.72,3.89,birthstone
birthstone necklace jewelry,expansion,110,HIGH,100,1.07,5.56,birthstone
heart blue topaz necklace,expansion,110,HIGH,99,0.59,6.24,birthstone
kendra scott birthstone necklace february,expansion,110,HIGH,100,0.47,1.78,birthstone
march birthstone ring for men,expansion,110,HIGH,100,0.36,1.27,birthstone
rayma bracelet,expansion,110,HIGH,69,0.0,0.0,birthstone
ring april,expansion,110,HIGH,97,0.0,0.0,birthstone
ring march,expansion,110,HIGH,99,0.64,2.61,birthstone
tai jewelry birthstone ring,expansion,110,MEDIUM,54,0.0,0.0,birthstone
white gold and blue topaz necklace,expansion,110,HIGH,100,0.65,2.46,birthstone
white gold necklace with blue topaz,expansion,110,HIGH,100,0.65,2.46,birthstone
women march birthstone ring,expansion,110,HIGH,100,0.32,1.81,birthstone
citrine heart necklace,expansion,110,HIGH,81,0.0,0.0,warm_stones
rose gold citrine ring,expansion,110,HIGH,100,0.74,3.0,warm_stones
citrine baguette ring,expansion,110,HIGH,87,0.8,2.0,warm_stones
citrine and garnet necklace,expansion,110,HIGH,100,0.86,2.51,warm_stones
sweet alhambra heart bracelet,expansion,110,HIGH,100,0.0,0.0,warm_stones
madeira citrine earrings,expansion,110,HIGH,100,0.41,1.77,warm_stones
tiger bead bracelet,expansion,110,HIGH,100,0.54,2.03,warm_stones
citrine anklet,expansion,110,HIGH,100,0.28,0.9,warm_stones
orange citrine ring,expansion,110,HIGH,100,0.52,1.74,warm_stones
citrine heart pendant,expansion,110,HIGH,94,0.0,0.0,warm_stones
cushion cut citrine ring,expansion,110,HIGH,100,0.37,2.19,warm_stones
tiger eye van cleef bracelet,expansion,110,HIGH,100,0.71,4.39,warm_stones
lemon citrine earrings,expansion,110,HIGH,97,0.95,1.88,warm_stones
citrine pendant silver,expansion,110,HIGH,100,0.43,1.4,warm_stones
citrine pear ring,expansion,110,HIGH,100,0.58,1.47,warm_stones
baguette citrine ring,expansion,110,HIGH,87,0.8,2.0,warm_stones
men's citrine pendant,expansion,110,HIGH,100,0.37,1.18,warm_stones
etsy citrine ring,expansion,110,HIGH,100,0.01,0.1,warm_stones
garnet and citrine jewelry,expansion,110,HIGH,100,0.86,2.51,warm_stones
peridot and citrine bracelet,expansion,110,HIGH,85,0.41,2.91,warm_stones
silver tiger ring,expansion,110,HIGH,100,0.0,0.0,warm_stones
van cleef carnelian earrings,expansion,110,HIGH,100,0.0,0.0,warm_stones
pink tiger eye bracelet,expansion,110,HIGH,100,0.0,0.0,warm_stones
citrine flower ring,expansion,110,HIGH,94,0.0,0.0,warm_stones
citrine and garnet jewelry,expansion,110,HIGH,100,0.86,2.51,warm_stones
real tiger eye necklace,expansion,110,HIGH,100,0.44,1.17,warm_stones
tiger eye gold bracelet,expansion,110,HIGH,100,0.58,1.51,warm_stones
tiger eye black onyx bracelet,expansion,110,HIGH,100,0.0,0.0,warm_stones
citrine sterling silver necklace,expansion,110,HIGH,100,0.48,1.45,warm_stones
citrine earrings sterling silver,expansion,110,HIGH,87,0.34,1.49,warm_stones
vca carnelian bracelet,expansion,110,HIGH,100,0.0,0.0,warm_stones
tiger eye bracelet gold,expansion,110,HIGH,100,0.58,1.51,warm_stones
citrine and rose gold ring,expansion,110,HIGH,100,0.74,3.0,warm_stones
tiger eye necklace women's,expansion,110,HIGH,100,0.49,1.68,warm_stones
carnelian wedding ring,expansion,110,HIGH,99,0.0,0.0,warm_stones
citrine peridot ring,expansion,110,HIGH,100,0.65,2.53,warm_stones
tiger eye hoop earrings,expansion,110,HIGH,100,0.29,1.15,warm_stones
tiger eye cross necklace,expansion,110,HIGH,100,0.24,0.98,warm_stones
orange citrine jewelry,expansion,110,HIGH,81,0.0,0.0,warm_stones
citrine sun ring,expansion,110,HIGH,100,0.45,4.58,warm_stones
citrine charm bracelet,expansion,110,MEDIUM,64,0.0,0.0,warm_stones
pear citrine ring,expansion,110,HIGH,100,0.58,1.47,warm_stones
citrine silver pendant,expansion,110,HIGH,100,0.43,1.4,warm_stones
mens eye ring,expansion,110,HIGH,99,0.0,0.0,warm_stones
heart shaped citrine ring,expansion,110,HIGH,97,0.0,0.0,warm_stones
sterling silver citrine bracelet,expansion,110,HIGH,98,0.18,2.14,warm_stones
citrine riviere necklace,expansion,110,HIGH,100,0.0,0.0,warm_stones
carnelian earrings gold,expansion,110,HIGH,88,0.54,2.2,warm_stones
amethyst citrine bracelet,expansion,110,HIGH,100,0.24,1.86,warm_stones
antique citrine engagement ring,expansion,110,HIGH,99,0.0,0.0,warm_stones
carnelian agate bracelet,expansion,110,HIGH,88,0.0,0.0,warm_stones
carnelian and gold earrings,expansion,110,HIGH,88,0.54,2.2,warm_stones
carnelian gold earrings,expansion,110,HIGH,88,0.54,2.2,warm_stones
carved citrine ring,expansion,110,MEDIUM,44,0.0,0.0,warm_stones
carved tiger eye ring,expansion,110,MEDIUM,41,0.0,0.0,warm_stones
citrine ankle bracelet,expansion,110,HIGH,100,0.28,0.9,warm_stones
citrine bracelet sterling silver,expansion,110,HIGH,98,0.18,2.14,warm_stones
citrine necklace sterling silver,expansion,110,HIGH,100,0.48,1.45,warm_stones
citrine pendant men,expansion,110,HIGH,100,0.37,1.18,warm_stones
etsy carnelian bracelet,expansion,110,HIGH,72,0.0,0.0,warm_stones
faceted citrine bracelet,expansion,110,HIGH,100,0.0,0.0,warm_stones
gold carnelian earrings,expansion,110,HIGH,88,0.54,2.2,warm_stones
green tiger eye necklace,expansion,110,HIGH,70,0.0,0.0,warm_stones
jade and tiger's eye bracelet,expansion,110,HIGH,100,0.46,1.24,warm_stones
mens gold citrine ring,expansion,110,HIGH,100,0.0,0.0,warm_stones
original tiger stone ring,expansion,110,LOW,24,0.0,0.0,warm_stones
red carnelian pendant,expansion,110,HIGH,97,0.0,0.0,warm_stones
silver citrine pendant,expansion,110,HIGH,100,0.43,1.4,warm_stones
silver ring tiger,expansion,110,HIGH,100,0.0,0.0,warm_stones
smoky citrine ring,expansion,110,MEDIUM,56,0.0,0.0,warm_stones
square citrine earrings,expansion,110,HIGH,80,0.0,0.0,warm_stones
tiger choker necklace,expansion,110,HIGH,94,0.0,0.0,warm_stones
tiger eye cross pendant,expansion,110,HIGH,100,0.24,0.98,warm_stones
tiger eye ring band,expansion,110,HIGH,85,0.0,0.0,warm_stones
tiger silver ring,expansion,110,HIGH,100,0.0,0.0,warm_stones
baltic jewelry,amber_core,90,HIGH,100,0.46,2.69,amber_general
amber rings for sale,amber_core,90,HIGH,100,0.27,1.85,amber_general
amber stone bracelet,amber_core,90,HIGH,100,0.23,1.23,amber_general
genuine amber necklace,amber_core,90,HIGH,100,0.32,1.12,amber_general
genuine amber,amber_core,90,HIGH,98,0.21,0.94,amber_general
amber cross necklace,amber_core,90,HIGH,94,0.0,0.0,amber_general
black amber necklace,amber_core,90,HIGH,72,0.17,1.13,amber_general
amber jewellery set,amber_core,90,HIGH,100,0.25,0.72,amber_general
raw amber bracelet,amber_core,90,MEDIUM,65,0.44,0.89,amber_general
amber butterfly necklace,amber_core,90,HIGH,91,0.0,0.0,amber_general
amber signet ring,amber_core,90,HIGH,82,0.0,0.0,amber_general
real amber pendant,amber_core,90,HIGH,100,0.3,0.9,amber_general
mens amber pendant,amber_core,90,HIGH,100,0.43,0.77,amber_general
amber gemstone bracelet,amber_core,90,HIGH,100,0.23,1.23,amber_general
amber jade bracelet,amber_core,90,MEDIUM,56,0.0,0.0,amber_general
amber nose ring,amber_core,90,MEDIUM,59,0.65,1.06,amber_general
amber nose stud,amber_core,90,MEDIUM,59,0.65,1.06,amber_general
amber sceats double coin necklace,amber_core,90,HIGH,98,0.0,0.0,amber_general
amber teardrop pendant,amber_core,90,HIGH,100,0.15,0.54,amber_general
antique amber bracelet,amber_core,90,MEDIUM,49,0.0,0.0,amber_general
baltic amber gemstone,amber_core,90,LOW,24,0.0,0.0,amber_general
black amber jewelry,amber_core,90,HIGH,89,0.2,0.57,amber_general
egg yolk amber necklace,amber_core,90,HIGH,100,0.05,0.22,amber_general
faceted amber necklace,amber_core,90,HIGH,97,0.0,0.0,amber_general
flower amber bracelet,amber_core,90,HIGH,99,0.0,0.0,amber_general
jurassic park amber ring,amber_core,90,LOW,4,0.0,0.0,amber_general
opal amber,amber_core,90,LOW,22,0.0,0.0,amber_general
polish amber ring,amber_core,90,HIGH,100,0.19,0.44,amber_general
red amber pendant,amber_core,90,HIGH,78,0.0,0.0,amber_general
teardrop amber pendant,amber_core,90,HIGH,100,0.15,0.54,amber_general
yellow amber jewellery,amber_core,90,MEDIUM,53,0.0,0.0,amber_general
amber beads for sale,amber_core,90,HIGH,100,0.17,0.84,amber_types
african amber beads,amber_core,90,HIGH,85,0.0,0.0,amber_types
butterscotch egg yolk amber,amber_core,90,MEDIUM,50,0.0,0.0,amber_types
yellow amber jewelry,amber_core,90,MEDIUM,53,0.0,0.0,amber_types
yamaha stage custom honey amber,amber_core,90,HIGH,100,0.33,1.13,amber_colors
blue amber for sale,amber_core,90,HIGH,97,0.2,0.75,amber_colors
blue amber beads,amber_core,90,HIGH,94,0.12,0.49,amber_colors
amber and blue,amber_core,90,LOW,0,0.0,0.0,amber_colors
egg yolk butterscotch amber,amber_core,90,MEDIUM,50,0.0,0.0,amber_colors
honey amber yamaha stage custom,amber_core,90,HIGH,100,0.33,1.13,amber_colors
platinum emerald anniversary ring,expansion,90,HIGH,100,1.21,7.92,gemstone
aquamarine infinity ring,expansion,90,HIGH,100,1.23,3.58,gemstone
morganite solitaire ring,expansion,90,HIGH,97,0.82,4.04,gemstone
aquamarine birthstone earrings,expansion,90,HIGH,100,0.56,2.84,gemstone
blue sapphire hoop earrings,expansion,90,HIGH,100,0.46,3.3,gemstone
emerald stone bracelet,expansion,90,HIGH,100,0.66,2.05,gemstone
rainbow moonstone engagement ring,expansion,90,HIGH,100,0.66,2.5,gemstone
garnet birthstone earrings,expansion,90,HIGH,95,0.54,2.61,gemstone
oval opal engagement ring,expansion,90,HIGH,97,0.83,4.0,gemstone
garnet stone earrings,expansion,90,HIGH,100,0.72,2.88,gemstone
genuine amethyst ring,expansion,90,HIGH,100,0.35,2.03,gemstone
raw aquamarine necklace,expansion,90,HIGH,99,0.34,1.8,gemstone
champagne sapphire engagement ring,expansion,90,HIGH,100,1.19,3.46,gemstone
van cleef sapphire ring,expansion,90,HIGH,100,0.36,2.71,gemstone
natural pink sapphire earrings,expansion,90,HIGH,100,0.44,2.38,gemstone
ceylon sapphire and diamond ring,expansion,90,HIGH,100,0.75,2.67,gemstone
yellow citrine bracelet,expansion,90,HIGH,100,0.28,1.23,gemstone
white sapphire solitaire ring,expansion,90,HIGH,100,0.64,1.79,gemstone
moss agate diamond ring,expansion,90,HIGH,99,1.35,4.9,gemstone
emerald crystal necklace,expansion,90,HIGH,100,0.35,1.7,gemstone
natural sapphire bracelet,expansion,90,HIGH,100,0.75,2.37,gemstone
royal blue sapphire ring,expansion,90,HIGH,100,0.76,1.94,gemstone
blue topaz band ring,expansion,90,HIGH,100,0.71,2.59,gemstone
morganite cocktail ring,expansion,90,HIGH,100,0.48,2.65,gemstone
boulder opal engagement ring,expansion,90,HIGH,100,1.05,3.88,gemstone
december birthstone stud earrings,expansion,90,HIGH,100,0.4,1.72,gemstone
3 carat tanzanite ring,expansion,90,HIGH,100,0.59,2.97,gemstone
morganite heart ring,expansion,90,HIGH,100,0.66,4.37,gemstone
tanzanite halo ring,expansion,90,HIGH,100,1.29,4.31,gemstone
purple amethyst engagement ring,expansion,90,HIGH,100,1.56,4.52,gemstone
emerald cut morganite engagement ring,expansion,90,HIGH,100,0.95,2.7,gemstone
raw opal necklace,expansion,90,HIGH,100,0.55,1.87,gemstone
cushion cut tanzanite ring,expansion,90,HIGH,100,1.02,4.02,gemstone
moonstone anklet,expansion,90,HIGH,100,0.38,1.34,gemstone
aaa tanzanite ring,expansion,90,HIGH,100,0.48,1.67,gemstone
ruby stone earrings,expansion,90,HIGH,99,0.67,4.74,gemstone
peridot stone earrings,expansion,90,HIGH,100,0.39,2.19,gemstone
tiger stone bracelet,expansion,90,HIGH,99,0.29,1.35,gemstone
blue amethyst ring,expansion,90,HIGH,100,0.31,1.78,gemstone
emerald ring with diamonds around it,expansion,90,HIGH,100,0.82,4.61,gemstone
dainty amethyst ring,expansion,90,HIGH,100,0.39,1.07,gemstone
sapphire ring set,expansion,90,HIGH,100,0.7,2.97,gemstone
dark blue topaz ring,expansion,90,HIGH,100,0.82,2.54,gemstone
protection stone necklace,expansion,90,HIGH,100,0.49,1.27,gemstone
mood stone ring,expansion,90,HIGH,99,0.3,1.06,gemstone
pink amethyst necklace,expansion,90,HIGH,100,0.37,1.38,gemstone
sapphire stone bracelet,expansion,90,HIGH,100,0.55,2.91,gemstone
natural aquamarine necklace,expansion,90,HIGH,100,1.06,2.75,gemstone
four stone ring,expansion,90,HIGH,100,0.44,2.51,gemstone
black garnet ring,expansion,90,HIGH,100,0.49,13.02,gemstone
star sapphire wedding ring,expansion,90,HIGH,99,0.86,2.03,gemstone
small stone necklace,expansion,90,HIGH,100,0.32,1.16,gemstone
tsavorite garnet engagement ring,expansion,90,HIGH,100,0.87,2.39,gemstone
ring settings for gemstones,expansion,90,HIGH,99,0.37,1.34,gemstone
natural stone jewelry near me,expansion,90,HIGH,100,0.74,3.02,gemstone
natural crystal jewellery,expansion,90,HIGH,100,0.59,1.29,gemstone
teal stone ring,expansion,90,HIGH,100,0.6,2.87,gemstone
silver stone earrings,expansion,90,HIGH,100,0.34,1.08,gemstone
oval moonstone ring,expansion,90,HIGH,98,0.46,2.64,gemstone
14k aquamarine ring,expansion,90,HIGH,100,0.53,2.93,gemstone
real stone jewellery,expansion,90,HIGH,100,0.48,1.54,gemstone
square sapphire and diamond ring,expansion,90,HIGH,100,0.0,0.0,gemstone
pearl stone ring,expansion,90,HIGH,100,0.39,1.41,gemstone
gemstone ring design,expansion,90,HIGH,100,1.12,3.74,gemstone
18k gold opal ring,expansion,90,HIGH,100,0.88,2.47,gemstone
aquamarine stone pendant,expansion,90,HIGH,100,0.58,2.34,gemstone
carnelian crystal ring,expansion,90,HIGH,100,0.38,0.9,gemstone
druzy bracelet,expansion,90,HIGH,100,0.25,1.49,gemstone
red fire opal ring,expansion,90,HIGH,100,0.71,2.01,gemstone
red stone pendant,expansion,90,HIGH,100,0.34,1.89,gemstone
orange fire opal ring,expansion,90,HIGH,100,0.33,1.51,gemstone
real emerald necklace men's,expansion,90,HIGH,100,0.6,1.33,gemstone
tourmaline stone bracelet,expansion,90,HIGH,100,0.32,1.1,gemstone
turquoise stone pendant,expansion,90,HIGH,96,0.41,0.83,gemstone
natural padparadscha sapphire ring,expansion,90,HIGH,100,0.53,3.22,gemstone
10 carat morganite ring,expansion,90,HIGH,100,0.0,0.0,gemstone
amethyst ring price,expansion,90,HIGH,91,0.0,0.0,gemstone
black onyx stone ring,expansion,90,HIGH,100,0.35,1.77,gemstone
blue moonstone bracelet,expansion,90,HIGH,100,0.42,1.12,gemstone
ruby stone necklace gold,expansion,90,HIGH,100,0.93,2.77,gemstone
pearl stone necklace,expansion,90,HIGH,100,0.46,2.59,gemstone
men's healing necklace,expansion,90,HIGH,100,0.34,1.05,gemstone
opal triplet ring,expansion,90,HIGH,100,0.67,2.08,gemstone
untreated ruby ring,expansion,90,HIGH,100,0.53,1.38,gemstone
mens healing crystal necklace,expansion,90,HIGH,100,0.39,0.94,gemstone
natural moonstone necklace,expansion,90,HIGH,100,0.4,1.38,gemstone
grey stone ring,expansion,90,HIGH,100,0.0,0.0,gemstone
yellow tourmaline ring,expansion,90,HIGH,100,0.0,0.0,gemstone
druzy pendant,expansion,90,HIGH,96,0.2,0.59,gemstone
natural turquoise necklace,expansion,90,HIGH,100,0.35,0.94,gemstone
raw citrine pendant,expansion,90,HIGH,100,0.31,1.0,gemstone
small stone ring,expansion,90,HIGH,100,0.96,2.83,gemstone
zultanite ring price,expansion,90,HIGH,100,0.21,1.2,gemstone
peruvian opal ring,expansion,90,HIGH,100,0.41,1.92,gemstone
natural peridot jewelry,expansion,90,HIGH,100,0.71,1.29,gemstone
natural garnet jewelry,expansion,90,HIGH,100,0.56,2.6,gemstone
turquoise stones for jewelry,expansion,90,HIGH,100,0.26,1.24,gemstone
black druzy necklace,expansion,90,HIGH,96,0.0,0.0,gemstone
raw citrine bracelet,expansion,90,HIGH,78,0.24,1.51,gemstone
raw amethyst crystal necklace,expansion,90,HIGH,92,0.0,0.0,gemstone
natural coral necklace,expansion,90,HIGH,100,0.39,1.8,gemstone
7 chakra stone necklace,expansion,90,HIGH,100,0.0,0.0,gemstone
druzy stone jewellery,expansion,90,HIGH,85,0.0,0.0,gemstone
gems ring design,expansion,90,HIGH,100,1.12,3.74,gemstone
glaucophane bracelet,expansion,90,MEDIUM,45,0.0,0.0,gemstone
green soapstone earrings,expansion,90,LOW,8,0.0,0.0,gemstone
macrame stone necklace,expansion,90,HIGH,100,0.28,0.7,gemstone
marjan stone ring,expansion,90,HIGH,100,0.0,0.0,gemstone
natural raw diamond ring,expansion,90,HIGH,100,0.55,1.69,gemstone
pendant stones for jewelry making,expansion,90,HIGH,100,0.32,2.17,gemstone
stone long necklace,expansion,90,HIGH,100,0.25,1.41,gemstone
white zircon stone ring,expansion,90,HIGH,81,0.0,0.0,gemstone
6 birthstone necklace,expansion,90,HIGH,100,1.01,4.64,birthstone
sagittarius birthstone necklace,expansion,90,HIGH,98,0.83,3.22,birthstone
leo birthstone necklace,expansion,90,HIGH,98,0.85,3.03,birthstone
real birthstone necklace,expansion,90,HIGH,100,0.62,5.41,birthstone
swarovski birthstone earrings,expansion,90,HIGH,100,0.09,0.82,birthstone
triple birthstone necklace,expansion,90,HIGH,100,1.21,7.17,birthstone
grandmother's ring 7 stones,expansion,90,HIGH,100,0.34,1.47,birthstone
august birthstone necklace gold,expansion,90,HIGH,100,0.64,2.05,birthstone
simple birthstone necklace,expansion,90,HIGH,100,0.96,2.84,birthstone
sky blue topaz earrings,expansion,90,HIGH,100,0.59,3.46,birthstone
family birthstone ring for mom,expansion,90,HIGH,100,0.38,2.55,birthstone
blue topaz bracelet white gold,expansion,90,HIGH,100,0.83,3.95,birthstone
two birthstone ring for mom,expansion,90,HIGH,100,0.95,4.56,birthstone
ruby birthstone earrings,expansion,90,HIGH,100,0.7,4.71,birthstone
disney birthstone earrings,expansion,90,HIGH,91,0.19,0.98,birthstone
october necklace,expansion,90,HIGH,100,0.95,2.86,birthstone
november birthstone pendant,expansion,90,HIGH,100,0.43,1.63,birthstone
december birthstone pendant,expansion,90,HIGH,100,0.7,1.98,birthstone
stackable birthstone necklace,expansion,90,HIGH,100,0.71,3.37,birthstone
peas in a pod birthstone bracelet,expansion,90,HIGH,100,0.72,37.59,birthstone
birthstone ring for mom 1 stone,expansion,90,HIGH,100,0.59,2.95,birthstone
jcpenney birthstone jewelry,expansion,90,HIGH,80,0.48,1.48,birthstone
women's blue topaz necklace,expansion,90,HIGH,100,0.43,2.21,birthstone
personalized name and birthstone necklace,expansion,90,HIGH,100,1.25,2.65,birthstone
grandma ring with grandkids names,expansion,90,HIGH,100,0.46,1.7,birthstone
aries birthstone ring,expansion,90,HIGH,100,0.41,1.79,birthstone
birthstone jewelry for daughter,expansion,90,HIGH,100,0.64,3.5,birthstone
double birthstone jewelry,expansion,90,HIGH,100,1.01,4.09,birthstone
birthstone jewelry bracelets,expansion,90,HIGH,100,1.46,7.29,birthstone
pearl birthstone bracelet,expansion,90,HIGH,100,0.96,4.0,birthstone
pandora may birthstone ring,expansion,90,HIGH,97,0.32,0.78,birthstone
tanzanite birthstone necklace,expansion,90,HIGH,99,0.69,5.31,birthstone
14k birthstone ring,expansion,90,HIGH,100,0.82,5.72,birthstone
libra birthstone ring,expansion,90,HIGH,100,0.48,1.4,birthstone
grandma bracelet with grandkids birthstones,expansion,90,HIGH,100,0.7,2.43,birthstone
tourmaline birthstone ring,expansion,90,HIGH,100,1.01,3.14,birthstone
minimalist birthstone ring,expansion,90,HIGH,100,0.69,2.84,birthstone
bracelet with 2 birthstones,expansion,90,HIGH,100,1.04,4.35,birthstone
tiffany birthstone ring,expansion,90,HIGH,100,0.51,4.83,birthstone
unique birthstone jewelry,expansion,90,HIGH,100,0.77,2.29,birthstone
best birthstone necklace,expansion,90,HIGH,100,0.94,5.41,birthstone
leo birthstone bracelet,expansion,90,HIGH,98,0.85,3.03,birthstone
pandora april birthstone ring,expansion,90,HIGH,95,0.3,0.69,birthstone
tourmaline october birthstone ring,expansion,90,HIGH,100,0.38,1.38,birthstone
heart necklace with two birthstones,expansion,90,HIGH,100,0.96,2.59,birthstone
birthstone cluster ring,expansion,90,HIGH,100,0.95,2.7,birthstone
large blue topaz pendant,expansion,90,HIGH,100,0.42,1.98,birthstone
personalised name necklace with birthstone,expansion,90,HIGH,100,1.25,2.65,birthstone
birthstone necklace for granddaughter,expansion,90,HIGH,100,0.67,1.54,birthstone
heart necklace with name and birthstone,expansion,90,HIGH,100,0.78,3.65,birthstone
august ring,expansion,90,HIGH,100,0.55,3.09,birthstone
granddaughter birthstone necklace,expansion,90,HIGH,100,0.67,1.54,birthstone
family birthstone cross necklace,expansion,90,HIGH,82,0.9,2.21,birthstone
14 karat gold birthstone earrings,expansion,90,HIGH,100,0.29,1.58,birthstone
june and july birthstone ring,expansion,90,HIGH,100,0.64,2.51,birthstone
june birthstone jewelry for mom,expansion,90,HIGH,100,0.57,2.92,birthstone
blue topaz claddagh ring,expansion,90,HIGH,100,0.41,3.29,birthstone
alexandrite and pearl necklace,expansion,90,HIGH,100,0.84,3.55,birthstone
heart necklace with 2 birthstones,expansion,90,HIGH,100,0.96,2.59,birthstone
women's november birthstone ring,expansion,90,HIGH,100,0.32,2.57,birthstone
june birthstone necklace gold,expansion,90,HIGH,100,1.0,3.99,birthstone
birthstone ring 14k gold,expansion,90,HIGH,100,0.81,4.72,birthstone
january and august birthstone ring,expansion,90,HIGH,100,0.46,1.61,birthstone
yellow topaz earrings gold,expansion,90,HIGH,100,0.47,2.49,birthstone
personalized name necklace birthstone,expansion,90,HIGH,100,1.25,2.65,birthstone
kendra scott necklace march birthstone,expansion,90,HIGH,100,0.29,1.2,birthstone
sapphire and blue topaz necklace,expansion,90,LOW,25,0.93,2.62,birthstone
husband and wife birthstone ring,expansion,90,HIGH,100,0.36,2.27,birthstone
march and september birthstone ring,expansion,90,HIGH,100,0.87,3.66,birthstone
jcp birthstone jewelry,expansion,90,HIGH,80,0.48,1.48,birthstone
may and august birthstone ring,expansion,90,HIGH,100,0.43,1.76,birthstone
june and august birthstone ring,expansion,90,HIGH,100,0.43,1.54,birthstone
october opal birthstone necklace,expansion,90,HIGH,94,0.71,2.75,birthstone
virgo birthstone jewelry,expansion,90,HIGH,79,0.0,0.0,birthstone
birthstone bead necklace,expansion,90,HIGH,100,0.34,1.81,birthstone
january and december birthstone ring,expansion,90,HIGH,100,0.54,1.8,birthstone
claddagh ring blue topaz,expansion,90,HIGH,100,0.41,3.29,birthstone
november stone ring,expansion,90,HIGH,100,0.46,2.25,birthstone
april kendra scott necklace,expansion,90,HIGH,100,0.58,2.47,birthstone
may and october birthstone ring,expansion,90,HIGH,100,0.52,1.53,birthstone
march and july birthstone ring,expansion,90,HIGH,100,0.58,2.19,birthstone
birthstone necklace simple,expansion,90,HIGH,100,0.96,2.84,birthstone
july and november birthstone ring,expansion,90,HIGH,100,0.51,1.25,birthstone
november gemstone ring,expansion,90,HIGH,100,0.46,2.25,birthstone
january and october birthstone ring,expansion,90,HIGH,100,0.29,1.24,birthstone
mothers ring stones,expansion,90,HIGH,100,0.44,3.35,birthstone
january and march birthstone ring,expansion,90,HIGH,100,0.52,2.27,birthstone
october and december birthstone ring,expansion,90,HIGH,100,0.42,1.53,birthstone
swarovski earrings birthstone,expansion,90,HIGH,100,0.09,0.82,birthstone
october birthstone opal necklace,expansion,90,HIGH,94,0.71,2.75,birthstone
kendra scott april necklace,expansion,90,HIGH,100,0.58,2.47,birthstone
mens gold ring with birthstone,expansion,90,HIGH,100,0.38,1.67,birthstone
ebay squash blossom necklace,expansion,90,HIGH,99,0.16,0.78,birthstone
kendra scott birthstone necklace july,expansion,90,HIGH,100,0.59,3.33,birthstone
alexandrite pearl necklace,expansion,90,HIGH,100,0.84,3.55,birthstone
kendra scott july birthstone necklace,expansion,90,HIGH,100,0.59,3.33,birthstone
virgo stone necklace,expansion,90,HIGH,79,0.0,0.0,birthstone
december and september birthstone ring,expansion,90,HIGH,100,0.46,1.65,birthstone
may and november birthstone ring,expansion,90,HIGH,100,0.46,1.97,birthstone
antique yellow topaz necklace,expansion,90,HIGH,70,0.0,0.0,birthstone
april pandora birthstone ring,expansion,90,HIGH,95,0.3,0.69,birthstone
birthstone pendant november,expansion,90,HIGH,100,0.43,1.63,birthstone
kay jewelers march birthstone necklace,expansion,90,HIGH,79,0.0,0.0,birthstone
kendra scott birthstone pendant,expansion,90,LOW,2,0.0,0.0,birthstone
march and october birthstone ring,expansion,90,HIGH,91,0.51,1.54,birthstone
mothers necklace kay jewelers,expansion,90,HIGH,98,0.36,1.38,birthstone
november ring stone,expansion,90,HIGH,100,0.46,2.25,birthstone
personalised name birthstone necklace,expansion,90,HIGH,100,1.25,2.65,birthstone
playboy miss july necklace,expansion,90,HIGH,92,0.0,0.0,birthstone
sisters birthstone necklace,expansion,90,HIGH,100,0.97,3.14,birthstone
two birthstone ring gold,expansion,90,HIGH,100,0.94,3.06,birthstone
two heart birthstone necklace,expansion,90,HIGH,100,0.96,2.59,birthstone
virgo birthstone jewellery,expansion,90,HIGH,79,0.0,0.0,birthstone
yellow topaz and ruby ring,expansion,90,HIGH,100,1.33,4.82,birthstone
citrine wedding ring set,expansion,90,HIGH,100,0.76,2.51,warm_stones
yellow citrine earrings,expansion,90,HIGH,100,0.54,2.26,warm_stones
genuine citrine ring,expansion,90,HIGH,100,0.52,1.67,warm_stones
citron jewelry,expansion,90,HIGH,100,0.48,1.79,warm_stones
david yurman tiger eye necklace,expansion,90,HIGH,99,0.79,6.03,warm_stones
vintage citrine earrings,expansion,90,HIGH,80,0.34,1.09,warm_stones
vintage citrine jewelry,expansion,90,HIGH,100,0.12,0.87,warm_stones
peridot and citrine jewelry,expansion,90,HIGH,100,0.71,3.45,warm_stones
lemon citrine ring,expansion,90,HIGH,100,0.42,1.54,warm_stones
emerald cut citrine earrings,expansion,90,HIGH,82,0.0,0.0,warm_stones
black tiger eye bracelet,expansion,90,HIGH,100,0.23,1.1,warm_stones
citrine bezel ring,expansion,90,HIGH,100,0.36,1.27,warm_stones
5 carat citrine ring,expansion,90,HIGH,100,0.0,0.0,warm_stones
citrine emerald cut earrings,expansion,90,HIGH,100,0.0,0.0,warm_stones
tiger eye pinky ring,expansion,90,HIGH,100,0.15,0.74,warm_stones
citrine teardrop pendant,expansion,90,HIGH,100,0.78,2.08,warm_stones
carnelian crystal pendant,expansion,90,HIGH,100,0.41,1.15,warm_stones
red carnelian ring,expansion,90,HIGH,94,0.38,1.79,warm_stones
kendra scott tiger eye necklace,expansion,90,HIGH,78,0.0,0.0,warm_stones
carnelian cameo ring,expansion,90,MEDIUM,66,0.0,0.0,warm_stones
carnelian stone pendant,expansion,90,HIGH,100,0.47,1.65,warm_stones
carved carnelian ring,expansion,90,HIGH,100,0.0,0.0,warm_stones
citrine quartz bracelet,expansion,90,HIGH,98,0.37,2.11,warm_stones
citrine wire wrapped necklace,expansion,90,LOW,27,0.0,0.0,warm_stones
eye bead bracelet,expansion,90,HIGH,100,0.25,1.08,warm_stones
garnet citrine necklace,expansion,90,HIGH,100,0.64,2.39,warm_stones
kendra scott tiger eye earrings,expansion,90,HIGH,91,0.0,0.0,warm_stones
orange carnelian bracelet,expansion,90,HIGH,73,0.0,0.0,warm_stones
pandora carnelian ring,expansion,90,LOW,13,0.0,0.0,warm_stones
red tiger eye pendant,expansion,90,HIGH,85,0.22,1.12,warm_stones
teardrop citrine pendant,expansion,90,HIGH,100,0.78,2.08,warm_stones
victorian carnelian ring,expansion,90,MEDIUM,43,0.0,0.0,warm_stones
baltic amber bracelet for adults,amber_core,70,HIGH,100,0.4,1.19,amber_general
amber crystal bracelet,amber_core,70,HIGH,100,0.0,0.0,amber_general
amber bee earrings,amber_core,70,HIGH,100,0.23,1.18,amber_general
gold amber necklace,amber_core,70,HIGH,73,0.0,0.0,amber_general
amber stone engagement ring,amber_core,70,HIGH,100,0.34,3.38,amber_general
mens amber jewelry,amber_core,70,HIGH,100,0.27,1.66,amber_general
amber choker necklace,amber_core,70,HIGH,100,0.23,1.09,amber_general
amber sceats bracelet,amber_core,70,HIGH,92,0.0,0.0,amber_general
amber teardrop earrings,amber_core,70,HIGH,100,0.23,1.13,amber_general
silver and amber jewellery,amber_core,70,MEDIUM,56,0.0,0.0,amber_general
amber gemstone ring,amber_core,70,HIGH,100,0.31,1.39,amber_general
baltic amber bead necklace,amber_core,70,HIGH,100,0.32,2.89,amber_general
amber bangle bracelet,amber_core,70,HIGH,100,0.23,0.78,amber_general
blue amber necklace,amber_core,70,HIGH,100,0.0,0.0,amber_general
amber jewelry necklace,amber_core,70,HIGH,86,0.0,0.0,amber_general
amber bee ring,amber_core,70,HIGH,99,0.0,0.0,amber_general
amber gold bracelet,amber_core,70,HIGH,69,0.0,0.0,amber_general
amber fossil jewelry,amber_core,70,HIGH,90,0.0,0.0,amber_general
large amber bead necklace,amber_core,70,HIGH,100,0.0,0.0,amber_general
amber baltic sea jewelry,amber_core,70,HIGH,98,0.34,1.12,amber_general
amber bee earring,amber_core,70,HIGH,100,0.23,1.18,amber_general
amber crystal ring,amber_core,70,MEDIUM,45,0.0,0.0,amber_general
amber dragonfly necklace,amber_core,70,HIGH,100,0.0,0.0,amber_general
amber gem ring,amber_core,70,HIGH,100,0.31,1.39,amber_general
amber jade jewelry,amber_core,70,HIGH,100,0.0,0.0,amber_general
amber jewelry for pain relief,amber_core,70,HIGH,99,0.0,0.0,amber_general
amber jewelry store,amber_core,70,LOW,12,0.0,0.0,amber_general
amber pins,amber_core,70,MEDIUM,42,0.0,0.0,amber_general
amber resin necklace,amber_core,70,HIGH,100,0.14,0.56,amber_general
amber sami jewellery,amber_core,70,LOW,13,0.0,0.0,amber_general
amber silver jewellery,amber_core,70,MEDIUM,56,0.0,0.0,amber_general
amber sky earrings,amber_core,70,LOW,32,0.0,0.0,amber_general
antique amber bead necklace,amber_core,70,HIGH,71,0.0,0.0,amber_general
antique butterscotch amber necklace,amber_core,70,HIGH,95,0.0,0.0,amber_general
baltic sea amber jewelry,amber_core,70,HIGH,98,0.34,1.12,amber_general
bee earring amber,amber_core,70,HIGH,100,0.23,1.18,amber_general
bee earrings amber,amber_core,70,HIGH,100,0.23,1.18,amber_general
blue amber pendant,amber_core,70,HIGH,100,0.12,1.03,amber_general
butterscotch amber jewelry,amber_core,70,HIGH,100,0.1,0.44,amber_general
cherry red amber jewelry,amber_core,70,HIGH,95,0.0,0.0,amber_general
dragonfly in amber necklace,amber_core,70,HIGH,100,0.0,0.0,amber_general
faturan beads,amber_core,70,HIGH,99,0.0,0.0,amber_general
heart shaped amber ring,amber_core,70,MEDIUM,49,0.0,0.0,amber_general
multicolor amber bracelet,amber_core,70,HIGH,90,0.0,0.0,amber_general
oval amber pendant,amber_core,70,MEDIUM,52,0.0,0.0,amber_general
raw amber pendant,amber_core,70,HIGH,69,0.0,0.0,amber_general
raw amber ring,amber_core,70,MEDIUM,35,0.0,0.0,amber_general
red amber bracelet,amber_core,70,HIGH,81,0.0,0.0,amber_general
vintage butterscotch amber necklace,amber_core,70,HIGH,95,0.0,0.0,amber_general
raw amber beads,amber_core,70,HIGH,100,0.0,0.0,amber_types
real amber for sale,amber_core,70,HIGH,92,0.08,0.47,amber_types
amber pyramid,amber_core,70,LOW,20,0.0,0.0,amber_types
amber ring price,amber_core,70,HIGH,69,0.0,0.0,amber_types
big amber,amber_core,70,LOW,1,0.0,0.0,amber_types
faceted amber beads,amber_core,70,HIGH,96,0.0,0.0,amber_types
raw unpolished amber,amber_core,70,LOW,17,0.0,0.0,amber_types
synthetic amber,amber_core,70,MEDIUM,34,0.0,0.0,amber_types
blue baltic amber,amber_core,70,HIGH,99,0.31,1.09,amber_colors
natural green amber,amber_core,70,HIGH,97,0.0,0.0,amber_colors
real blue amber,amber_core,70,HIGH,98,0.0,0.0,amber_colors
amber and silver jewelry,amber_core,70,MEDIUM,56,0.0,0.0,silver_amber
silver amber jewellery,amber_core,70,MEDIUM,56,0.0,0.0,silver_amber
gemstone engagement ring sets,expansion,70,HIGH,100,0.59,2.3,gemstone
pear shaped morganite engagement ring,expansion,70,HIGH,100,1.01,5.3,gemstone
genuine emerald jewelry,expansion,70,HIGH,100,0.63,4.72,gemstone
emerald birthstone earrings,expansion,70,HIGH,100,0.92,4.23,gemstone
real blue sapphire ring,expansion,70,HIGH,100,0.75,3.12,gemstone
natural blue sapphire earrings,expansion,70,HIGH,100,1.31,4.27,gemstone
synthetic emerald ring,expansion,70,HIGH,100,0.78,2.58,gemstone
emerald stone earrings,expansion,70,HIGH,100,0.93,5.5,gemstone
natural sapphire pendant,expansion,70,HIGH,100,0.88,3.44,gemstone
opal mothers ring,expansion,70,HIGH,100,0.67,3.4,gemstone
opal stone earrings,expansion,70,HIGH,100,0.64,3.17,gemstone
pear cut sapphire ring,expansion,70,HIGH,96,1.12,2.33,gemstone
pink sapphire solitaire ring,expansion,70,HIGH,100,0.94,3.94,gemstone
4 carat aquamarine ring,expansion,70,HIGH,100,0.81,3.93,gemstone
white emerald ring,expansion,70,HIGH,100,0.79,2.33,gemstone
aquarius birthstone necklace,expansion,70,HIGH,97,0.4,2.44,gemstone
topaz stone necklace,expansion,70,HIGH,100,0.48,3.05,gemstone
sapphire pear ring,expansion,70,HIGH,100,1.32,5.0,gemstone
design your own gemstone engagement ring,expansion,70,HIGH,85,0.73,2.46,gemstone
1.5 carat emerald ring,expansion,70,HIGH,100,1.1,4.08,gemstone
2 carat tanzanite ring,expansion,70,HIGH,100,0.63,2.88,gemstone
blue stone drop earrings,expansion,70,HIGH,100,0.43,2.94,gemstone
neelam ring,expansion,70,HIGH,100,0.0,0.0,gemstone
pink topaz engagement ring,expansion,70,HIGH,100,0.65,2.45,gemstone
natural ruby jewelry set,expansion,70,HIGH,100,0.37,2.38,gemstone
black tourmaline engagement ring,expansion,70,HIGH,100,0.87,2.18,gemstone
cushion sapphire ring,expansion,70,HIGH,100,0.0,0.0,gemstone
18k emerald ring,expansion,70,HIGH,100,0.97,4.11,gemstone
diamond ring with aquamarine accents,expansion,70,HIGH,98,1.48,3.62,gemstone
chakra crystal necklace,expansion,70,HIGH,100,0.44,1.2,gemstone
one stone ring,expansion,70,HIGH,100,0.67,1.97,gemstone
green stone drop earrings,expansion,70,HIGH,100,0.44,1.13,gemstone
emerald green wedding ring set,expansion,70,HIGH,100,0.91,2.22,gemstone
malachite crystal bracelet,expansion,70,HIGH,100,0.37,2.0,gemstone
citrine crystal pendant,expansion,70,HIGH,100,0.61,2.18,gemstone
london blue sapphire ring,expansion,70,HIGH,100,0.73,2.67,gemstone
14k white gold opal ring,expansion,70,HIGH,100,0.5,1.58,gemstone
volcanic stone bracelet,expansion,70,HIGH,100,0.11,0.61,gemstone
natural gemstone necklace,expansion,70,HIGH,100,0.57,2.48,gemstone
dark green sapphire ring,expansion,70,HIGH,100,0.91,5.17,gemstone
radiant cut sapphire ring,expansion,70,HIGH,100,1.24,3.45,gemstone
peridot crystal necklace,expansion,70,HIGH,99,0.41,1.13,gemstone
real emerald gold ring,expansion,70,HIGH,100,0.79,3.63,gemstone
wholesale natural stone jewelry,expansion,70,HIGH,100,1.12,5.59,gemstone
yellow quartz ring,expansion,70,HIGH,100,0.53,3.14,gemstone
purple topaz ring,expansion,70,HIGH,100,0.49,2.42,gemstone
triple stone ring,expansion,70,HIGH,100,1.18,5.6,gemstone
moonstone crystal ring,expansion,70,HIGH,100,0.7,1.85,gemstone
black stone pendant necklace,expansion,70,HIGH,100,0.46,1.08,gemstone
18k sapphire ring,expansion,70,HIGH,98,0.66,2.59,gemstone
7 chakra crystal bracelet,expansion,70,HIGH,100,0.44,2.1,gemstone
solitaire stone ring,expansion,70,HIGH,91,0.97,3.53,gemstone
natural stone pendant necklace,expansion,70,HIGH,100,0.2,0.58,gemstone
dumortierite bracelet,expansion,70,HIGH,100,0.43,1.06,gemstone
natural citrine necklace,expansion,70,HIGH,100,0.51,1.79,gemstone
aventurine crystal bracelet,expansion,70,HIGH,100,0.62,2.27,gemstone
mens healing crystal bracelet,expansion,70,HIGH,100,0.34,1.72,gemstone
rainbow fluorite necklace,expansion,70,HIGH,100,0.19,1.15,gemstone
silver ring with sapphire stone,expansion,70,HIGH,100,0.72,3.15,gemstone
natural gemstone stud earrings,expansion,70,HIGH,100,0.51,1.42,gemstone
raw garnet ring,expansion,70,HIGH,100,0.44,1.27,gemstone
danburite ring,expansion,70,HIGH,100,0.36,2.7,gemstone
zircon stone ring,expansion,70,HIGH,100,0.35,1.15,gemstone
red coral stone ring,expansion,70,HIGH,100,0.24,0.77,gemstone
natural stone drop earrings,expansion,70,HIGH,100,0.3,1.14,gemstone
emerald crystal ring,expansion,70,HIGH,83,0.0,0.0,gemstone
seraphinite necklace,expansion,70,HIGH,100,0.26,0.89,gemstone
round stone ring,expansion,70,HIGH,100,0.0,0.0,gemstone
bloodstone crystal bracelet,expansion,70,HIGH,80,0.3,2.9,gemstone
natural moonstone bracelet,expansion,70,HIGH,99,0.26,1.21,gemstone
red coral gold ring,expansion,70,HIGH,99,0.33,1.78,gemstone
zultanite stone ring,expansion,70,HIGH,100,0.26,1.09,gemstone
mens marble bracelet,expansion,70,HIGH,100,0.32,2.66,gemstone
white gemstone ring,expansion,70,HIGH,98,0.0,0.0,gemstone
protection crystal jewelry,expansion,70,HIGH,94,0.53,1.38,gemstone
raw ruby pendant,expansion,70,HIGH,100,0.46,2.36,gemstone
lapis lazuli stone ring,expansion,70,HIGH,100,0.29,1.41,gemstone
amazonite beads for jewelry making,expansion,70,HIGH,100,0.24,0.47,gemstone
star stone ring,expansion,70,HIGH,96,0.38,1.62,gemstone
men's natural stone necklace,expansion,70,HIGH,100,0.47,1.3,gemstone
black obsidian buddha necklace,expansion,70,HIGH,100,0.0,0.0,gemstone
blue marble bracelet,expansion,70,HIGH,88,0.0,0.0,gemstone
druzy drop earrings,expansion,70,HIGH,97,0.0,0.0,gemstone
blood stone bracelet,expansion,70,HIGH,100,0.27,0.94,gemstone
raw turquoise jewelry,expansion,70,HIGH,100,0.44,1.32,gemstone
quartz stone ring,expansion,70,HIGH,100,0.0,0.0,gemstone
raw quartz necklace,expansion,70,HIGH,96,0.0,0.0,gemstone
natural alexandrite stone ring,expansion,70,HIGH,100,0.53,1.42,gemstone
tektite pendant,expansion,70,HIGH,100,0.0,0.0,gemstone
stone beads jewellery,expansion,70,HIGH,100,0.28,1.79,gemstone
ring with one stone,expansion,70,HIGH,100,0.67,1.97,gemstone
natural topaz jewelry,expansion,70,HIGH,75,0.0,0.0,gemstone
tektite necklace,expansion,70,MEDIUM,49,0.0,0.0,gemstone
aquamarine raw stone necklace,expansion,70,HIGH,100,0.0,0.0,gemstone
beaded stone jewelry,expansion,70,HIGH,100,0.28,1.79,gemstone
black pearl necklace natural,expansion,70,HIGH,100,0.89,3.0,gemstone
blue druzy pendant,expansion,70,MEDIUM,48,0.0,0.0,gemstone
clear quartz bead bracelet,expansion,70,HIGH,100,0.06,1.3,gemstone
copper ring with stone,expansion,70,HIGH,100,0.26,1.29,gemstone
druzy agate bracelet,expansion,70,HIGH,68,0.0,0.0,gemstone
druzy agate necklace,expansion,70,HIGH,90,0.32,1.5,gemstone
druzy quartz bracelet,expansion,70,HIGH,84,0.0,0.0,gemstone
gems & jewellery,expansion,70,MEDIUM,58,0.0,0.0,gemstone
marble bracelet men,expansion,70,HIGH,100,0.32,2.66,gemstone
maw sit sit bracelet,expansion,70,HIGH,67,0.0,0.0,gemstone
natural gem necklace,expansion,70,HIGH,100,0.57,2.48,gemstone
natural hematite bracelet,expansion,70,HIGH,100,0.49,1.77,gemstone
natural red coral necklace,expansion,70,HIGH,100,0.25,0.95,gemstone
pilot mountain turquoise jewelry,expansion,70,HIGH,100,0.0,0.0,gemstone
raw obsidian necklace,expansion,70,HIGH,100,0.53,1.06,gemstone
raw quartz earrings,expansion,70,HIGH,86,0.0,0.0,gemstone
silver ring white stone,expansion,70,HIGH,100,0.0,0.0,gemstone
white druzy earrings,expansion,70,HIGH,83,0.0,0.0,gemstone
white druzy necklace,expansion,70,HIGH,93,0.0,0.0,gemstone
5 birthstone bracelet,expansion,70,HIGH,100,1.13,4.51,birthstone
mothers birthstone ring 3 stones,expansion,70,HIGH,100,0.49,3.7,birthstone
6 birthstone bracelet,expansion,70,HIGH,100,0.73,3.66,birthstone
6 birthstone ring,expansion,70,HIGH,100,0.55,3.34,birthstone
family stone necklace,expansion,70,HIGH,100,0.87,3.39,birthstone
6 stone birthstone ring,expansion,70,HIGH,100,0.85,3.51,birthstone
gemini birthstone necklace,expansion,70,HIGH,100,0.87,2.39,birthstone
kay jewelers birthstone earrings,expansion,70,HIGH,100,0.31,1.05,birthstone
jared birthstone bracelet,expansion,70,HIGH,100,0.57,2.11,birthstone
zales birthstone necklace for mom,expansion,70,LOW,5,0.0,0.0,birthstone
pisces birthstone necklace,expansion,70,HIGH,100,0.7,3.0,birthstone
initial bracelet with birthstone,expansion,70,HIGH,100,1.13,3.76,birthstone
gold birthstone bracelet for mom,expansion,70,HIGH,100,0.89,3.62,birthstone
virgo birthstone necklace,expansion,70,HIGH,100,0.39,1.4,birthstone
mimi necklace with birthstones,expansion,70,HIGH,100,0.4,7.39,birthstone
custom birthstone earrings,expansion,70,HIGH,100,1.19,5.42,birthstone
birth stones bracelet,expansion,70,HIGH,100,0.98,2.86,birthstone
birthstone necklace and earring set,expansion,70,HIGH,100,0.39,1.53,birthstone
engagement ring with birthstone accents,expansion,70,HIGH,100,0.6,5.47,birthstone
birthstone necklace for mom that can be added to,expansion,70,HIGH,100,1.2,5.06,birthstone
birthstone huggie earrings,expansion,70,HIGH,100,0.54,1.47,birthstone
design your own birthstone ring,expansion,70,HIGH,100,0.97,2.85,birthstone
libra birthstone necklace,expansion,70,HIGH,100,0.57,3.14,birthstone
mothers ring 5 stones with names,expansion,70,HIGH,100,0.63,2.92,birthstone
family ring 3 stones,expansion,70,HIGH,100,0.48,3.69,birthstone
birth jewelry,expansion,70,HIGH,100,1.26,4.53,birthstone
august birthstone pendant,expansion,70,HIGH,100,0.5,2.23,birthstone
birthstone necklace 14k gold,expansion,70,HIGH,100,1.23,7.63,birthstone
tiffany birthstone bracelet,expansion,70,HIGH,100,0.83,5.52,birthstone
family birthstone earrings,expansion,70,HIGH,100,0.61,2.68,birthstone
november necklace,expansion,70,HIGH,100,0.38,0.99,birthstone
zales birthstone earrings,expansion,70,HIGH,100,0.3,1.41,birthstone
grandchildren birthstone ring,expansion,70,HIGH,100,0.54,2.07,birthstone
june birthstone stackable ring,expansion,70,HIGH,100,0.65,2.34,birthstone
single stone mothers ring,expansion,70,HIGH,100,0.0,0.0,birthstone
opal birthstone earrings,expansion,70,HIGH,100,0.29,1.31,birthstone
jared birthstone necklace for mom,expansion,70,HIGH,100,0.61,2.25,birthstone
august necklace,expansion,70,HIGH,100,0.83,1.84,birthstone
minnie mouse birthstone earrings,expansion,70,HIGH,98,0.29,1.08,birthstone
sapphire birthstone earrings,expansion,70,HIGH,99,0.49,2.85,birthstone
december birthstone stackable ring,expansion,70,HIGH,100,0.33,1.3,birthstone
mothers family birthstone ring,expansion,70,HIGH,100,0.9,9.69,birthstone
push present birthstone ring,expansion,70,HIGH,100,0.92,3.95,birthstone
june necklace,expansion,70,HIGH,99,0.81,2.43,birthstone
grandmother ring 2 stones,expansion,70,HIGH,100,0.31,3.38,birthstone
blue topaz anklet,expansion,70,HIGH,97,0.27,1.76,birthstone
june birthstone pendant,expansion,70,HIGH,100,0.66,3.11,birthstone
raw birthstone necklace,expansion,70,HIGH,100,0.72,1.61,birthstone
grandmother ring 8 stones,expansion,70,HIGH,100,0.37,1.86,birthstone
birthstone pendant necklace for mom,expansion,70,HIGH,90,1.04,4.64,birthstone
circle birthstone necklace,expansion,70,HIGH,100,0.66,3.04,birthstone
unique birthstone necklace,expansion,70,HIGH,100,0.56,1.75,birthstone
october birthstone pendant,expansion,70,HIGH,100,0.58,2.65,birthstone
orange topaz necklace,expansion,70,HIGH,100,0.96,2.06,birthstone
moon birthstone necklace,expansion,70,HIGH,100,0.8,2.98,birthstone
women's birthstone necklace for mom,expansion,70,HIGH,100,1.47,6.95,birthstone
october birthstone necklace gold,expansion,70,HIGH,100,0.69,2.43,birthstone
raw birthstone ring,expansion,70,HIGH,100,0.47,2.5,birthstone
birthstone drop earrings,expansion,70,HIGH,100,0.57,2.2,birthstone
august birthstone jewelry set,expansion,70,HIGH,93,0.2,1.72,birthstone
december birthstone promise ring,expansion,70,HIGH,100,0.48,1.79,birthstone
february birthstone ring gold,expansion,70,HIGH,100,0.91,2.59,birthstone
mothers ring with names and birthstones,expansion,70,MEDIUM,63,0.53,1.64,birthstone
best birthstone necklace for mom,expansion,70,HIGH,100,0.99,12.19,birthstone
dual birthstone jewelry,expansion,70,HIGH,100,1.3,5.37,birthstone
birthstone necklace 6 stones,expansion,70,HIGH,100,1.03,4.92,birthstone
real birthstone jewelry,expansion,70,HIGH,100,0.86,4.41,birthstone
women's mothers ring 2 stones,expansion,70,HIGH,100,0.2,2.25,birthstone
peridot birthstone earrings,expansion,70,HIGH,100,0.4,1.4,birthstone
blue topaz pendant 14k gold,expansion,70,HIGH,100,0.97,3.61,birthstone
taurus birthstone ring,expansion,70,HIGH,98,0.0,0.0,birthstone
blue sapphire birthstone ring,expansion,70,HIGH,100,0.32,3.75,birthstone
blue topaz huggie earrings,expansion,70,HIGH,100,0.71,2.22,birthstone
august birthstone ring gold,expansion,70,HIGH,100,0.56,1.83,birthstone
daughter birthstone ring,expansion,70,HIGH,100,0.53,2.81,birthstone
september birthstone necklace gold,expansion,70,HIGH,100,0.8,2.69,birthstone
september ring,expansion,70,HIGH,100,0.47,1.72,birthstone
birthstone necklace that can be added to,expansion,70,HIGH,100,0.82,5.53,birthstone
blue birthstone ring,expansion,70,HIGH,100,0.43,1.85,birthstone
june earrings,expansion,70,HIGH,100,0.91,4.0,birthstone
june birthstone stud earrings,expansion,70,HIGH,100,0.59,1.68,birthstone
june birthstone alexandrite necklace,expansion,70,HIGH,99,0.47,2.71,birthstone
thin birthstone ring,expansion,70,HIGH,100,0.46,1.89,birthstone
alex and ani birthstone ring,expansion,70,HIGH,89,0.79,1.71,birthstone
marquise birthstone ring,expansion,70,HIGH,100,0.75,3.29,birthstone
libra birthstone jewelry,expansion,70,HIGH,100,0.57,3.14,birthstone
birth jewellery,expansion,70,HIGH,100,1.26,4.53,birthstone
heart shaped blue topaz necklace,expansion,70,HIGH,98,0.0,0.0,birthstone
birthstone moon necklace,expansion,70,HIGH,100,0.8,2.98,birthstone
birthstone urn necklace,expansion,70,HIGH,100,0.41,1.24,birthstone
cluster birthstone ring,expansion,70,HIGH,100,0.53,2.28,birthstone
december and may birthstone ring,expansion,70,HIGH,97,0.85,1.57,birthstone
mothers ring 4 stones with names,expansion,70,HIGH,100,0.27,2.41,birthstone
june and march birthstone ring,expansion,70,HIGH,100,0.52,1.52,birthstone
turtle birthstone necklace,expansion,70,HIGH,100,0.27,1.38,birthstone
kendra scott necklace december birthstone,expansion,70,HIGH,93,0.35,0.76,birthstone
grandchild birthstone ring,expansion,70,HIGH,100,0.54,2.07,birthstone
his and hers birthstone necklace,expansion,70,HIGH,100,0.6,2.01,birthstone
silver birthstone jewellery,expansion,70,HIGH,100,1.07,5.32,birthstone
june birthstone alexandrite earrings,expansion,70,HIGH,100,0.43,1.87,birthstone
disney birthstone ring,expansion,70,HIGH,100,0.4,1.16,birthstone
july and october birthstone ring,expansion,70,HIGH,100,0.45,1.38,birthstone
december birthstone earrings gold,expansion,70,HIGH,100,0.84,3.05,birthstone
august and october birthstone ring,expansion,70,HIGH,100,0.44,1.36,birthstone
women mothers ring 3 stones,expansion,70,HIGH,100,0.41,1.94,birthstone
etsy birthstone earrings,expansion,70,HIGH,100,0.01,2.17,birthstone
shane co birthstone ring,expansion,70,HIGH,100,0.76,2.55,birthstone
birthstone circle necklace,expansion,70,HIGH,100,0.66,3.04,birthstone
pandora birth ring,expansion,70,HIGH,99,0.27,0.69,birthstone
november and december birthstone ring,expansion,70,HIGH,100,0.35,1.59,birthstone
kendra scott december necklace,expansion,70,HIGH,100,0.38,1.29,birthstone
august and september birthstone ring,expansion,70,HIGH,100,0.71,1.95,birthstone
light amethyst earrings,expansion,70,HIGH,74,0.0,0.0,birthstone
urn necklace with birthstone,expansion,70,HIGH,100,0.41,1.24,birthstone
december and july birthstone ring,expansion,70,HIGH,100,0.51,1.7,birthstone
grandkids birthstone ring,expansion,70,HIGH,100,0.54,2.07,birthstone
kendra scott may birthstone necklace,expansion,70,HIGH,100,0.57,2.69,birthstone
anthropologie birthstone earrings,expansion,70,HIGH,100,0.0,0.0,birthstone
april and october birthstone ring,expansion,70,HIGH,100,0.5,1.57,birthstone
circle necklace with birthstones,expansion,70,HIGH,100,0.66,3.04,birthstone
february and august birthstone ring,expansion,70,HIGH,100,0.42,1.57,birthstone
kendra scott birthstone necklace may,expansion,70,HIGH,100,0.57,2.69,birthstone
kendra scott necklace june birthstone,expansion,70,HIGH,100,0.46,2.4,birthstone
october and august birthstone ring,expansion,70,HIGH,100,0.45,1.64,birthstone
december and june birthstone ring,expansion,70,HIGH,100,0.46,1.39,birthstone
october and november birthstone ring,expansion,70,HIGH,100,0.46,2.01,birthstone
birthstone ring 6 stones,expansion,70,HIGH,100,0.89,3.79,birthstone
women mothers ring 2 stones,expansion,70,HIGH,100,0.2,2.25,birthstone
mimi birthstone necklace,expansion,70,HIGH,100,0.4,7.39,birthstone
august and march birthstone ring,expansion,70,HIGH,100,0.47,1.57,birthstone
women birthstone necklace for mom,expansion,70,HIGH,100,1.47,6.95,birthstone
november and may birthstone ring,expansion,70,HIGH,100,0.55,1.66,birthstone
necklace with topaz stone,expansion,70,HIGH,100,0.48,3.05,birthstone
august and may birthstone ring,expansion,70,HIGH,100,0.63,1.65,birthstone
may and july birthstone ring,expansion,70,HIGH,100,0.51,1.8,birthstone
opal october birthstone ring,expansion,70,HIGH,100,1.01,3.25,birthstone
orange topaz jewellery,expansion,70,HIGH,95,0.44,1.03,birthstone
january and november birthstone ring,expansion,70,HIGH,100,0.49,1.62,birthstone
april and august birthstone ring,expansion,70,HIGH,100,0.51,1.82,birthstone
june bug necklace,expansion,70,HIGH,100,0.29,0.96,birthstone
birthstone charm pendant,expansion,70,HIGH,100,0.74,1.63,birthstone
november birthstone topaz ring,expansion,70,HIGH,100,0.75,2.11,birthstone
april and june birthstone ring,expansion,70,HIGH,100,0.55,1.99,birthstone
june and february birthstone ring,expansion,70,HIGH,100,0.42,1.57,birthstone
yellow topaz silver ring,expansion,70,HIGH,99,0.24,1.06,birthstone
aquamarine birthstone ring pandora,expansion,70,MEDIUM,44,0.0,0.0,birthstone
birth ring pandora,expansion,70,HIGH,99,0.27,0.69,birthstone
birthstone mothers pendant,expansion,70,HIGH,90,1.04,4.64,birthstone
birthstone necklace circle,expansion,70,HIGH,100,0.66,3.04,birthstone
birthstone ring colors,expansion,70,HIGH,100,0.21,1.08,birthstone
blue topaz necklace zales,expansion,70,HIGH,95,0.16,1.51,birthstone
blue topaz pendant sterling silver,expansion,70,HIGH,82,0.0,0.0,birthstone
gold birthstone charm necklace,expansion,70,HIGH,96,0.74,3.0,birthstone
january birthstone ring for men,expansion,70,HIGH,100,0.3,1.5,birthstone
moon necklace birthstone,expansion,70,HIGH,100,0.8,2.98,birthstone
november topaz birthstone ring,expansion,70,HIGH,100,0.75,2.11,birthstone
origami owl birthstone bar necklace,expansion,70,HIGH,76,0.0,0.0,birthstone
pandora aquamarine birthstone ring,expansion,70,MEDIUM,44,0.0,0.0,birthstone
pandora october droplet ring,expansion,70,MEDIUM,65,0.0,0.0,birthstone
silver yellow topaz ring,expansion,70,HIGH,99,0.24,1.06,birthstone
yellow topaz ring silver,expansion,70,HIGH,99,0.24,1.06,birthstone
citrine stud earrings gold,expansion,70,HIGH,100,0.59,2.44,warm_stones
citrine promise ring,expansion,70,HIGH,100,0.85,3.0,warm_stones
citrine mens bracelet,expansion,70,HIGH,100,0.79,4.56,warm_stones
citrine earrings white gold,expansion,70,HIGH,97,0.0,0.0,warm_stones
david yurman champagne citrine ring,expansion,70,HIGH,100,0.97,7.83,warm_stones
citrine white gold necklace,expansion,70,HIGH,100,0.75,2.48,warm_stones
real carnelian bracelet,expansion,70,HIGH,100,0.47,1.43,warm_stones
citrine necklace white gold,expansion,70,HIGH,100,0.75,2.48,warm_stones
effy citrine earrings,expansion,70,HIGH,100,0.39,0.94,warm_stones
14k citrine ring,expansion,70,HIGH,100,0.26,1.47,warm_stones
citrine and pearl necklace,expansion,70,HIGH,68,0.49,1.95,warm_stones
jared citrine necklace,expansion,70,HIGH,100,0.0,0.0,warm_stones
gold tiger earrings,expansion,70,HIGH,100,0.26,0.73,warm_stones
real carnelian jewelry,expansion,70,HIGH,100,0.53,1.66,warm_stones
citrine gold stud earrings,expansion,70,HIGH,100,0.59,2.44,warm_stones
vca carnelian necklace,expansion,70,HIGH,100,0.43,1.97,warm_stones
mens blue tiger eye bracelet,expansion,70,HIGH,100,0.0,0.0,warm_stones
yellow gold citrine necklace,expansion,70,HIGH,81,0.0,0.0,warm_stones
topaz and citrine bracelet,expansion,70,HIGH,100,0.58,2.56,warm_stones
ruby and citrine jewelry,expansion,70,HIGH,85,0.52,1.67,warm_stones
tiger charm bracelet,expansion,70,HIGH,100,0.22,0.66,warm_stones
mens tiger necklace,expansion,70,HIGH,100,0.45,3.53,warm_stones
citrine chandelier earrings,expansion,70,HIGH,100,0.0,0.0,warm_stones
citrine and pearl earrings,expansion,70,HIGH,100,0.58,4.12,warm_stones
effy citrine necklace,expansion,70,HIGH,100,0.0,0.0,warm_stones
david yurman carnelian bracelet,expansion,70,HIGH,97,0.0,0.0,warm_stones
david yurman citrine albion ring,expansion,70,HIGH,100,0.1,2.94,warm_stones
carnelian van cleef bracelet,expansion,70,HIGH,100,1.73,7.21,warm_stones
mens tiger eye pendant,expansion,70,HIGH,100,0.52,1.38,warm_stones
silver carnelian necklace,expansion,70,HIGH,100,0.44,1.08,warm_stones
carnelian necklace silver,expansion,70,HIGH,100,0.44,1.08,warm_stones
real carnelian ring,expansion,70,HIGH,100,0.28,1.28,warm_stones
citrine ruby ring,expansion,70,HIGH,100,0.71,2.64,warm_stones
citrine heart earrings,expansion,70,HIGH,89,0.36,4.59,warm_stones
ruby citrine ring,expansion,70,HIGH,100,0.71,2.64,warm_stones
tiger eye bracelet near me,expansion,70,HIGH,99,0.33,1.13,warm_stones
citrine teardrop ring,expansion,70,HIGH,100,0.0,0.0,warm_stones
carnelian cord necklace,expansion,70,HIGH,98,0.34,0.98,warm_stones
red tiger eye necklace,expansion,70,HIGH,100,0.3,0.74,warm_stones
14k yellow gold citrine ring,expansion,70,HIGH,100,0.0,0.0,warm_stones
citrine sun pendant,expansion,70,HIGH,98,0.34,1.17,warm_stones
yellow tiger eye bracelet,expansion,70,HIGH,99,0.0,0.0,warm_stones
etsy tiger eye bracelet,expansion,70,HIGH,100,0.0,0.0,warm_stones
tiger eye van cleef necklace,expansion,70,HIGH,100,0.0,0.0,warm_stones
carnelian men's jewelry,expansion,70,HIGH,100,0.38,1.37,warm_stones
tiger cuff bracelet,expansion,70,HIGH,100,0.73,3.0,warm_stones
van cleef tiger eye earrings,expansion,70,HIGH,100,0.0,0.0,warm_stones
tigers eye anklet,expansion,70,HIGH,100,0.26,0.96,warm_stones
teardrop citrine ring,expansion,70,HIGH,100,0.0,0.0,warm_stones
sterling silver tiger eye bracelet,expansion,70,HIGH,88,0.0,0.0,warm_stones
tiger eye gemstone bracelet,expansion,70,HIGH,95,0.0,0.0,warm_stones
rectangle citrine ring,expansion,70,HIGH,100,0.0,0.0,warm_stones
john hardy citrine ring,expansion,70,HIGH,93,0.0,0.0,warm_stones
carnelian silver necklace,expansion,70,HIGH,100,0.44,1.08,warm_stones
citrine nose ring,expansion,70,HIGH,82,0.0,0.0,warm_stones
yellow gold citrine earrings,expansion,70,HIGH,100,0.78,3.34,warm_stones
gold citrine stud earrings,expansion,70,HIGH,100,0.59,2.44,warm_stones
tigers eye silver necklace,expansion,70,HIGH,100,0.4,1.2,warm_stones
blue tiger eye stone necklace,expansion,70,LOW,22,0.0,0.0,warm_stones
carnelian gold pendant,expansion,70,HIGH,97,0.52,1.67,warm_stones
carnelian pendant gold,expansion,70,HIGH,97,0.52,1.67,warm_stones
carnelian pinky ring,expansion,70,HIGH,70,0.0,0.0,warm_stones
chandelier citrine earrings,expansion,70,HIGH,100,0.0,0.0,warm_stones
citrine 14k ring,expansion,70,HIGH,100,0.26,1.47,warm_stones
citrine and ruby jewelry,expansion,70,HIGH,85,0.52,1.67,warm_stones
citrine and smoky quartz ring,expansion,70,HIGH,83,0.0,0.0,warm_stones
citrine and topaz bracelet,expansion,70,HIGH,100,0.58,2.56,warm_stones
citrine earrings yellow gold,expansion,70,HIGH,100,0.78,3.34,warm_stones
citrine jewelry silver,expansion,70,HIGH,85,0.0,0.0,warm_stones
citrine necklace yellow gold,expansion,70,HIGH,81,0.0,0.0,warm_stones
citrine point necklace,expansion,70,HIGH,89,0.72,2.56,warm_stones
citrine ring 14k,expansion,70,HIGH,100,0.26,1.47,warm_stones
citrine topaz bracelet,expansion,70,HIGH,100,0.58,2.56,warm_stones
citrine yellow gold earrings,expansion,70,HIGH,100,0.78,3.34,warm_stones
etsy carnelian ring,expansion,70,HIGH,100,0.0,0.0,warm_stones
eye agate bracelet,expansion,70,MEDIUM,50,0.0,0.0,warm_stones
gold carnelian pendant,expansion,70,HIGH,97,0.52,1.67,warm_stones
gold tiger ring with ruby eyes,expansion,70,HIGH,79,0.0,0.0,warm_stones
green citrine jewelry,expansion,70,HIGH,71,0.0,0.0,warm_stones
hawkeye stone jewelry,expansion,70,MEDIUM,66,0.0,0.0,warm_stones
matte tiger eye bracelet,expansion,70,HIGH,100,0.0,0.0,warm_stones
mens carnelian jewelry,expansion,70,HIGH,100,0.38,1.37,warm_stones
purple tiger eye bracelet,expansion,70,HIGH,100,0.49,1.59,warm_stones
raw citrine crystal necklace,expansion,70,HIGH,77,0.0,0.0,warm_stones
silver citrine jewelry,expansion,70,HIGH,85,0.0,0.0,warm_stones
silver tiger eye necklace,expansion,70,HIGH,100,0.4,1.2,warm_stones
smoky quartz and citrine ring,expansion,70,HIGH,83,0.0,0.0,warm_stones
square cut citrine ring,expansion,70,HIGH,100,0.0,0.0,warm_stones
tiger diamond ring,expansion,70,HIGH,100,0.0,0.0,warm_stones
tiger eye bracelet etsy,expansion,70,HIGH,100,0.0,0.0,warm_stones
tiger eye crystal pendant,expansion,70,HIGH,87,0.0,0.0,warm_stones
tiger eye pendant men,expansion,70,HIGH,100,0.52,1.38,warm_stones
tiger necklace for men,expansion,70,HIGH,100,0.45,3.53,warm_stones
tigers eye necklace silver,expansion,70,HIGH,100,0.4,1.2,warm_stones
women tiger eye necklace,expansion,70,HIGH,100,0.28,0.96,warm_stones
amber necklaces for sale,amber_core,50,HIGH,100,0.0,0.0,amber_general
amber sceats necklace,amber_core,50,HIGH,100,0.4,0.64,amber_general
amber bee necklace,amber_core,50,HIGH,100,0.35,2.4,amber_general
real amber earrings,amber_core,50,HIGH,100,0.22,0.97,amber_general
amber stone earrings,amber_core,50,HIGH,100,0.19,0.65,amber_general
rainbow amber necklace,amber_core,50,HIGH,99,0.0,0.0,amber_general
women's amber jewelry,amber_core,50,HIGH,100,0.23,1.63,amber_general
amber choker,amber_core,50,HIGH,100,0.32,1.08,amber_general
amber acorn necklace,amber_core,50,HIGH,67,0.0,0.0,amber_general
cognac amber necklace,amber_core,50,HIGH,89,0.0,0.0,amber_general
unpolished amber necklace,amber_core,50,HIGH,100,0.0,0.0,amber_general
black amber bracelet,amber_core,50,HIGH,100,0.0,0.0,amber_general
etsy amber jewelry,amber_core,50,HIGH,97,0.01,0.25,amber_general
blue amber bracelet,amber_core,50,HIGH,100,0.31,1.1,amber_general
real baltic amber,amber_core,50,HIGH,100,0.33,1.92,amber_general
amber pendant with insect,amber_core,50,HIGH,100,0.0,0.0,amber_general
honey amber necklace,amber_core,50,HIGH,100,0.0,0.0,amber_general
etsy amber earrings,amber_core,50,MEDIUM,57,0.01,0.14,amber_general
bee amber necklace,amber_core,50,HIGH,100,0.35,2.4,amber_general
amber marshall jewelry,amber_core,50,HIGH,89,0.0,0.0,amber_general
adult bracelets,amber_core,50,HIGH,98,0.4,2.32,amber_general
polish amber earrings,amber_core,50,HIGH,100,0.19,0.53,amber_general
yellow amber bracelet,amber_core,50,HIGH,91,0.0,0.0,amber_general
amber butterfly pendant,amber_core,50,HIGH,99,0.25,1.59,amber_general
amber chain necklace,amber_core,50,MEDIUM,58,0.0,0.0,amber_general
amber fossil necklace,amber_core,50,HIGH,100,0.0,0.0,amber_general
amber fossil ring,amber_core,50,HIGH,87,0.0,0.0,amber_general
amber gemstone earrings,amber_core,50,HIGH,100,0.19,0.65,amber_general
amber inlay ring,amber_core,50,HIGH,100,0.0,0.0,amber_general
amber marshall jewellery collection,amber_core,50,LOW,12,0.0,0.0,amber_general
amber necklace price,amber_core,50,HIGH,83,0.0,0.0,amber_general
amber quality,amber_core,50,LOW,21,0.01,0.17,amber_general
amber resin ring,amber_core,50,HIGH,78,0.0,0.0,amber_general
amber scorpion necklace,amber_core,50,HIGH,93,0.0,0.0,amber_general
ancient amber jewelry,amber_core,50,HIGH,83,0.0,0.0,amber_general
baltic amber pendant necklace,amber_core,50,HIGH,100,0.21,0.83,amber_general
blood amber bracelet,amber_core,50,HIGH,100,0.11,0.45,amber_general
cherry amber bracelet,amber_core,50,HIGH,72,0.0,0.0,amber_general
chiapas amber jewelry,amber_core,50,HIGH,69,0.0,0.0,amber_general
fossil amber necklace,amber_core,50,HIGH,100,0.0,0.0,amber_general
midwest amber necklace,amber_core,50,HIGH,100,0.43,8.53,amber_general
mosquito in amber necklace,amber_core,50,HIGH,93,0.0,0.0,amber_general
old amber necklace,amber_core,50,MEDIUM,65,0.0,0.0,amber_general
women baltic amber necklace,amber_core,50,HIGH,100,0.53,1.79,amber_general
amber jewelry for men,amber_core,50,HIGH,100,0.25,0.76,amber_types
large amber beads,amber_core,50,HIGH,100,0.24,0.92,amber_types
amber studs,amber_core,50,HIGH,84,0.0,0.0,amber_types
amber colored diamond,amber_core,50,HIGH,100,1.06,3.35,amber_types
amber jewellery etsy,amber_core,50,HIGH,97,0.01,0.25,amber_types
honey amber beads,amber_core,50,HIGH,81,0.0,0.0,amber_types
vintage amber beads,amber_core,50,HIGH,100,0.06,0.6,amber_types
antique butterscotch amber,amber_core,50,HIGH,100,0.0,0.0,amber_colors
sumatran blue amber,amber_core,50,HIGH,99,0.0,0.0,amber_colors
design your own gemstone ring,expansion,50,HIGH,96,0.9,2.98,gemstone
lab made emerald ring,expansion,50,HIGH,100,0.82,5.5,gemstone
morganite promise ring,expansion,50,HIGH,100,1.11,3.57,gemstone
emerald green pendant necklace,expansion,50,HIGH,100,1.16,4.84,gemstone
genuine blue sapphire ring,expansion,50,HIGH,100,0.72,2.67,gemstone
real emerald drop earrings,expansion,50,HIGH,100,0.78,2.99,gemstone
montana teal sapphire ring,expansion,50,HIGH,100,0.76,2.85,gemstone
stone ring design,expansion,50,HIGH,100,0.77,1.89,gemstone
emerald green ring silver,expansion,50,HIGH,100,0.21,1.58,gemstone
2 carat morganite ring,expansion,50,HIGH,100,0.51,2.68,gemstone
taurus birthstone necklace,expansion,50,HIGH,100,0.36,2.05,gemstone
morganite halo engagement ring,expansion,50,HIGH,88,1.03,3.95,gemstone
real amethyst crystal necklace,expansion,50,HIGH,100,0.3,1.29,gemstone
blue sapphire stone ring,expansion,50,HIGH,100,0.6,3.68,gemstone
emerald green stone necklace,expansion,50,HIGH,100,0.0,0.0,gemstone
black sapphire ring mens,expansion,50,HIGH,100,0.55,1.49,gemstone
sapphire necklace set,expansion,50,HIGH,100,0.54,1.52,gemstone
real healing crystal necklace,expansion,50,HIGH,100,0.47,1.29,gemstone
neelam stone ring,expansion,50,HIGH,100,0.58,14.5,gemstone
simulated sapphire ring,expansion,50,MEDIUM,40,1.19,2.06,gemstone
7 chakra bracelet real stones,expansion,50,HIGH,100,0.52,1.74,gemstone
amethyst stone earrings,expansion,50,HIGH,100,0.43,1.43,gemstone
topaz ring november,expansion,50,HIGH,100,0.0,0.0,gemstone
orgonite crystal necklace,expansion,50,HIGH,100,0.34,0.95,gemstone
garnet crystal necklace,expansion,50,HIGH,100,0.46,1.2,gemstone
natural sapphire stud earrings,expansion,50,HIGH,100,1.53,4.91,gemstone
14k white gold sapphire and diamond ring,expansion,50,HIGH,97,0.89,2.41,gemstone
aqua stone ring,expansion,50,HIGH,100,0.45,1.75,gemstone
14k rose gold morganite ring,expansion,50,HIGH,90,0.63,2.27,gemstone
green stone ring for ladies,expansion,50,HIGH,100,0.26,9.79,gemstone
zambian emerald earrings,expansion,50,HIGH,100,0.65,2.75,gemstone
pearl and stone necklace,expansion,50,HIGH,100,0.26,1.37,gemstone
good luck crystal necklace,expansion,50,HIGH,93,0.38,1.09,gemstone
real topaz ring,expansion,50,HIGH,100,0.35,2.59,gemstone
amethyst stone pendant,expansion,50,HIGH,100,0.52,1.49,gemstone
natural crystal necklace,expansion,50,HIGH,100,0.4,1.09,gemstone
emerald crystal bracelet,expansion,50,HIGH,100,0.37,1.9,gemstone
18k gold amethyst ring,expansion,50,HIGH,96,0.55,2.36,gemstone
tourmaline crystal necklace,expansion,50,HIGH,100,0.4,1.06,gemstone
energy crystal necklace,expansion,50,HIGH,94,0.5,1.31,gemstone
one stone necklace,expansion,50,HIGH,100,0.77,2.08,gemstone
real emerald necklace silver,expansion,50,HIGH,100,0.87,2.4,gemstone
natural garnet necklace,expansion,50,HIGH,100,0.5,2.11,gemstone
sapphire ring design,expansion,50,HIGH,100,0.68,4.98,gemstone
most expensive emerald ring,expansion,50,HIGH,98,0.0,0.0,gemstone
black topaz ring,expansion,50,HIGH,100,0.38,1.33,gemstone
natural emerald stone ring,expansion,50,HIGH,100,0.75,2.56,gemstone
pink stone pendant,expansion,50,HIGH,100,0.21,1.13,gemstone
genuine stone bracelet,expansion,50,HIGH,100,0.52,1.31,gemstone
spiritual crystal necklace,expansion,50,HIGH,100,0.41,0.92,gemstone
natural stones for jewelry making wholesale,expansion,50,HIGH,100,0.44,2.26,gemstone
natural stone stud earrings,expansion,50,HIGH,100,0.38,1.29,gemstone
lavender stone ring,expansion,50,HIGH,100,0.0,0.0,gemstone
real alexandrite bracelet,expansion,50,HIGH,100,0.6,2.66,gemstone
dark blue stone earrings,expansion,50,HIGH,100,0.29,1.09,gemstone
water opal ring,expansion,50,HIGH,100,0.28,1.58,gemstone
dark green stone ring,expansion,50,HIGH,89,0.42,1.2,gemstone
light blue stone bracelet,expansion,50,HIGH,100,0.54,3.95,gemstone
natural pink sapphire jewelry,expansion,50,HIGH,100,0.41,1.78,gemstone
untreated emerald ring,expansion,50,HIGH,100,0.63,1.92,gemstone
diana blue sapphire ring,expansion,50,HIGH,100,0.3,4.06,gemstone
rose quartz healing bracelet,expansion,50,HIGH,74,0.0,0.0,gemstone
uncut emerald ring,expansion,50,HIGH,100,0.0,0.0,gemstone
tiger stone ring,expansion,50,HIGH,100,0.0,0.0,gemstone
black aqeeq ring,expansion,50,HIGH,100,0.5,0.99,gemstone
wood and stone jewelry,expansion,50,MEDIUM,62,0.0,0.0,gemstone
natural black opal jewelry,expansion,50,HIGH,100,0.47,1.22,gemstone
blue topaz stone ring,expansion,50,HIGH,100,0.69,2.83,gemstone
healing crystal necklace for anxiety,expansion,50,LOW,5,0.0,0.0,gemstone
edwardian opal ring,expansion,50,HIGH,100,0.0,0.0,gemstone
square stone necklace,expansion,50,HIGH,99,0.0,0.0,gemstone
raw sapphire pendant,expansion,50,HIGH,100,0.39,3.44,gemstone
black stone jewellery set,expansion,50,HIGH,95,0.46,0.98,gemstone
black opal stone ring,expansion,50,HIGH,100,0.32,0.99,gemstone
natural stone cross necklace,expansion,50,HIGH,99,0.16,0.68,gemstone
amethyst healing crystal necklace,expansion,50,HIGH,93,0.0,0.0,gemstone
natural stone pendants for jewelry making,expansion,50,HIGH,100,0.21,1.45,gemstone
tektite bracelet,expansion,50,HIGH,99,0.43,0.84,gemstone
chakra stone jewelry,expansion,50,MEDIUM,45,0.0,0.0,gemstone
handmade jewelry with natural stones,expansion,50,HIGH,81,0.33,0.77,gemstone
druzy stone necklace,expansion,50,HIGH,98,0.0,0.0,gemstone
pearl stone earrings,expansion,50,HIGH,100,0.49,1.09,gemstone
raw turquoise earrings,expansion,50,HIGH,100,0.19,0.71,gemstone
triangle stone ring,expansion,50,HIGH,100,0.0,0.0,gemstone
blue stone white gold ring,expansion,50,HIGH,100,0.58,2.44,gemstone
natural ruby heart pendant,expansion,50,HIGH,100,0.0,0.0,gemstone
natural stone earrings studs,expansion,50,HIGH,100,0.38,1.29,gemstone
raw rose quartz bracelet,expansion,50,HIGH,86,0.0,0.0,gemstone
natural agate jewelry,expansion,50,HIGH,100,0.3,1.03,gemstone
chakra crystal pendant,expansion,50,HIGH,100,0.0,0.0,gemstone
7 chakra crystal pendant,expansion,50,MEDIUM,57,0.0,0.0,gemstone
amethyst crystal healing necklace,expansion,50,HIGH,93,0.0,0.0,gemstone
amethyst druzy ring,expansion,50,HIGH,96,0.0,0.0,gemstone
amethyst healing stone necklace,expansion,50,HIGH,93,0.0,0.0,gemstone
blue fluorite necklace,expansion,50,HIGH,100,0.35,1.0,gemstone
blue fluorite pendant,expansion,50,HIGH,85,0.0,0.0,gemstone
bracelet energy stone,expansion,50,HIGH,100,0.72,1.44,gemstone
crystal chakra pendant,expansion,50,HIGH,100,0.0,0.0,gemstone
druzy bead bracelet,expansion,50,HIGH,86,0.0,0.0,gemstone
druzy dangle earrings,expansion,50,HIGH,100,0.0,0.0,gemstone
druzy stone ring,expansion,50,HIGH,100,0.18,1.97,gemstone
glass stone jewellery,expansion,50,HIGH,100,0.0,0.0,gemstone
glass stones for jewelry,expansion,50,HIGH,100,0.0,0.0,gemstone
golden healer quartz pendant,expansion,50,HIGH,77,0.0,0.0,gemstone
healing rose quartz bracelet,expansion,50,HIGH,74,0.0,0.0,gemstone
lajward stone ring,expansion,50,MEDIUM,55,0.0,0.0,gemstone
lodolite bracelet,expansion,50,HIGH,81,0.0,0.0,gemstone
natural blue zircon jewelry,expansion,50,HIGH,88,0.0,0.0,gemstone
natural moonstone jewelry,expansion,50,HIGH,100,0.42,1.41,gemstone
natural star sapphire jewelry,expansion,50,MEDIUM,57,0.0,0.0,gemstone
natural stone handmade jewelry,expansion,50,HIGH,81,0.33,0.77,gemstone
orgone crystal pendant,expansion,50,HIGH,82,0.0,0.0,gemstone
polished stone pendant,expansion,50,HIGH,100,0.0,0.0,gemstone
raw quartz crystal necklace,expansion,50,HIGH,68,0.0,0.0,gemstone
raw quartz jewelry,expansion,50,HIGH,94,0.0,0.0,gemstone
raw rose quartz earrings,expansion,50,HIGH,94,0.0,0.0,gemstone
raw turquoise bracelet,expansion,50,HIGH,99,0.0,0.0,gemstone
red coral silver ring,expansion,50,HIGH,100,0.0,0.0,gemstone
ring stone name,expansion,50,HIGH,93,0.0,0.0,gemstone
mothers necklace 5 stones,expansion,50,HIGH,100,0.94,5.62,birthstone
7 birthstone necklace,expansion,50,HIGH,100,0.83,3.54,birthstone
birthstone necklace for mom 5 stones,expansion,50,HIGH,100,1.95,8.27,birthstone
grandmother ring 9 stones,expansion,50,HIGH,100,0.27,2.21,birthstone
4 birthstone necklace for mom,expansion,50,HIGH,100,0.9,4.05,birthstone
rose gold birthstone bracelet,expansion,50,HIGH,100,1.71,6.53,birthstone
best birthstone jewelry for mom,expansion,50,HIGH,100,0.78,5.69,birthstone
necklace with birth stones,expansion,50,HIGH,100,0.88,5.47,birthstone
women's necklace with birthstones,expansion,50,HIGH,100,1.27,5.85,birthstone
swarovski birthstone pendant,expansion,50,HIGH,100,0.0,0.0,birthstone
september necklace,expansion,50,HIGH,100,0.79,1.73,birthstone
family birthstone bracelet for mom,expansion,50,HIGH,100,0.0,0.0,birthstone
7 stone birthstone ring,expansion,50,HIGH,100,0.56,2.31,birthstone
7 birthstone bracelet,expansion,50,HIGH,100,1.16,7.02,birthstone
8 birthstone ring,expansion,50,HIGH,100,0.42,2.54,birthstone
kohls birthstone necklace,expansion,50,HIGH,93,0.39,1.28,birthstone
aries birthstone necklace,expansion,50,HIGH,100,0.24,1.22,birthstone
december necklace,expansion,50,HIGH,85,0.48,1.25,birthstone
infinity bracelet with birthstones,expansion,50,HIGH,100,0.68,4.31,birthstone
bracelet with 3 birthstones,expansion,50,HIGH,100,1.2,3.68,birthstone
scorpio birthstone necklace,expansion,50,HIGH,92,0.63,1.54,birthstone
custom jewelry with birthstones,expansion,50,MEDIUM,38,1.18,6.13,birthstone
capricorn birthstone necklace,expansion,50,HIGH,92,0.88,3.64,birthstone
birthstone necklace 7 stones,expansion,50,HIGH,100,0.54,2.95,birthstone
opal birthstone necklace for mom,expansion,50,HIGH,100,1.1,3.02,birthstone
diamond birthstone bracelet,expansion,50,HIGH,100,1.01,4.67,birthstone
birthstone choker necklace,expansion,50,HIGH,100,0.63,2.33,birthstone
april birthstone necklace for mom,expansion,50,HIGH,100,1.03,7.62,birthstone
claddagh necklace with birthstone,expansion,50,HIGH,100,1.1,5.99,birthstone
gold bar necklace with birthstone,expansion,50,HIGH,100,1.05,2.83,birthstone
custom birthstone pendant,expansion,50,HIGH,100,1.36,4.21,birthstone
kay jewelers birthstone necklace for mom,expansion,50,HIGH,92,0.29,1.75,birthstone
april necklace,expansion,50,HIGH,100,0.48,1.25,birthstone
8 stone birthstone ring,expansion,50,HIGH,100,0.42,2.54,birthstone
birthstone bar necklace for mom,expansion,50,HIGH,100,1.18,2.28,birthstone
multiple birthstone earrings,expansion,50,HIGH,100,1.01,4.96,birthstone
ring with birth stones,expansion,50,HIGH,100,0.9,4.6,birthstone
best place to buy birthstone jewelry,expansion,50,LOW,18,1.66,6.84,birthstone
may birthstone necklace gold,expansion,50,HIGH,100,0.97,2.86,birthstone
layered birthstone necklace,expansion,50,HIGH,100,0.52,2.18,birthstone
alex and ani birthstone necklace,expansion,50,HIGH,100,0.4,2.66,birthstone
platinum birthstone ring,expansion,50,HIGH,100,0.76,4.33,birthstone
july necklace,expansion,50,HIGH,100,0.61,1.86,birthstone
bracelet with initial and birthstone,expansion,50,HIGH,100,1.19,3.8,birthstone
shane co birthstone necklace,expansion,50,HIGH,98,0.52,2.65,birthstone
birthstone charm bracelet for grandma,expansion,50,HIGH,100,1.22,3.26,birthstone
14k gold name necklace with birthstone,expansion,50,HIGH,100,0.78,3.0,birthstone
family birthstone jewelry for mom,expansion,50,HIGH,100,1.05,6.96,birthstone
3 birthstone earrings,expansion,50,HIGH,100,0.88,3.57,birthstone
leo birthstone jewelry,expansion,50,HIGH,79,0.64,1.33,birthstone
maya brenner birthstone necklace,expansion,50,HIGH,89,0.0,0.0,birthstone
aquarius birthstone jewelry,expansion,50,HIGH,100,0.5,1.31,birthstone
birthstone jewelry for dad,expansion,50,HIGH,100,0.98,2.81,birthstone
minimalist birthstone necklace,expansion,50,HIGH,100,1.08,2.98,birthstone
march necklace,expansion,50,HIGH,100,0.39,2.48,birthstone
october birthstone stud earrings,expansion,50,HIGH,100,0.42,3.42,birthstone
personalized birthstone necklace with names,expansion,50,HIGH,100,1.08,3.47,birthstone
yellow topaz necklace gold,expansion,50,HIGH,100,1.36,4.6,birthstone
birthstone stud earrings swarovski,expansion,50,HIGH,100,0.0,0.0,birthstone
may birthstone pendant,expansion,50,HIGH,100,1.12,4.34,birthstone
march birthstone pendant,expansion,50,HIGH,100,0.56,3.43,birthstone
mothers ring with 4 birthstones,expansion,50,HIGH,100,0.0,0.0,birthstone
initial pendant with birthstone,expansion,50,HIGH,100,0.98,2.88,birthstone
february birthstone necklace gold,expansion,50,HIGH,100,0.0,0.0,birthstone
november birthstone stud earrings,expansion,50,HIGH,100,0.95,3.78,birthstone
personalized bar necklace with birthstone,expansion,50,HIGH,100,0.82,5.78,birthstone
pink tourmaline birthstone ring,expansion,50,HIGH,100,0.46,2.12,birthstone
butterfly birthstone ring,expansion,50,HIGH,100,0.45,1.97,birthstone
orange topaz engagement ring,expansion,50,HIGH,100,0.89,3.41,birthstone
brighton birthstone necklace,expansion,50,HIGH,99,0.62,1.96,birthstone
september birthstone necklace pandora,expansion,50,MEDIUM,59,0.69,1.02,birthstone
july birthstone necklace gold,expansion,50,HIGH,100,0.85,4.15,birthstone
december birthstone necklace silver,expansion,50,HIGH,100,0.57,1.48,birthstone
emerald birthstone ring gold,expansion,50,HIGH,100,1.22,4.11,birthstone
december birthstone cross necklace,expansion,50,HIGH,90,0.22,0.83,birthstone
double heart birthstone ring,expansion,50,HIGH,100,0.66,2.68,birthstone
add on birthstone necklace,expansion,50,HIGH,100,0.32,2.52,birthstone
claddagh ring december birthstone,expansion,50,HIGH,100,0.69,4.08,birthstone
kendra birthstone necklace,expansion,50,HIGH,100,0.61,1.68,birthstone
january birthstone pendant,expansion,50,HIGH,100,0.36,5.3,birthstone
birthstone necklace with 2 stones,expansion,50,HIGH,100,1.85,6.4,birthstone
ruby birthstone necklace for mom,expansion,50,HIGH,100,0.71,7.26,birthstone
topaz birthstone earrings,expansion,50,HIGH,96,0.0,0.0,birthstone
aquamarine birthstone ring gold,expansion,50,HIGH,100,0.56,2.66,birthstone
flower birthstone necklace,expansion,50,HIGH,100,1.14,4.5,birthstone
yellow gold birthstone necklace,expansion,50,MEDIUM,52,0.0,0.0,birthstone
november earrings,expansion,50,HIGH,100,0.0,0.0,birthstone
mens necklace with birthstone,expansion,50,HIGH,100,0.69,2.89,birthstone
moonstone birthstone ring,expansion,50,HIGH,100,0.5,2.13,birthstone
may birthstone jewelry for mom,expansion,50,HIGH,100,0.65,5.91,birthstone
pandora september birthstone earrings,expansion,50,LOW,28,0.0,0.0,birthstone
september bracelet,expansion,50,HIGH,67,0.54,1.67,birthstone
2 birthstone necklace gold,expansion,50,HIGH,100,0.95,4.08,birthstone
june birthstone ring gold,expansion,50,HIGH,100,0.54,2.87,birthstone
cheap birthstone necklace,expansion,50,HIGH,100,0.4,1.56,birthstone
yellow topaz birthstone ring,expansion,50,HIGH,100,0.49,0.96,birthstone
mixed birthstone ring,expansion,50,HIGH,100,0.7,2.84,birthstone
july birthstone ring gold,expansion,50,HIGH,100,0.58,3.12,birthstone
swarovski birthstone ring,expansion,50,HIGH,100,0.39,2.26,birthstone
breastmilk birthstone ring,expansion,50,HIGH,100,0.5,1.36,birthstone
sterling silver mothers ring 5 stones,expansion,50,HIGH,100,0.0,0.0,birthstone
august birthstone gold ring,expansion,50,HIGH,100,0.66,2.15,birthstone
green birthstone ring,expansion,50,HIGH,100,0.52,2.17,birthstone
august gemstone ring,expansion,50,HIGH,97,0.0,0.0,birthstone
zircon birthstone ring,expansion,50,HIGH,100,0.61,2.22,birthstone
blue topaz pendant white gold,expansion,50,HIGH,100,0.0,0.0,birthstone
blue zircon birthstone ring,expansion,50,HIGH,100,0.43,2.04,birthstone
gemini birthstone jewelry,expansion,50,HIGH,99,0.61,2.11,birthstone
14k gold birthstone earrings,expansion,50,HIGH,100,0.51,2.03,birthstone
ruby birthstone ring gold,expansion,50,HIGH,100,0.54,3.05,birthstone
april and november birthstone ring,expansion,50,HIGH,100,0.38,2.62,birthstone
amazon birthstone earrings,expansion,50,HIGH,100,0.47,0.58,birthstone
aries birthstone jewellery,expansion,50,HIGH,96,0.88,2.0,birthstone
women's december birthstone necklace,expansion,50,HIGH,100,0.0,0.0,birthstone
opal and blue topaz necklace,expansion,50,HIGH,100,0.36,2.27,birthstone
pandora september birthstone necklace,expansion,50,MEDIUM,59,0.69,1.02,birthstone
women's mothers ring 4 stones,expansion,50,HIGH,100,0.34,2.22,birthstone
blue topaz and opal necklace,expansion,50,HIGH,100,0.36,2.27,birthstone
breastmilk jewelry with birthstones,expansion,50,HIGH,100,0.39,1.16,birthstone
purple birthstone ring,expansion,50,HIGH,100,0.8,2.38,birthstone
june birthstone necklace tiffany,expansion,50,HIGH,100,0.52,2.44,birthstone
amazon birthstone jewelry,expansion,50,HIGH,87,0.5,1.28,birthstone
november birthstone earrings pandora,expansion,50,MEDIUM,38,0.0,0.0,birthstone
mothers birthstone bar necklace,expansion,50,HIGH,100,1.18,2.28,birthstone
pandora birthstone ring old style,expansion,50,HIGH,95,0.23,0.69,birthstone
garnet january birthstone necklace,expansion,50,HIGH,100,0.0,0.0,birthstone
hello june jewelry,expansion,50,HIGH,100,0.71,6.01,birthstone
february ring,expansion,50,HIGH,100,0.0,0.0,birthstone
mini birthstone rings for necklace,expansion,50,HIGH,79,0.21,0.94,birthstone
spinel birthstone ring,expansion,50,HIGH,100,0.56,1.84,birthstone
kendra scott necklace november birthstone,expansion,50,HIGH,100,0.7,1.7,birthstone
september birthstone mens ring,expansion,50,HIGH,100,0.22,1.56,birthstone
august stone ring,expansion,50,HIGH,97,0.0,0.0,birthstone
birthstone cross ring,expansion,50,HIGH,100,0.65,3.18,birthstone
pisces birthstone earrings,expansion,50,HIGH,98,0.0,0.0,birthstone
dog birthstone ring,expansion,50,HIGH,100,0.38,3.44,birthstone
guardian angel birthstone necklace,expansion,50,HIGH,100,0.42,1.18,birthstone
bloodstone birthstone jewelry,expansion,50,HIGH,100,0.61,2.6,birthstone
march and april birthstone ring,expansion,50,HIGH,100,0.62,2.22,birthstone
september and october birthstone ring,expansion,50,HIGH,100,0.46,1.29,birthstone
february bracelet,expansion,50,HIGH,100,0.0,0.0,birthstone
july and august birthstone ring,expansion,50,HIGH,100,0.63,1.66,birthstone
birthstone coin necklace,expansion,50,HIGH,100,0.0,0.0,birthstone
james avery birthstone jewelry,expansion,50,HIGH,100,0.05,1.11,birthstone
november birthstone ring sterling silver,expansion,50,HIGH,100,0.3,1.0,birthstone
pandora birthstone necklace september,expansion,50,MEDIUM,59,0.69,1.02,birthstone
yellow topaz pendant necklace,expansion,50,HIGH,100,0.67,3.01,birthstone
pandora december ring,expansion,50,HIGH,92,0.0,0.0,birthstone
women november birthstone necklace,expansion,50,HIGH,100,0.72,2.9,birthstone
january and april birthstone ring,expansion,50,HIGH,100,0.45,1.34,birthstone
sterling silver cross necklace with birthstone,expansion,50,HIGH,100,0.0,0.0,birthstone
kendra scott necklace january birthstone,expansion,50,HIGH,100,0.0,0.0,birthstone
june and april birthstone ring,expansion,50,HIGH,100,0.56,1.72,birthstone
december and april birthstone ring,expansion,50,HIGH,100,0.53,1.71,birthstone
birthstone jewelry tiffany,expansion,50,HIGH,97,1.07,4.86,birthstone
women december birthstone necklace,expansion,50,HIGH,100,0.0,0.0,birthstone
claddagh birthstone pendant,expansion,50,HIGH,100,1.1,5.99,birthstone
pandora birthstone earrings november,expansion,50,MEDIUM,38,0.0,0.0,birthstone
january and july birthstone ring,expansion,50,HIGH,100,0.53,1.36,birthstone
bear birthstone necklace,expansion,50,HIGH,94,0.55,2.34,birthstone
september ring stone,expansion,50,HIGH,100,1.36,3.21,birthstone
birthstone ring swarovski,expansion,50,HIGH,100,0.39,2.26,birthstone
cherished birthstone ring,expansion,50,HIGH,100,0.64,2.62,birthstone
kendra scott october necklace,expansion,50,HIGH,67,0.0,0.0,birthstone
pandora september ring,expansion,50,HIGH,70,0.0,0.0,birthstone
aquarius birthstone jewellery,expansion,50,HIGH,100,0.5,1.31,birthstone
amazon birthstone jewellery,expansion,50,HIGH,87,0.5,1.28,birthstone
avon birthstone ring,expansion,50,HIGH,95,0.0,0.0,birthstone
birthstone bear necklace,expansion,50,HIGH,94,0.55,2.34,birthstone
birthstone pendant january,expansion,50,HIGH,100,0.36,5.3,birthstone
birthstones necklace amazon,expansion,50,HIGH,87,0.5,1.28,birthstone
father birthstone jewelry,expansion,50,HIGH,100,0.98,2.81,birthstone
february and march birthstone ring,expansion,50,HIGH,100,1.03,3.88,birthstone
heart shaped ring with birthstones,expansion,50,HIGH,100,0.45,2.77,birthstone
leo birthstone jewellery,expansion,50,HIGH,79,0.64,1.33,birthstone
mothers day necklace with birthstones and names,expansion,50,HIGH,100,2.45,12.0,birthstone
october and february birthstone ring,expansion,50,HIGH,100,0.42,3.52,birthstone
october and may birthstone ring,expansion,50,HIGH,100,0.45,1.5,birthstone
sagittarius stone ring,expansion,50,HIGH,94,0.0,0.0,birthstone
september gemstone ring,expansion,50,HIGH,100,1.36,3.21,birthstone
september stone ring,expansion,50,HIGH,100,1.36,3.21,birthstone
women mothers ring 4 stones,expansion,50,HIGH,100,0.34,2.22,birthstone
women ring with birthstones,expansion,50,HIGH,100,1.06,6.42,birthstone
yellow citrine necklace,expansion,50,HIGH,100,0.72,2.34,warm_stones
citrine earrings 14k gold,expansion,50,HIGH,100,0.43,3.5,warm_stones
citrine halo ring,expansion,50,HIGH,100,0.41,1.8,warm_stones
citrine birthstone bracelet,expansion,50,HIGH,100,0.86,7.78,warm_stones
kay jewelers citrine ring,expansion,50,HIGH,100,0.27,1.03,warm_stones
real citrine earrings,expansion,50,HIGH,100,0.41,2.0,warm_stones
citrine jewelry near me,expansion,50,HIGH,100,0.88,4.54,warm_stones
citrine stone earrings,expansion,50,HIGH,100,0.33,1.26,warm_stones
women's citrine necklace,expansion,50,HIGH,100,0.41,2.41,warm_stones
citrine bee necklace,expansion,50,HIGH,86,0.44,2.2,warm_stones
black onyx and tiger eye bracelet,expansion,50,HIGH,100,0.34,0.83,warm_stones
authentic tiger eye bracelet,expansion,50,HIGH,100,0.55,2.2,warm_stones
dainty citrine ring,expansion,50,HIGH,100,0.44,1.04,warm_stones
14k gold citrine earrings,expansion,50,HIGH,100,0.37,1.43,warm_stones
citrine bangle bracelet,expansion,50,HIGH,100,0.0,0.0,warm_stones
citrine earrings tiffany,expansion,50,HIGH,100,0.0,0.0,warm_stones
14k gold tiger eye mens ring,expansion,50,HIGH,97,0.55,1.49,warm_stones
citrine choker necklace,expansion,50,HIGH,100,0.39,1.16,warm_stones
tiger bracelet gold,expansion,50,HIGH,100,0.0,0.0,warm_stones
tiger signet ring,expansion,50,HIGH,100,0.0,0.0,warm_stones
van cleef bracelet tiger eye,expansion,50,HIGH,100,1.03,15.46,warm_stones
citrine bee ring,expansion,50,HIGH,96,0.0,0.0,warm_stones
citrine leverback earrings,expansion,50,HIGH,100,0.3,0.73,warm_stones
david yurman citrine cable bracelet,expansion,50,HIGH,97,0.0,0.0,warm_stones
citrine drop necklace,expansion,50,HIGH,100,0.88,1.16,warm_stones
citrine bracelet yellow gold,expansion,50,LOW,31,0.0,0.0,warm_stones
citrine and amethyst earrings,expansion,50,HIGH,100,0.52,2.47,warm_stones
yellow gold citrine bracelet,expansion,50,LOW,31,0.0,0.0,warm_stones
women's carnelian ring,expansion,50,HIGH,100,0.29,2.1,warm_stones
14k gold tiger eye ring,expansion,50,HIGH,100,0.0,0.0,warm_stones
van cleef necklace tiger eye,expansion,50,HIGH,100,0.0,0.0,warm_stones
tiger eye stone pendant,expansion,50,HIGH,100,0.24,1.22,warm_stones
pandora november birthstone earrings,expansion,50,MEDIUM,38,0.0,0.0,warm_stones
vintage citrine and diamond ring,expansion,50,HIGH,98,0.0,0.0,warm_stones
hematite obsidian and tiger eye bracelet,expansion,50,HIGH,100,0.42,1.16,warm_stones
amethyst and citrine earrings,expansion,50,HIGH,100,0.52,2.47,warm_stones
tiger eye chakra bracelet,expansion,50,HIGH,98,0.0,0.0,warm_stones
amethyst citrine earrings,expansion,50,HIGH,100,0.52,2.47,warm_stones
carnelian ring womens,expansion,50,HIGH,100,0.32,0.77,warm_stones
citrine bracelet amazon,expansion,50,HIGH,89,0.5,0.59,warm_stones
citrine halo engagement ring,expansion,50,HIGH,100,0.0,0.0,warm_stones
citrine pendant yellow gold,expansion,50,HIGH,100,0.0,0.0,warm_stones
david yurman cable bracelet citrine,expansion,50,HIGH,97,0.0,0.0,warm_stones
georg jensen citrine ring,expansion,50,HIGH,88,0.0,0.0,warm_stones
gold bracelet tiger,expansion,50,HIGH,100,0.0,0.0,warm_stones
gold carnelian bracelet,expansion,50,HIGH,100,0.0,0.0,warm_stones
hawk eye bracelet,expansion,50,HIGH,100,0.0,0.0,warm_stones
orange carnelian necklace,expansion,50,HIGH,96,0.0,0.0,warm_stones
sterling silver tiger eye earrings,expansion,50,LOW,30,0.0,0.0,warm_stones
sterling silver tiger eye pendant,expansion,50,HIGH,97,0.0,0.0,warm_stones
tiger eye and diamond ring,expansion,50,HIGH,76,0.0,0.0,warm_stones
tiger eye band ring,expansion,50,HIGH,100,0.0,0.0,warm_stones
tiger eye diamond ring,expansion,50,HIGH,76,0.0,0.0,warm_stones
tiger eye heart necklace,expansion,50,HIGH,100,0.77,6.08,warm_stones
tiger eye necklace for women,expansion,50,HIGH,100,0.51,1.9,warm_stones
tiger ring stone,expansion,50,HIGH,100,0.0,0.0,warm_stones
tiger ring women,expansion,50,HIGH,100,0.0,0.0,warm_stones
tiger stone pendant,expansion,50,MEDIUM,61,0.0,0.0,warm_stones
van cleef alhambra tiger eye bracelet,expansion,50,HIGH,98,0.0,0.0,warm_stones
vintage alhambra pendant yellow gold carnelian,expansion,50,HIGH,100,0.0,0.0,warm_stones
women carnelian ring,expansion,50,HIGH,100,0.29,2.1,warm_stones
yellow gold citrine pendant,expansion,50,HIGH,100,0.0,0.0,warm_stones
