keyword,us_volume,competition,comp_index
jewelry james avery,1000000,MEDIUM,57
birthstones,301000,HIGH,100
birthstone stones,301000,HIGH,100
stones birthstones,301000,HIGH,100
december birthstone,246000,HIGH,99
october birthstone,246000,HIGH,96
june birthstone,246000,HIGH,100
dec birthstone,246000,HIGH,99
june stone birthstone,246000,HIGH,100
december stone birthstone,246000,HIGH,99
october stone birthstone,246000,HIGH,96
birthstone for the month of june,246000,HIGH,100
august birthstone,201000,HIGH,100
november birthstone,201000,HIGH,100
march birthstone,201000,HIGH,99
moissanites,201000,HIGH,100
march stone birthstone,201000,HIGH,99
sterling silver jewerly,201000,HIGH,94
august stone birthstone,201000,HIGH,100
moissanite,201000,HIGH,100
stone for november birthstone,201000,HIGH,100
month of august birthstone,201000,HIGH,100
september birthstone,165000,HIGH,98
january birthstone,165000,HIGH,97
amethyst jewellery,165000,MEDIUM,62
garnet jewellery,165000,MEDIUM,54
january stone birthstone,165000,HIGH,97
sep birthstone,165000,HIGH,98
jan birthstone,165000,HIGH,97
birthstones by month january,165000,HIGH,97
birthstone sept,165000,HIGH,98
february birthstone,135000,HIGH,98
may birthstone,135000,HIGH,99
july birthstone,135000,HIGH,99
emerald jewellery,135000,HIGH,68
opal jewellery,135000,HIGH,95
aquamarine jewellery,135000,MEDIUM,49
peridot jewellery,135000,MEDIUM,34
feb birthstone,135000,HIGH,98
garnet birthstone,135000,LOW,20
may stone birthstone,135000,HIGH,99
july stone birthstone,135000,HIGH,99
garnet stone birthstone,135000,LOW,20
turquoise jewelry,135000,HIGH,100
april birthstone,110000,HIGH,82
ruby jewellery,110000,HIGH,77
sapphire jewellery,110000,MEDIUM,59
citrine jewellery,110000,HIGH,79
birthstones for the months,110000,HIGH,100
citrine jewelry,110000,HIGH,79
citrine jewel,110000,HIGH,79
sterling silver rings,74000,HIGH,100
lapis lazuli jewellery,74000,HIGH,100
tiffany's and co bracelet,74000,HIGH,100
claddagh rings,74000,HIGH,100
sterling rings,74000,HIGH,100
opal birthstone,60500,MEDIUM,50
topaz jewellery,60500,MEDIUM,46
emerald cut emerald engagement rings,60500,HIGH,100
opal stone birthstone,60500,MEDIUM,50
swarovski necklaces,60500,HIGH,100
sterling silver,49500,HIGH,90
tanzanite jewellery,49500,HIGH,100
sterling silver promise rings,49500,LOW,12
james avery ring,49500,HIGH,100
pandora sterling silver bracelet,49500,HIGH,81
aquamarine stone birthstone,49500,MEDIUM,63
birthstones aquamarine,49500,MEDIUM,63
handmade jewelry,40500,HIGH,91
emerald ring,40500,HIGH,100
sapphire engagement rings,40500,HIGH,100
silver chain,40500,HIGH,100
sapphire ring,40500,HIGH,100
birthstone rings,40500,HIGH,100
sterling silver necklace,40500,HIGH,100
sterling silver bracelets,40500,HIGH,100
birthstone pearl,40500,LOW,19
rose quartz jewellery,40500,HIGH,82
moissanite jewelers,40500,HIGH,100
emerald engagement rings,33100,HIGH,100
silver necklace,33100,HIGH,100
opal ring,33100,HIGH,100
sterling silver earrings,33100,HIGH,100
silver rings,33100,HIGH,100
birthstone necklaces,33100,HIGH,100
alexandrite stone,33100,HIGH,100
925 sterling silver,33100,HIGH,98
van cleef alhambra bracelet,33100,LOW,22
peridot birthstone,33100,HIGH,91
alexandrite gemstone,33100,HIGH,100
sterling silver charm,33100,MEDIUM,59
blue sapphire jewellery,33100,HIGH,70
peridot stone birthstone,33100,HIGH,91
birthstone turquoise,33100,LOW,19
silver ring,33100,HIGH,100
birthstone necklace,33100,HIGH,100
opalite ring,33100,HIGH,100
earrings silver sterling,33100,HIGH,100
925sterling silver,33100,HIGH,98
silver bracelet,27100,HIGH,100
morganite,27100,HIGH,100
peridot stone,27100,HIGH,100
diamond birthstone,27100,LOW,28
necklace with locket,27100,HIGH,100
handcrafted jewellery,27100,LOW,18
black onyx jewellery,27100,HIGH,98
tigers eye jewellery,27100,HIGH,98
swarovski bracelet,27100,HIGH,100
tiger eye jewelry,27100,HIGH,98
eye of tiger jewelry,27100,HIGH,98
silver earrings,22200,HIGH,100
silver chains for men,22200,HIGH,100
amethyst ring,22200,HIGH,100
alexandrite rings,22200,HIGH,100
blue gemstones,22200,HIGH,86
sterling silver charm bracelet,22200,HIGH,100
topaz birthstone,22200,MEDIUM,67
moonstone jewellery,22200,HIGH,100
male silver chain,22200,HIGH,100
topaz gemstone,22200,HIGH,97
carnelian jewellery,22200,HIGH,99
birthstone ruby,22200,HIGH,79
topaz stone birthstone,22200,MEDIUM,67
topaz stone,22200,HIGH,97
emerald diamond cut,22200,HIGH,100
givenchy flex bracelet,22200,HIGH,100
emerald cuts,22200,HIGH,100
swarovski jewels,22200,HIGH,83
emerald emerald cut,22200,HIGH,100
carnelian jewelry,22200,HIGH,99
moonstone jewelry,22200,HIGH,100
moonstone jewels,22200,HIGH,100
jewelry carnelian,22200,HIGH,99
moonstone gem jewelry,22200,HIGH,100
silver jewelry,18100,HIGH,100
artisan jewelry,18100,HIGH,100
silver hoop earrings,18100,HIGH,100
aquamarine ring,18100,HIGH,100
moss agate ring,18100,HIGH,100
sterling silver chain,18100,HIGH,100
silver necklace for men,18100,HIGH,100
lariat necklace,18100,HIGH,100
bracelet with birthstones,18100,HIGH,100
emerald birthstone,18100,HIGH,80
blue topaz jewellery,18100,HIGH,100
necklace emerald,18100,HIGH,100
silver jewlry,18100,HIGH,100
sapphire gemstones,18100,HIGH,84
larimar jewellery,18100,HIGH,100
birthstone bracelet,18100,HIGH,100
moissanite diamonds,18100,HIGH,100
freshwater pearls,18100,HIGH,100
swarovski crystal jewelry,18100,HIGH,69
kendra scott birthstone bracelet,18100,HIGH,100
sapphire gems,18100,HIGH,84
colors of sapphires,18100,MEDIUM,49
swarovski ear studs,18100,HIGH,100
silver ear hoops,18100,HIGH,100
ear hoops silver,18100,HIGH,100
emerald stone birthstone,18100,HIGH,80
gemstone jewelry,14800,HIGH,100
moss agate engagement ring,14800,HIGH,100
peridot ring,14800,HIGH,100
silver necklace women,14800,HIGH,100
silver cross necklace,14800,HIGH,100
garnet ring,14800,HIGH,100
birthstone jewellery,14800,HIGH,100
tanzanite stone,14800,HIGH,100
sterling silver cross necklace,14800,HIGH,100
mens silver cross necklace,14800,HIGH,100
mens silver wedding bands,14800,HIGH,100
moon stone ring,14800,HIGH,100
mens silver wedding ring,14800,HIGH,100
aquamarine gemstone,14800,HIGH,92
citrine birthstone,14800,HIGH,100
silver cross chain men,14800,HIGH,100
gem jewelers,14800,HIGH,100
mens silver cross pendant,14800,HIGH,100
labradorite jewellery,14800,HIGH,100
necklace silver womens,14800,HIGH,100
sterling silver cross chain,14800,HIGH,100
black tourmaline jewellery,14800,HIGH,100
ring silver men,14800,HIGH,100
gems jewels,14800,HIGH,100
birthstone jewelry,14800,HIGH,100
swarovski rings,14800,HIGH,100
birthstones for every month,14800,HIGH,100
birthstones of each month,14800,HIGH,100
birthstones for all months,14800,HIGH,100
silver male rings,14800,HIGH,100
birthstones per month,14800,HIGH,100
gemstones for each month,14800,HIGH,100
red jasper jewellery,14800,HIGH,88
gents silver ring,14800,HIGH,100
moonstone ring,14800,HIGH,100
turquoise ring,14800,HIGH,100
moonlight stone ring,14800,HIGH,100
moonstone gem ring,14800,HIGH,100
moonstone gemstone ring,14800,HIGH,100
moonstone stone ring,14800,HIGH,100
sapphire necklace,12100,HIGH,100
opal engagement ring,12100,HIGH,100
birthstone necklace for mom,12100,HIGH,100
silver bracelet for women,12100,HIGH,100
amethyst necklace,12100,HIGH,100
tanzanite rings,12100,HIGH,100
birthstone rings for mom,12100,HIGH,100
blue sapphire engagement rings,12100,HIGH,100
stackable birthstone rings,12100,HIGH,100
mothers birthstone ring,12100,HIGH,100
mothers birthstone necklace,12100,HIGH,100
turquoise stone,12100,HIGH,100
sapphire birthstone,12100,HIGH,68
ladies silver bracelets,12100,HIGH,100
stacking birthstone rings,12100,HIGH,100
alexandrite jewellery,12100,HIGH,100
aquamarine birthstone jewelry,12100,MEDIUM,53
male silver bracelet,12100,HIGH,100
black opal jewellery,12100,HIGH,100
citrine gemstones,12100,HIGH,100
sapphire stone birthstone,12100,HIGH,68
pink sapphire,12100,HIGH,100
birthstone stacking rings,12100,HIGH,100
sterling silver claddagh ring,12100,LOW,18
amethyst necklaces,12100,HIGH,100
birthstone pendant for mom,12100,HIGH,100
aquamarine birthstone bracelet,12100,MEDIUM,53
birthstone necklace for mum,12100,HIGH,100
stackable birthstone bands,12100,HIGH,100
colors of garnet,12100,LOW,12
small earring hoop,12100,HIGH,100
turquoise necklace,12100,HIGH,100
blue sapphire ring,9900,HIGH,100
silver rings for women,9900,HIGH,100
morganite engagement ring,9900,HIGH,100
sterling silver hoop earrings,9900,HIGH,100
blue topaz ring,9900,HIGH,100
alexandrite engagement ring,9900,HIGH,100
gemstone rings,9900,HIGH,100
sapphire and diamond ring,9900,HIGH,100
black onyx ring,9900,HIGH,100
emerald wedding rings,9900,HIGH,100
emerald wedding band,9900,HIGH,100
tiffany bracelet silver,9900,HIGH,100
sapphire diamond ring,9900,HIGH,100
mens sterling silver chain,9900,HIGH,100
emerald ring with diamonds,9900,HIGH,100
mens sterling silver bracelets,9900,HIGH,100
mens sterling silver rings,9900,HIGH,100
diamond and emerald ring,9900,HIGH,100
cuban link silver chain,9900,HIGH,100
gem rings,9900,HIGH,100
opal gemstone,9900,HIGH,90
ladies silver rings,9900,HIGH,100
morganite wedding ring,9900,HIGH,100
peridot gemstone,9900,HIGH,75
morganite gemstone,9900,HIGH,100
precious stone rings,9900,HIGH,100
box chains,9900,HIGH,100
tiffany and co silver bracelet,9900,HIGH,100
gemstone store near me,9900,MEDIUM,41
peridot gem,9900,HIGH,75
heart bracelet tiffany,9900,HIGH,100
women charm bracelet,9900,HIGH,100
march gemstone birthstone,9900,HIGH,100
moss agate jewellery,9900,HIGH,71
opalite earrings,9900,HIGH,100
birthstone for oct,9900,HIGH,100
morganite gem,9900,HIGH,100
silver tarnishing,9900,LOW,4
gemstone ring,9900,HIGH,100
swarovski tennis bracelet,9900,HIGH,100
morganite stone,9900,HIGH,100
swarovski swan necklace,9900,HIGH,100
kendra scott birthstone necklace,9900,HIGH,100
opal birthstone necklace,9900,MEDIUM,67
sapphire stones,9900,HIGH,100
swarovski crystal tennis bracelet,9900,HIGH,100
opal birthstone jewelry,9900,MEDIUM,67
opal birthstone bracelet,9900,MEDIUM,67
gem stores near me,9900,MEDIUM,41
birthstone kendra scott necklace,9900,HIGH,100
gemstone for october,9900,HIGH,100
cushion cut wedding ring,9900,HIGH,100
diamond with sapphire ring,9900,HIGH,100
engagement morganite ring,9900,HIGH,100
earrings for the bride,9900,HIGH,100
birthstones by month october,9900,HIGH,100
silver hoop earrings sterling silver,9900,HIGH,100
earrings hoops sterling silver,9900,HIGH,100
stone emerald,9900,HIGH,100
turquoise earrings,9900,HIGH,100
squash blossom necklace,9900,HIGH,100
earrings with turquoise,9900,HIGH,100
rainbow moonstone gemstone,9900,HIGH,100
aquamarine necklace,8100,HIGH,100
gemstone engagement rings,8100,HIGH,100
morganite ring,8100,HIGH,100
pink sapphire ring,8100,HIGH,100
garnet necklace,8100,HIGH,100
citrine ring,8100,HIGH,100
sterling silver name necklace,8100,HIGH,75
silver engagement rings,8100,HIGH,100
pink sapphire engagement rings,8100,HIGH,100
emerald ring gold,8100,HIGH,100
tiger eye bracelet,8100,HIGH,100
sterling silver necklace chain,8100,HIGH,100
pandora heart bracelet,8100,HIGH,100
alexandrite birthstone,8100,HIGH,100
emerald and gold ring,8100,HIGH,100
stone engagement rings,8100,HIGH,100
tourmaline jewellery,8100,HIGH,100
precious stone engagement rings,8100,HIGH,100
ring 925,8100,HIGH,86
smoky quartz jewellery,8100,HIGH,80
alexandrite stone birthstone,8100,HIGH,100
bloodstone jewellery,8100,HIGH,97
gemstone ruby,8100,HIGH,99
gemstone diamond,8100,MEDIUM,38
gems and diamonds,8100,MEDIUM,38
cultivated pearls,8100,HIGH,95
cocktail ring,8100,HIGH,100
statement earrings,8100,HIGH,100
crystal necklace,8100,HIGH,100
london blue topaz,8100,HIGH,100
green sapphire,8100,HIGH,100
925 ring,8100,HIGH,86
peridot birthstone jewelry,8100,HIGH,94
amethyst crystal jewelry,8100,MEDIUM,53
peridot birthstone bracelet,8100,HIGH,94
anxietyring,8100,HIGH,100
citrine jewelry ring,8100,HIGH,100
gemstones by birth month,8100,HIGH,100
color of amethyst,8100,LOW,10
eye tiger bracelet,8100,HIGH,100
rings with citrine,8100,HIGH,100
925 inside a ring,8100,HIGH,86
native navajo jewelry,8100,HIGH,100
s925 on a ring,8100,HIGH,86
s925 on ring,8100,HIGH,86
aquamarine engagement ring,6600,HIGH,100
white sapphire engagement rings,6600,HIGH,100
silver hoops,6600,HIGH,100
emerald rings for women,6600,HIGH,100
mens silver rings,6600,HIGH,100
opal rings for women,6600,HIGH,100
silver heart necklace,6600,HIGH,100
green sapphire engagement ring,6600,HIGH,100
silver wedding rings,6600,HIGH,100
black opal ring,6600,HIGH,100
sterling silver rings for women,6600,HIGH,100
sterling silver anklet,6600,HIGH,100
star sapphire ring,6600,HIGH,100
white sapphire rings,6600,HIGH,100
silver cross necklace womens,6600,HIGH,100
sterling silver wedding bands,6600,HIGH,100
sterling silver ankle bracelet,6600,HIGH,100
rope chain silver,6600,HIGH,100
pandora silver bracelet,6600,HIGH,100
tiffany silver necklace,6600,HIGH,100
silver promise rings,6600,HIGH,100
925 sterling silver rings,6600,HIGH,97
mens sterling silver cross necklace,6600,HIGH,100
925 sterling silver chain,6600,MEDIUM,67
sterling silver wedding rings,6600,HIGH,100
david yurman cross pendant,6600,HIGH,100
handmade bracelets,6600,HIGH,100
sterling silver birthstone rings,6600,HIGH,99
silver heart pendant necklace,6600,HIGH,100
moon stone necklace,6600,HIGH,100
garnet birthstone jewelry,6600,LOW,10
mens bracelet chain,6600,HIGH,100
semi precious gemstones,6600,MEDIUM,47
tiffany and co silver necklace,6600,HIGH,100
snake chains,6600,HIGH,100
sterling silver turquoise jewelry,6600,HIGH,74
sterling silver rings for ladies,6600,HIGH,100
classic jewellery,6600,HIGH,97
ladies opal rings,6600,HIGH,100
fire opal jewellery,6600,HIGH,97
most valuable gemstones,6600,MEDIUM,35
spinel jewellery,6600,HIGH,100
jade stone pendant,6600,HIGH,100
hand made bracelets,6600,HIGH,100
handmade hand bracelet,6600,HIGH,100
crystal jewelry,6600,HIGH,100
yellow sapphire,6600,HIGH,100
green tourmaline,6600,HIGH,100
clear quartz necklace,6600,HIGH,100
kendra scott birthstone,6600,HIGH,100
wedding band silver,6600,HIGH,100
clear quartz jewelry,6600,HIGH,100
ladies emerald rings,6600,HIGH,100
birthstone kendra scott,6600,HIGH,100
cross necklace silver womens,6600,HIGH,100
black obsidian jewellery,6600,HIGH,96
dark opal ring,6600,HIGH,100
silver marriage ring,6600,HIGH,100
tiger eye stone jewelry,6600,HIGH,99
moonstone necklace,6600,HIGH,100
native american turquoise jewelry,6600,HIGH,100
indian turquoise jewelry,6600,HIGH,100
sterling silver and turquoise jewelry,6600,HIGH,74
native american turquoise necklace,6600,HIGH,100
american indian turquoise jewelry,6600,HIGH,100
necklace moonstone,6600,HIGH,100
ring sterling silver 925,6600,HIGH,97
sterling 925 ring,6600,HIGH,97
moonstone gem necklace,6600,HIGH,100
native indian turquoise jewelry,6600,HIGH,100
925 silver sterling ring,6600,HIGH,97
moonstone gemstone necklace,6600,HIGH,100
ring 925 sterling silver,6600,HIGH,97
sterling 925 silver ring,6600,HIGH,97
emerald bracelet,5400,HIGH,100
silver earrings for women,5400,HIGH,100
mens silver bracelets,5400,HIGH,100
silver stud earrings,5400,HIGH,100
silver chain necklace,5400,HIGH,100
initial necklace silver,5400,HIGH,100
amethyst bracelet,5400,HIGH,100
amethyst engagement ring,5400,HIGH,100
topaz ring,5400,HIGH,100
custom birthstone necklace,5400,HIGH,100
sterling silver stud earrings,5400,HIGH,100
sapphire wedding rings,5400,HIGH,100
gemstone necklace,5400,HIGH,100
silver pendant,5400,HIGH,100
mens sterling silver necklace,5400,HIGH,100
silver wedding bands,5400,HIGH,100
silver anklets,5400,HIGH,100
personalized birthstone necklace,5400,HIGH,100
silver cross pendant,5400,HIGH,100
three stone ring,5400,HIGH,100
silver ankle bracelet,5400,HIGH,100
sterling silver heart necklace,5400,HIGH,80
october birthstone jewelry,5400,HIGH,100
sterling silver pendants,5400,HIGH,100
rhodolite garnet,5400,HIGH,100
silver earrings for men,5400,HIGH,100
mens silver jewlery,5400,HIGH,100
august gemstone,5400,HIGH,96
october gemstone,5400,MEDIUM,65
pandora rings silver,5400,HIGH,100
pandora necklace chain,5400,HIGH,100
tanzanite birthstone,5400,HIGH,98
925 sterling silver necklace,5400,HIGH,100
silver charm,5400,HIGH,100
gem necklaces,5400,HIGH,100
gold and silver store near me,5400,HIGH,70
emerald green jewellery,5400,HIGH,100
ladies silver earrings,5400,HIGH,100
silver neck chain,5400,HIGH,100
mens silver stud earrings,5400,HIGH,100
silver jewlery for men,5400,HIGH,100
silver ear studs,5400,HIGH,100
ankle chain silver,5400,HIGH,100
precious stone necklace,5400,HIGH,100
pandora sterling silver rings,5400,MEDIUM,34
colored gemstones,5400,HIGH,95
etsy handmade jewelry,5400,HIGH,100
turquoise gemstones,5400,HIGH,81
handmade etsy jewelry,5400,HIGH,100
jamesavery earrings,5400,HIGH,100
statement ring,5400,HIGH,100
mothers ring 3 stones,5400,HIGH,100
crystal bracelets,5400,HIGH,100
green amethyst,5400,HIGH,100
purple sapphire,5400,HIGH,100
swarovski heart necklace,5400,HIGH,100
three stone mothers ring,5400,HIGH,100
argentium silver,5400,HIGH,88
gemstone months,5400,HIGH,100
citrine crystal jewelry,5400,MEDIUM,61
ring with 3 stones,5400,HIGH,100
april gemstone birthstone,5400,HIGH,96
sterling silver ear studs,5400,HIGH,100
earrings silver men,5400,HIGH,100
male silver earrings,5400,HIGH,100
earrings men silver,5400,HIGH,100
mens silver ear studs,5400,HIGH,100
silver male earrings,5400,HIGH,100
turquoise bracelet,5400,HIGH,100
bracelet with turquoise,5400,HIGH,100
boho jewelry,4400,HIGH,100
peridot necklace,4400,HIGH,100
sapphire bracelet,4400,HIGH,100
sapphire rings for women,4400,HIGH,100
birthstone jewelry for mom,4400,HIGH,100
opal bracelet,4400,HIGH,100
silver chains for women,4400,HIGH,100
mens silver chain necklace,4400,HIGH,100
sterling silver bracelets for women,4400,HIGH,100
silver pendant necklace,4400,HIGH,100
silver cuff bracelet,4400,HIGH,100
pink tourmaline ring,4400,HIGH,100
montana sapphire ring,4400,HIGH,100
mens emerald ring,4400,HIGH,100
silver charm bracelet,4400,HIGH,100
december birthstone jewelry,4400,HIGH,100
tourmaline ring,4400,HIGH,100
vintage emerald rings,4400,HIGH,100
tiffany key necklace,4400,HIGH,100
lapis lazuli necklace,4400,HIGH,100
august birthstone jewelry,4400,HIGH,100
silver cartier bracelet,4400,HIGH,100
antique emerald ring,4400,HIGH,100
june birthstone jewelry,4400,HIGH,100
925 sterling silver mens chain,4400,HIGH,100
march gemstone,4400,HIGH,95
silver wedding rings for women,4400,HIGH,100
925 italy silver chain,4400,HIGH,100
december gemstone,4400,HIGH,97
pandora silver necklace,4400,MEDIUM,53
moonstone engagement rings,4400,HIGH,100
mens silver hoop earrings,4400,HIGH,100
sterling silver pendant necklace,4400,HIGH,100
silver wedding bands for women,4400,HIGH,100
may gemstone,4400,HIGH,95
june gemstone,4400,HIGH,98
lab created gemstones,4400,HIGH,100
925 sterling silver earrings,4400,HIGH,100
silver charm necklace,4400,HIGH,100
mothers birthstone jewelry,4400,HIGH,100
silver cuff bangle,4400,HIGH,100
sterling silver cross necklace womens,4400,HIGH,100
blue lace agate necklace,4400,HIGH,100
birthstone gems,4400,HIGH,99
all birthstones,4400,HIGH,97
birthstone jewellery for mothers,4400,HIGH,100
ladies sterling silver bracelets,4400,HIGH,100
ladies silver chain,4400,HIGH,100
gemstone birthstone,4400,HIGH,99
silver clay jewellery,4400,HIGH,93
gemstone store,4400,LOW,21
tiffany and co key ring,4400,HIGH,100
black gemstone name,4400,LOW,13
birthstone bracelet for mom,4400,HIGH,100
rose quartz necklace,4400,HIGH,100
london blue topaz ring,4400,HIGH,100
gold statement earrings,4400,HIGH,100
moissanite stone,4400,HIGH,100
emerald diamond,4400,HIGH,100
mothers bracelet with birthstones,4400,HIGH,100
june rings,4400,HIGH,100
moissanite gemstone,4400,HIGH,100
rhinestones near me,4400,HIGH,96
silver wedding band womens,4400,HIGH,100
emerald ear studs,4400,HIGH,100
imperial topaz jewellery,4400,HIGH,77
opalite bracelet,4400,HIGH,100
male emerald ring,4400,HIGH,100
blue lace agate jewellery,4400,HIGH,100
necklace rose quartz,4400,HIGH,100
birthstone nov,4400,HIGH,100
earrings sterling silver 925,4400,HIGH,100
silver wedding rings for ladies,4400,HIGH,100
hoop earrings for men silver,4400,HIGH,100
hoop silver earrings for men,4400,HIGH,100
december precious stone,4400,HIGH,97
moonstone engagement ring,4400,HIGH,100
turquoise wedding ring,4400,HIGH,100
turquoise jewelry near me,4400,HIGH,100
turquoise wedding band,4400,HIGH,100
925 sterling earrings,4400,HIGH,100
sterling 925 earrings,4400,HIGH,100
turquoise ring wedding,4400,HIGH,100
jewelry tiger eye,4400,MEDIUM,65
moonstone as engagement ring,4400,HIGH,100
turquoise jewelry wedding rings,4400,HIGH,100
blue topaz necklace,3600,HIGH,100
citrine necklace,3600,HIGH,100
alexandrite necklace,3600,HIGH,100
yellow sapphire ring,3600,HIGH,100
emerald necklace gold,3600,HIGH,100
montana sapphire engagement ring,3600,HIGH,100
small silver hoop earrings,3600,HIGH,100
tanzanite engagement rings,3600,HIGH,100
opal necklace gold,3600,HIGH,100
sapphire wedding band,3600,HIGH,100
kendra scott apple watch band,3600,HIGH,100
custom birthstone rings,3600,HIGH,100
sterling silver initial necklace,3600,HIGH,100
december birthstone ring,3600,HIGH,100
silver bangle bracelets,3600,HIGH,100
sterling silver engagement rings,3600,HIGH,100
silver dangle earrings,3600,HIGH,100
black tourmaline bracelet,3600,HIGH,100
gemstone bracelets,3600,HIGH,100
june birthstone ring,3600,HIGH,100
real pearls,3600,HIGH,100
sterling silver necklace for women,3600,HIGH,100
gold sapphire ring,3600,HIGH,100
gold opal ring,3600,HIGH,100
4 leaf clover bracelet,3600,HIGH,100
stone rings,3600,HIGH,100
sterling silver cross pendant,3600,HIGH,100
sterling silver locket necklace,3600,HIGH,100
sterling silver cuff bracelet,3600,HIGH,100
gold and emerald necklace,3600,HIGH,100
tiffany rings silver,3600,HIGH,100
silver chunky necklace,3600,HIGH,100
june birthstone alexandrite,3600,HIGH,100
mens opal rings,3600,HIGH,100
november gemstone,3600,HIGH,93
april gemstone,3600,MEDIUM,54
earring hoops,3600,HIGH,100
tiffany heart necklace silver,3600,HIGH,100
sterling jewelry,3600,HIGH,92
gold and sapphire ring,3600,HIGH,100
citrine birthstone ring,3600,HIGH,100
sapphire diamond wedding band,3600,HIGH,100
diamond stack rings,3600,HIGH,100
tanzanite gemstone,3600,HIGH,100
sterling silver cremation jewelry,3600,HIGH,100
stones jewelry,3600,HIGH,100
sterling silver turquoise ring,3600,HIGH,100
opal and gold ring,3600,HIGH,100
morganite jewellery,3600,HIGH,100
pandora birthstone charm,3600,HIGH,100
moonstone ring sterling silver,3600,HIGH,100
gemologists near me,3600,HIGH,85
moonstone bracelets,3600,HIGH,100
sterling silver crucifix necklace,3600,HIGH,100
tiffany's mens bracelet,3600,HIGH,100
pink sapphire jewellery,3600,HIGH,100
tiffany and co rings silver,3600,HIGH,100
necklace rope,3600,HIGH,100
pandora silver charm bracelet,3600,HIGH,100
tiffany and co silver heart necklace,3600,HIGH,100
gemstones beads,3600,HIGH,100
20 inch chain on man,3600,HIGH,82
tourmaline gemstones,3600,HIGH,98
sterling silver handmade jewelry,3600,MEDIUM,33
gold gemstones,3600,MEDIUM,43
gems bracelet,3600,HIGH,100
handmade sterling jewelry,3600,MEDIUM,33
mothers ring 2 stones,3600,HIGH,100
crystal rings,3600,HIGH,100
rose quartz ring,3600,HIGH,100
birthstone charm bracelet,3600,HIGH,100
black rhinestones,3600,HIGH,100
spessartite garnet,3600,HIGH,97
diamond birthstone ring,3600,HIGH,94
amethyst birthstone jewelry,3600,HIGH,70
citrine birthstone jewelry,3600,HIGH,100
sterling silver and turquoise rings,3600,HIGH,100
diamond birthstone jewelry,3600,HIGH,94
price of emeralds,3600,HIGH,88
pearl birthstone jewelry,3600,HIGH,98
paradise pearls,3600,HIGH,100
birthstone and diamond rings,3600,HIGH,94
dec birthstone ring,3600,HIGH,100
pandora ear studs,3600,HIGH,100
cost of emerald,3600,HIGH,88
little hoop earrings silver,3600,HIGH,100
pandora birthstone charm bracelet,3600,HIGH,100
green aventurine jewellery,3600,HIGH,98
amethyst birthstone jewellery,3600,HIGH,70
tiffany silver band,3600,HIGH,100
earrings dangle silver,3600,HIGH,100
ring rose quartz,3600,HIGH,100
big earring hoops,3600,HIGH,100
pandora earring hoops,3600,HIGH,100
pandora charm bracelet birthstone,3600,HIGH,100
tiffany & co silver ring,3600,HIGH,100
blue zircon jewellery,3600,HIGH,100
birthstone june ring,3600,HIGH,100
april's gemstone,3600,MEDIUM,54
moonstone bracelet,3600,HIGH,100
turquoise engagement ring,3600,HIGH,100
turquoise and gold jewelry,3600,HIGH,100
turquoise gold jewelry,3600,HIGH,100
bracelet moonstone,3600,HIGH,100
necklace citrine,3600,HIGH,100
engagement turquoise ring,3600,HIGH,100
turquoise in gold jewelry,3600,HIGH,100
moonstone and sterling silver ring,3600,HIGH,100
birthstone citrine ring,3600,HIGH,100
bracelet with moonstone,3600,HIGH,100
moonstone gemstone bracelet,3600,HIGH,100
moonstone sterling ring,3600,HIGH,100
necklace with citrine,3600,HIGH,100
emerald pendant,2900,HIGH,100
blue sapphire necklace,2900,HIGH,100
silver huggie earrings,2900,HIGH,100
silver locket necklace,2900,HIGH,100
aquamarine bracelet,2900,HIGH,100
silver hoop earrings for women,2900,HIGH,100
silver drop earrings,2900,HIGH,100
emerald tennis bracelet,2900,HIGH,100
silver choker necklace,2900,HIGH,100
sapphire tennis bracelet,2900,HIGH,100
garnet bracelet,2900,HIGH,100
real silver chain,2900,HIGH,100
citrine bracelet,2900,HIGH,100
sterling silver hoops,2900,HIGH,100
silver chain bracelet,2900,HIGH,100
diamond and sapphire engagement ring,2900,HIGH,100
fire opal ring,2900,HIGH,100
emerald green ring,2900,HIGH,100
black tourmaline necklace,2900,HIGH,100
family birthstone ring,2900,HIGH,100
november birthstone ring,2900,HIGH,100
carnelian necklace,2900,HIGH,100
silver diamond ring,2900,HIGH,100
silver pearl necklace,2900,HIGH,100
november birthstone jewelry,2900,HIGH,100
silver nose ring,2900,HIGH,100
sterling silver tennis bracelet,2900,HIGH,100
amethyst wedding ring,2900,HIGH,100
sterling silver bangle bracelets,2900,HIGH,100
pandora birthstone ring,2900,HIGH,100
lapis lazuli ring,2900,HIGH,100
opal diamond ring,2900,HIGH,100
moss agate wedding ring,2900,HIGH,100
gold and silver bracelet,2900,HIGH,100
silver stacking rings,2900,HIGH,100
cuban silver chain,2900,HIGH,100
two stone ring,2900,HIGH,100
mens black onyx ring,2900,HIGH,100
gold and silver necklace,2900,HIGH,100
mens silver pendant,2900,HIGH,100
handmade engagement rings,2900,HIGH,100
september birthstone jewelry,2900,HIGH,100
silver forest earrings,2900,HIGH,100
tigers eye necklace,2900,HIGH,100
gold and silver ring,2900,HIGH,100
mens gemstone rings,2900,HIGH,100
garnet birthstone ring,2900,HIGH,100
silver and pearl necklace,2900,HIGH,100
amethyst wedding band,2900,HIGH,100
sterling silver signet ring,2900,MEDIUM,44
tiger eye ring,2900,HIGH,100
silver nose stud,2900,HIGH,100
925 sterling silver bracelets,2900,HIGH,100
january gemstone,2900,HIGH,83
silver store,2900,MEDIUM,66
lab grown alexandrite,2900,HIGH,100
kendra scott silver necklace,2900,HIGH,100
sterling silver st christopher necklace,2900,HIGH,72
womens silver hoop earrings,2900,HIGH,100
figaro silver chain,2900,HIGH,100
sterling silver mothers ring,2900,HIGH,96
sterling silver heart ring,2900,MEDIUM,49
semi precious stone jewellery,2900,HIGH,100
silver stackable rings,2900,HIGH,100
diamond and opal ring,2900,HIGH,100
silver and diamond ring,2900,HIGH,100
gnoce charm bracelet,2900,HIGH,100
handmade wedding rings,2900,HIGH,100
turquoise ring mens,2900,HIGH,100
stone rings for men,2900,HIGH,100
royston turquoise,2900,HIGH,100
pink quartz bracelet,2900,HIGH,100
sterling silver charm necklace,2900,HIGH,100
silver nose hoop,2900,HIGH,100
silver gold necklace,2900,HIGH,100
silver nose ring hoop,2900,HIGH,100
silver gold ring,2900,HIGH,100
coach bracelet silver,2900,HIGH,100
gold silver bracelet,2900,HIGH,100
handmade beaded bracelets,2900,HIGH,100
handmade wedding bands,2900,HIGH,100
turquoise cross pendant,2900,HIGH,100
yellow topaz jewellery,2900,HIGH,96
handmade fine jewelry,2900,MEDIUM,54
white opal jewellery,2900,HIGH,99
gemstones shop,2900,LOW,32
blue stone gemstone,2900,HIGH,100
handcrafted wedding rings,2900,HIGH,100
women garnet ring,2900,HIGH,100
blue colored gemstones,2900,HIGH,100
handcrafted fine jewelry,2900,MEDIUM,54
semi precious gemstone jewelry,2900,HIGH,100
handcrafted wedding bands,2900,HIGH,100
handmade bracelets beaded,2900,HIGH,100
beaded bracelet handmade,2900,HIGH,100
beaded handmade bracelets,2900,HIGH,100
bracelets beaded handmade,2900,HIGH,100
handcrafted beaded bracelets,2900,HIGH,100
birthstone earrings,2900,HIGH,100
mothers ring 4 stones,2900,HIGH,100
blue topaz earrings,2900,HIGH,100
rose quartz bracelet,2900,HIGH,100
initial and birthstone necklace,2900,HIGH,100
silver claddagh ring,2900,HIGH,100
initial necklace with birthstone,2900,HIGH,100
two birthstone ring,2900,HIGH,100
swarovski gold necklace,2900,HIGH,100
swarovski pendant necklace,2900,HIGH,100
two stone birthstone ring,2900,HIGH,100
ruby birthstone jewelry,2900,HIGH,100
ruby birthstone bracelet,2900,HIGH,100
women's garnet ring,2900,HIGH,100
lavalier necklace,2900,HIGH,100
kendra scott birthstone ring,2900,HIGH,100
sapphire and diamond wedding ring,2900,HIGH,100
opalite necklace,2900,HIGH,100
opal earring studs,2900,HIGH,100
women's hoop earrings silver,2900,HIGH,100
silver diamond band,2900,HIGH,100
initial necklace and birthstone,2900,HIGH,100
hoop silver earrings for women,2900,HIGH,100
mens gem rings,2900,HIGH,100
hoops sterling silver,2900,HIGH,100
ladies hoop earrings silver,2900,HIGH,100
earrings drop silver,2900,HIGH,100
bracelet rose quartz,2900,HIGH,100
hoop earrings for women silver,2900,HIGH,100
nov birthstone ring,2900,HIGH,100
touchstone crystal jewelry,2900,HIGH,89
pink rose quartz bracelet,2900,HIGH,100
birthstone november ring,2900,HIGH,100
lapis stone ring,2900,HIGH,100
rhinestones for bedazzling,2900,HIGH,95
rings november birthstone,2900,HIGH,100
pandora heart earing,2900,HIGH,100
pandora hearts earrings,2900,HIGH,100
turquoise rings for women,2900,HIGH,100
real turquoise jewelry,2900,HIGH,100
turquoise beaded necklace,2900,HIGH,100
women's turquoise jewelry,2900,HIGH,100
turquoise cross necklace,2900,HIGH,100
navajo turquoise jewelry,2900,HIGH,100
gold turquoise ring,2900,HIGH,100
gold and turquoise ring,2900,HIGH,100
men's turquoise rings,2900,HIGH,100
turquoise women's jewelry,2900,HIGH,100
turquoise jewelry women,2900,HIGH,100
male turquoise ring,2900,HIGH,100
turquoise cross jewelry,2900,HIGH,100
turquoise ring with gold,2900,HIGH,100
beaded necklace turquoise,2900,HIGH,100
cross necklace turquoise,2900,HIGH,100
cross turquoise necklaces,2900,HIGH,100
eye of tiger necklace,2900,HIGH,100
eye tiger ring,2900,HIGH,100
gold ring turquoise,2900,HIGH,100
greenish turquoise,2900,HIGH,100
necklace carnelian,2900,HIGH,100
necklace tiger eye,2900,HIGH,100
ring tiger eye,2900,HIGH,100
tanzanite necklace,2400,HIGH,100
birthstone necklace for grandma,2400,HIGH,100
december birthstone necklace,2400,HIGH,100
garnet engagement ring,2400,HIGH,100
peridot engagement ring,2400,HIGH,100
green sapphire ring,2400,HIGH,100
amethyst ring for women,2400,HIGH,100
sapphire necklace gold,2400,HIGH,100
david yurman cross,2400,HIGH,100
silver cross chain,2400,HIGH,100
sterling silver locket,2400,HIGH,100
silver anklets for women,2400,HIGH,100
august birthstone ring,2400,HIGH,100
vintage sapphire rings,2400,HIGH,100
two birthstone necklace,2400,HIGH,100
dainty silver necklace,2400,HIGH,100
chunky silver rings,2400,HIGH,100
gemstone earrings,2400,HIGH,100
march birthstone jewelry,2400,HIGH,100
october birthstone ring,2400,HIGH,100
mens silver chain bracelet,2400,HIGH,100
lapis lazuli bracelet,2400,HIGH,100
925 silver chain,2400,HIGH,100
loose gemstones,2400,HIGH,100
bohemian jewelry,2400,HIGH,100
rose gold morganite ring,2400,HIGH,100
grandmother necklace with birthstones,2400,HIGH,100
peridot ring gold,2400,HIGH,100
aquamarine ring gold,2400,HIGH,100
van cleef alhambra earrings,2400,HIGH,100
layered silver necklace,2400,HIGH,100
stone necklaces,2400,HIGH,100
amethyst ring gold,2400,HIGH,100
january birthstone jewelry,2400,HIGH,100
carnelian ring,2400,HIGH,100
garnet birthstone necklace,2400,HIGH,100
mens emerald wedding band,2400,HIGH,100
cartier silver ring,2400,HIGH,100
lapis bracelet,2400,HIGH,100
silver stacking bracelets,2400,HIGH,100
spinel ring,2400,HIGH,100
sterling silver mens wedding band,2400,HIGH,100
sterling silver stackable rings,2400,HIGH,100
silver and turquoise jewelry,2400,HIGH,100
september gemstone,2400,HIGH,91
silver ear cuffs,2400,HIGH,100
july gemstone,2400,HIGH,81
sterling silver infinity necklace,2400,HIGH,73
gold and sapphire necklace,2400,HIGH,100
sapphire pendant gold,2400,HIGH,100
black onyx ring womens,2400,HIGH,100
sterling silver stacking rings,2400,HIGH,100
vintage garnet rings,2400,HIGH,100
mens sterling silver earrings,2400,HIGH,100
chunky rings silver,2400,HIGH,100
cuban link sterling silver chain,2400,HIGH,100
sterling silver opal ring,2400,HIGH,97
sterling silver cross ring,2400,HIGH,100
silver turquoise ring,2400,HIGH,100
silver cuff earrings,2400,HIGH,100
silver bands,2400,HIGH,90
pink tourmaline birthstone,2400,HIGH,86
morganite and rose gold ring,2400,HIGH,100
necklace for women pandora,2400,HIGH,100
anklets for women silver,2400,HIGH,100
silver and turquoise ring,2400,HIGH,100
swank cufflinks,2400,HIGH,100
stackable bracelets silver,2400,HIGH,100
male rings silver,2400,HIGH,100
aquamarine and gold ring,2400,HIGH,100
silver turquoise jewelry,2400,HIGH,100
zultanite gemstone,2400,HIGH,100
pandora necklace birthstone,2400,HIGH,100
gold and amethyst ring,2400,HIGH,100
ladies sterling silver necklaces,2400,HIGH,100
precious stone earrings,2400,HIGH,100
yellow sapphire jewellery,2400,HIGH,79
topaz november birthstone,2400,HIGH,100
women birthstone rings,2400,HIGH,100
bloodstone rings,2400,HIGH,100
black onyx ring ladies,2400,HIGH,100
ametrine jewellery,2400,HIGH,100
teal colored gemstones,2400,HIGH,88
red coral jewellery,2400,HIGH,100
black diamond gemstone,2400,HIGH,100
colored stone,2400,HIGH,96
tarnished sterling silver,2400,LOW,11
silver 92.5,2400,HIGH,83
silver anklets for ladies,2400,HIGH,100
birthstone rings for women,2400,HIGH,100
crystal earrings,2400,HIGH,100
lab grown emerald,2400,HIGH,100
silver ear cuff,2400,HIGH,100
2 birthstone necklace,2400,HIGH,100
teal sapphire,2400,HIGH,100
swarovski crystal necklace,2400,HIGH,100
3 birthstone ring,2400,HIGH,100
swarovski crystal earrings,2400,HIGH,100
moissanite price,2400,HIGH,93
pandora birthstone necklace,2400,HIGH,100
december birthstone bracelet,2400,HIGH,100
smoky quartz ring,2400,HIGH,100
orange sapphire,2400,HIGH,100
three birthstone ring,2400,HIGH,100
3 stone birthstone ring,2400,HIGH,100
silver band,2400,HIGH,90
black diamond gem,2400,HIGH,100
two stone birthstone necklace,2400,HIGH,100
pink birthstone,2400,HIGH,98
swarovski crystal stud earrings,2400,HIGH,100
6mm wedding band mens,2400,HIGH,100
garnet birthstone bracelet,2400,HIGH,100
2 birthstone jewelry,2400,HIGH,100
necklace with birthstones for grandma,2400,HIGH,100
mens emerald wedding ring,2400,HIGH,100
women's cocktail rings,2400,HIGH,100
ladies birthstone rings,2400,HIGH,100
swarovski stone necklace,2400,HIGH,100
carnelian crystal jewelry,2400,HIGH,72
wedding earrings for brides,2400,HIGH,100
mens sterling silver stud earrings,2400,HIGH,100
dec birthstone necklace,2400,HIGH,100
ladies cocktail rings,2400,HIGH,100
earrings for wedding bride,2400,HIGH,100
price of opal,2400,HIGH,81
silver ring for him,2400,HIGH,100
moonstone earrings,2400,HIGH,100
turquoise stud earrings,2400,HIGH,100
mens turquoise bracelet,2400,HIGH,99
turquoise necklace western,2400,HIGH,100
western turquoise jewelry,2400,HIGH,100
women's turquoise necklace,2400,HIGH,100
vintage turquoise rings,2400,HIGH,100
navajo squash blossom necklace,2400,HIGH,100
antique turquoise ring,2400,HIGH,100
turquoise necklaces for women,2400,HIGH,100
carnelian stone jewelry,2400,HIGH,92
turquoise and coral ring,2400,HIGH,100
western jewelry turquoise,2400,HIGH,100
turquoise necklace women's,2400,HIGH,100
ladies turquoise necklace,2400,HIGH,100
turquoise ear studs,2400,HIGH,100
turquoise men's bracelet,2400,HIGH,99
turquoise jewelry silver,2400,HIGH,100
moonstone moon earrings,2400,HIGH,100
carnelian jewelry rings,2400,HIGH,100
coral turquoise ring,2400,HIGH,100
old turquoise rings,2400,HIGH,100
ring carnelian,2400,HIGH,100
silver ring turquoise,2400,HIGH,100
turquoise coral ring,2400,HIGH,100
name necklace silver,1900,HIGH,100
topaz necklace,1900,HIGH,100
family birthstone necklace,1900,HIGH,100
gucci heart ring,1900,HIGH,100
sapphire pendant,1900,HIGH,100
sterling silver jewlery,1900,HIGH,100
peridot bracelet,1900,HIGH,100
teal sapphire engagement rings,1900,HIGH,100
citrine earrings,1900,HIGH,100
opal pendant,1900,HIGH,100
silver tennis bracelet,1900,HIGH,100
august birthstone necklace,1900,HIGH,100
november birthstone necklace,1900,HIGH,100
pink sapphire necklace,1900,HIGH,100
october birthstone necklace,1900,HIGH,100
mother's day necklace with birthstones,1900,HIGH,100
blue stone ring,1900,HIGH,100
blue topaz engagement ring,1900,HIGH,100
amethyst pendant,1900,HIGH,100
silver diamond necklace,1900,HIGH,100
silver signet ring,1900,HIGH,100
aquamarine and diamond ring,1900,HIGH,100
silver studs,1900,HIGH,100
sapphire and diamond necklace,1900,HIGH,100
yellow sapphire engagement ring,1900,HIGH,100
gemstone rings for women,1900,HIGH,100
silver pearl earrings,1900,HIGH,100
silver beaded bracelet,1900,HIGH,100
green stone ring,1900,HIGH,100
silver band ring,1900,HIGH,100
black stone ring,1900,HIGH,100
emerald solitaire ring,1900,HIGH,100
natural emerald rings,1900,HIGH,100
aquamarine diamond ring,1900,HIGH,100
black opal engagement ring,1900,HIGH,100
black opal necklace,1900,HIGH,100
amethyst and diamond ring,1900,HIGH,99
real silver chains for men,1900,HIGH,100
mens sapphire wedding band,1900,HIGH,100
lab grown emerald ring,1900,HIGH,100
garnet ring gold,1900,HIGH,100
sapphire diamond engagement ring,1900,HIGH,100
handmade earrings,1900,HIGH,100
pink stone ring,1900,HIGH,100
sapphire diamond necklace,1900,HIGH,100
david yurman box chain bracelet,1900,HIGH,100
sterling silver nose rings,1900,HIGH,100
natural alexandrite rings,1900,HIGH,100
boho necklace,1900,HIGH,100
colombian emerald ring,1900,HIGH,100
mens garnet ring,1900,HIGH,100
pandora snake chain bracelet,1900,HIGH,100
silver bead necklace,1900,HIGH,100
diamond and emerald necklace,1900,HIGH,99
925 silver ring,1900,HIGH,100
mens amethyst ring,1900,HIGH,100
paraiba tourmaline ring,1900,HIGH,100
natural alexandrite,1900,HIGH,100
august birthstone bracelet,1900,HIGH,100
david yurman silver bracelet,1900,HIGH,100
sterling silver ear cuff,1900,HIGH,100
swiss blue topaz,1900,HIGH,100
july birthstone jewelry,1900,HIGH,100
amethyst diamond ring,1900,HIGH,99
silver and pearl earrings,1900,HIGH,100
engraved pandora charm,1900,HIGH,100
sterling silver chain bracelet,1900,HIGH,100
personalized birthstone necklace for mom,1900,HIGH,100
cartier love bracelet silver,1900,HIGH,100
february gemstone,1900,HIGH,77
pink sapphire pendant,1900,HIGH,100
diamond emerald necklace,1900,HIGH,99
pandora snake chain necklace,1900,HIGH,100
silver and diamond necklace,1900,HIGH,100
sterling silver heart bracelet,1900,HIGH,100
gold and silver wedding band,1900,HIGH,100
blue topaz stone,1900,HIGH,100
black opal pendant,1900,HIGH,100
vintage silver rings,1900,HIGH,100
sapphire and diamond pendant,1900,HIGH,100
eternity ring sapphire,1900,HIGH,100
tiffany sterling silver necklace,1900,MEDIUM,65
painite ring,1900,HIGH,100
tiffany sterling silver bracelet,1900,HIGH,100
men's alexandrite ring,1900,HIGH,100
mens sterling silver pendant,1900,HIGH,100
lab created alexandrite rings,1900,MEDIUM,33
sterling silver butterfly ring,1900,HIGH,100
sterling silver infinity bracelet,1900,HIGH,99
sterling silver amethyst ring,1900,HIGH,71
silver chain and cross,1900,HIGH,100
bloodstone birthstone,1900,HIGH,97
sterling silver mens jewelry,1900,HIGH,100
black opal wedding rings,1900,HIGH,100
sterling silver spoon rings,1900,HIGH,100
gold and silver wedding ring,1900,HIGH,100
silver jewlery shop,1900,LOW,18
pandora heart ring silver,1900,HIGH,100
topaz earring,1900,HIGH,100
sterling silver turquoise earrings,1900,HIGH,100
blue green gemstone,1900,HIGH,100
antique silver rings,1900,HIGH,100
bracelet peridot,1900,HIGH,100
blue opal jewellery,1900,HIGH,96
blue topaz gemstone,1900,HIGH,100
sterling silver black onyx ring,1900,HIGH,100
agate stone jewelry,1900,HIGH,85
most expensive jewel,1900,HIGH,97
sterling silver cuff earrings,1900,HIGH,100
women aquamarine ring,1900,HIGH,100
blue stones for rings,1900,HIGH,100
tiffany and co sterling silver bracelet,1900,HIGH,100
blue birthstones,1900,HIGH,100
boho style necklace,1900,HIGH,100
gemstone com,1900,HIGH,92
custom birthstone bracelet,1900,HIGH,100
gold birthstone necklace,1900,HIGH,100
diamond cocktail rings,1900,HIGH,100
birthstone charm necklace,1900,HIGH,100
statement rings for women,1900,HIGH,100
personalized birthstone bracelet,1900,HIGH,100
gold birthstone rings,1900,HIGH,100
swarovski engagement ring,1900,HIGH,100
watermelon tourmaline ring,1900,HIGH,100
glass rhinestones,1900,HIGH,100
created white sapphire,1900,HIGH,100
wholesale rhinestone,1900,HIGH,100
october birthstone bracelet,1900,HIGH,100
custom birthstone necklace for mom,1900,HIGH,100
two birthstone bracelet,1900,HIGH,100
personalized birthstone jewelry,1900,HIGH,100
green moissanite,1900,HIGH,100
swarovski wedding rings,1900,HIGH,100
2 birthstone bracelet,1900,HIGH,100
vintage cocktail rings,1900,HIGH,100
sterling silver jump rings,1900,HIGH,86
blue spinel,1900,HIGH,94
black star sapphire,1900,HIGH,100
green birthstone,1900,HIGH,98
blue birthstone,1900,HIGH,100
mens statement rings,1900,HIGH,100
emerald birthstone month,1900,MEDIUM,65
colored gemstone engagement rings,1900,HIGH,100
gold necklace birthstone,1900,HIGH,100
sterling silver nose hoop,1900,HIGH,100
dual birthstone bracelet,1900,HIGH,100
engraved birthstone bracelet,1900,HIGH,100
citrine earring,1900,HIGH,100
sapphire eternity bands,1900,HIGH,100
turquoise birthstone jewelry,1900,MEDIUM,39
sterling silver and turquoise earrings,1900,HIGH,100
birthstone personalised bracelet,1900,HIGH,100
james avery crown ring,1900,HIGH,96
red heart ring pandora,1900,HIGH,100
pearl earrings with silver,1900,HIGH,100
citrine stone jewelry,1900,HIGH,97
birthstone august necklace,1900,HIGH,100
heart earring hoops,1900,HIGH,100
earrings citrine,1900,HIGH,100
dark green jewellery,1900,HIGH,98
rhinestone jewels,1900,HIGH,100
blue topaz gem,1900,HIGH,100
silver earrings pearl,1900,HIGH,100
statement rings women,1900,HIGH,100
band silver ring,1900,HIGH,100
ladies statement rings,1900,HIGH,100
mens turquoise rings,1900,HIGH,100
carnelian bracelet,1900,HIGH,100
turquoise pendant,1900,HIGH,100
sleeping beauty turquoise jewelry,1900,HIGH,100
mens turquoise jewelry,1900,HIGH,100
turquoise squash blossom necklace,1900,HIGH,100
vintage navajo turquoise rings,1900,HIGH,100
rainbow moonstone jewelry,1900,HIGH,90
blue moonstone jewelry,1900,HIGH,88
necklace november birthstone,1900,HIGH,100
citrine gemstone jewelry,1900,HIGH,97
nov birthstone necklace,1900,HIGH,100
blue tigers eye jewelry,1900,HIGH,94
jewelry with citrine stones,1900,HIGH,97
moonstone birthstones,1900,HIGH,100
tigers eye crystal jewelry,1900,HIGH,94
bracelet carnelian,1900,HIGH,100
earrings with citrine,1900,HIGH,100
male turquoise jewelry,1900,HIGH,100
rock turquoise,1900,HIGH,96
sarah coventry turquoise necklace,1900,MEDIUM,41
emerald pendant necklace,1600,HIGH,100
march birthstone necklace,1600,HIGH,100
june birthstone necklace,1600,HIGH,100
emerald cut emerald ring,1600,HIGH,100
september birthstone necklace,1600,HIGH,100
long silver necklace,1600,HIGH,100
sterling silver huggie earrings,1600,HIGH,100
boho earrings,1600,HIGH,100
citrine engagement ring,1600,HIGH,100
topaz engagement ring,1600,HIGH,100
real silver earrings,1600,HIGH,100
silver jewerly,1600,HIGH,100
opal pendant necklace,1600,HIGH,100
emerald green engagement ring,1600,HIGH,100
tourmaline necklace,1600,HIGH,100
large silver hoop earrings,1600,HIGH,100
silver choker,1600,HIGH,100
real emerald rings,1600,HIGH,100
emerald bracelet gold,1600,HIGH,100
sterling silver chains for women,1600,HIGH,100
mens silver cuff bracelet,1600,HIGH,100
yellow topaz ring,1600,HIGH,100
silver statement earrings,1600,HIGH,100
silver cuban link bracelet,1600,HIGH,100
silver chain necklace womens,1600,HIGH,100
butterfly necklace silver,1600,HIGH,100
purple sapphire ring,1600,HIGH,100
tiffany earrings silver,1600,HIGH,100
aquamarine necklace gold,1600,HIGH,100
thick silver chain,1600,HIGH,100
three birthstone necklace,1600,HIGH,100
chunky silver earrings,1600,HIGH,100
labradorite bracelet,1600,HIGH,100
personalized birthstone rings,1600,HIGH,100
opal and diamond engagement ring,1600,HIGH,100
mystic topaz ring,1600,HIGH,100
pearl ring silver,1600,HIGH,100
star necklace silver,1600,HIGH,100
healing crystal bracelets,1600,HIGH,100
mens birthstone rings,1600,HIGH,100
september birthstone ring,1600,HIGH,100
sterling silver cross,1600,HIGH,100
mens tiger eye bracelet,1600,HIGH,100
zales emerald ring,1600,HIGH,100
we buy gold and silver near me,1600,MEDIUM,61
may birthstone jewelry,1600,HIGH,97
green tourmaline ring,1600,HIGH,100
bracelet labradorite,1600,HIGH,100
dior necklace silver,1600,HIGH,100
moss agate necklace,1600,HIGH,100
blue opal ring,1600,HIGH,100
stackable birthstone rings for mom,1600,HIGH,100
gemstone wedding rings,1600,HIGH,100
healing stone bracelets,1600,HIGH,100
best stones for engagement rings,1600,HIGH,100
silver statement necklace,1600,HIGH,100
silver emerald ring,1600,HIGH,100
tiffany toggle necklace,1600,HIGH,100
purple sapphire engagement rings,1600,HIGH,100
february birthstone jewelry,1600,HIGH,100
sterling silver diamond rings,1600,HIGH,100
mens silver pendant necklace,1600,HIGH,100
garnet wedding ring,1600,HIGH,100
2 birthstone rings,1600,HIGH,100
women's birthstone necklace,1600,HIGH,100
tiffany knot earrings,1600,HIGH,100
amethyst gold necklace,1600,HIGH,100
sterling silver dangle earrings,1600,HIGH,100
handmade rings,1600,HIGH,100
silver heart ring,1600,HIGH,100
best gemstones for engagement rings,1600,HIGH,100
sterling silver thumb ring,1600,HIGH,99
blue sapphire and diamond ring,1600,HIGH,100
mens braided leather bracelet,1600,HIGH,100
emerald and sapphire ring,1600,HIGH,100
sterling silver earrings for women,1600,HIGH,100
blue sapphire diamond ring,1600,HIGH,100
silver chain with pendant,1600,HIGH,100
sterling silver birthstone necklace,1600,HIGH,100
vvs diamonds chain,1600,HIGH,100
blue sapphire wedding band,1600,HIGH,100
gold and emerald bracelet,1600,HIGH,100
hermes silver bracelet,1600,HIGH,100
big silver hoop earrings,1600,HIGH,100
opal and sapphire ring,1600,HIGH,100
sterling silver moissanite ring,1600,HIGH,100
garnet january birthstone,1600,HIGH,100
sterling silver engraved necklace,1600,HIGH,100
stone wedding rings,1600,HIGH,100
sterling silver urn necklace,1600,HIGH,100
silver dior necklace,1600,HIGH,100
sterling silver snake ring,1600,HIGH,100
opal diamond engagement ring,1600,HIGH,100
silver belly chain,1600,HIGH,100
blue sapphire wedding ring,1600,HIGH,100
garnet wedding band,1600,HIGH,100
sterling silver beaded necklace,1600,HIGH,100
silver van cleef bracelet,1600,HIGH,100
celtic knot pendant,1600,HIGH,100
gold and silver mens wedding band,1600,HIGH,100
italy 925 chain,1600,HIGH,100
emerald birthstone bracelet,1600,HIGH,95
beaded gemstone necklace,1600,HIGH,100
onyx rings womens,1600,HIGH,100
tiffany heart bracelet silver,1600,HIGH,100
mens tiger eye ring,1600,HIGH,100
thick silver necklace,1600,HIGH,100
best gems for engagement rings,1600,HIGH,100
pandora silver hoop earrings,1600,HIGH,100
925 sterling silver cuban link chain,1600,HIGH,98
sterling silver skull rings,1600,HIGH,96
jewelry stones,1600,HIGH,100
925 sterling silver hoop earrings,1600,HIGH,100
van cleef silver necklace,1600,HIGH,100
heart locket silver,1600,HIGH,100
van cleef necklace silver,1600,HIGH,100
silver and emerald ring,1600,HIGH,100
van cleef bracelet silver,1600,HIGH,100
mens gemstone necklace,1600,HIGH,100
emerald sapphire ring,1600,HIGH,100
christian dior necklace silver,1600,HIGH,100
sterling silver sideways cross necklace,1600,HIGH,100
gem collection,1600,HIGH,89
silver chain and pendant,1600,HIGH,100
opal stone jewelry,1600,HIGH,100
stackable birthstone rings for mothers,1600,HIGH,100
silver pendants for chains,1600,HIGH,100
tiffany and co blue heart necklace,1600,HIGH,100
sterling silver diamond engagement rings,1600,HIGH,100
gem wedding rings,1600,HIGH,100
emerald heart,1600,LOW,12
spinel birthstone,1600,HIGH,71
chunky earrings silver,1600,HIGH,100
925 sterling silver mens rings,1600,HIGH,100
moonstone pendants,1600,HIGH,100
opal sapphire ring,1600,HIGH,100
vintage sapphire engagement ring,1600,HIGH,100
sterling silver peridot ring,1600,HIGH,100
vintage black onyx ring,1600,HIGH,100
jade stone jewellery,1600,HIGH,100
boho beaded necklace,1600,HIGH,100
silver indian jewellery,1600,HIGH,100
italian silver 925,1600,HIGH,100
jewellery stones,1600,HIGH,100
onyx birthstone,1600,MEDIUM,62
ka 1772 necklace,1600,HIGH,100
most expensive birthstone,1600,LOW,8
vintage spoon rings,1600,HIGH,97
925 sterling silver rings men's,1600,HIGH,100
tiffany and co silver heart bracelet,1600,HIGH,100
james avery artisan,1600,HIGH,95
beaded necklace boho,1600,HIGH,100
mothers ring 5 stones,1600,HIGH,100
3 birthstone necklace,1600,HIGH,100
swarovski stud earrings,1600,HIGH,100
black obsidian bracelet,1600,HIGH,100
crystal pendant,1600,HIGH,100
february birthstone ring,1600,HIGH,100
july birthstone ring,1600,HIGH,100
swarovski crystal bracelet,1600,HIGH,100
january birthstone ring,1600,HIGH,100
birthstone cross necklace,1600,HIGH,100
swarovski butterfly necklace,1600,HIGH,100
swarovski gold bracelet,1600,HIGH,100
5 stone mothers ring,1600,HIGH,100
3 stone birthstone necklace,1600,HIGH,100
crystal bead bracelet,1600,HIGH,100
gold birthstone bracelet,1600,HIGH,100
black moissanite,1600,HIGH,100
herkimer diamond ring,1600,HIGH,100
emerald birthstone jewelry,1600,HIGH,95
black obsidian ring,1600,HIGH,100
dainty birthstone necklace,1600,HIGH,100
birthstone gold bracelet,1600,HIGH,100
silver and gold mens wedding band,1600,HIGH,100
stones that look like diamonds,1600,HIGH,96
gold rhinestones,1600,HIGH,100
swarovski promise ring,1600,HIGH,100
engraved birthstone rings,1600,HIGH,100
blue nile emerald ring,1600,LOW,7
three stone birthstone necklace,1600,HIGH,100
lab created gemstone rings,1600,HIGH,100
women's swarovski bracelet,1600,HIGH,100
lab grown alexandrite ring,1600,HIGH,100
bezel emerald ring,1600,HIGH,100
silver engagement rings for women,1600,HIGH,100
opal and diamond wedding ring,1600,HIGH,100
sterling silver and diamond ring,1600,HIGH,100
silver and pearl ring,1600,HIGH,100
feb birthstone ring,1600,HIGH,100
sterling silver diamond band,1600,HIGH,100
stackable mothers birthstone ring,1600,HIGH,100
gold bracelet birthstone,1600,HIGH,100
vintage crystal necklace,1600,HIGH,82
feb birthstone jewelry,1600,HIGH,100
tiffany and co silver earrings,1600,HIGH,100
necklace march birthstone,1600,HIGH,100
ladies birthstone necklaces,1600,HIGH,100
price of tanzanite,1600,HIGH,96
sterling silver earrings huggies,1600,HIGH,100
sept birthstone ring,1600,HIGH,100
stud swarovski earrings,1600,HIGH,100
swarovski crystal butterfly necklace,1600,HIGH,100
aventurine jewellery,1600,HIGH,100
sterling silver bow ring,1600,HIGH,99
large silver earrings hoops,1600,HIGH,100
stone wedding ring,1600,HIGH,100
silpada pearl earrings,1600,HIGH,91
male birthstone ring,1600,HIGH,100
925 sterling silver earrings hoops,1600,HIGH,100
birthstone june necklace,1600,HIGH,100
birthstone cross pendant,1600,HIGH,100
women birthstone jewelry,1600,HIGH,100
hoop earrings silver large,1600,HIGH,100
price of amethyst,1600,HIGH,75
pandora silver earrings hoops,1600,HIGH,100
jan birthstone ring,1600,HIGH,100
birthstone september ring,1600,HIGH,100
antique spoon rings,1600,HIGH,97
antique crystal necklace,1600,HIGH,82
rhinestones beads,1600,HIGH,100
necklace rhinestone,1600,HIGH,100
birthstone january ring,1600,HIGH,100
swarovski swan pendant necklace,1600,LOW,1
spiritual jewelry,1600,HIGH,100
moonstone pendant,1600,HIGH,100
spiritual bracelets,1600,HIGH,100
authentic turquoise jewelry,1600,HIGH,100
turquoise and diamond ring,1600,HIGH,100
turquoise and gold earrings,1600,HIGH,100
turquoise diamond ring,1600,HIGH,100
mens turquoise necklace,1600,HIGH,100
vintage turquoise jewelry,1600,HIGH,100
kendra scott turquoise necklace,1600,HIGH,100
gold turquoise earrings,1600,HIGH,100
tiger eye earrings,1600,HIGH,100
native american turquoise rings,1600,HIGH,100
tigers eye beads,1600,HIGH,100
antique turquoise jewelry,1600,HIGH,100
sterling silver turquoise bracelet,1600,HIGH,100
western turquoise rings,1600,HIGH,100
sterling silver moonstone necklace,1600,HIGH,100
sterling silver squash blossom necklace,1600,HIGH,100
sterling silver and turquoise bracelet,1600,HIGH,100
indian turquoise rings,1600,HIGH,100
tiger eye bead necklace,1600,HIGH,100
navajo silver,1600,MEDIUM,39
diamond ring with turquoise,1600,HIGH,100
zuni inlay rings,1600,HIGH,95
american indian turquoise rings,1600,HIGH,100
turquoise rings western,1600,HIGH,100
bracelet healing stones,1600,HIGH,100
hoop earrings 925 sterling silver,1600,HIGH,100
moonstone moon pendant,1600,HIGH,100
925 sterling silver rings for men,1600,HIGH,100
squash blossom necklace sterling silver,1600,HIGH,100
vintage tiger eye ring,1600,HIGH,78
bracelets spiritual,1600,HIGH,100
antique tiger eye ring,1600,HIGH,78
blue lander turquoise,1600,HIGH,100
carolyn pollack turquoise ring,1600,MEDIUM,65
crystal bracelets healing stones,1600,HIGH,100
engagement citrine ring,1600,HIGH,100
engagement rings with citrine,1600,HIGH,100
pendant moonstone,1600,HIGH,100
spirit jewels,1600,HIGH,100
sterling silver 925 mens ring,1600,HIGH,100
sterling silver hoop earrings 925,1600,HIGH,100
tiger eye ring vintage,1600,HIGH,78
tigers eye men's ring,1600,HIGH,100
gucci heart necklace,1300,HIGH,100
sapphire pendant necklace,1300,HIGH,100
aquamarine pendant,1300,HIGH,100
tanzanite bracelet,1300,HIGH,100
blue topaz bracelet,1300,HIGH,100
letter necklace silver,1300,HIGH,100
may birthstone necklace,1300,HIGH,100
birthstone pendant,1300,HIGH,100
black sapphire ring,1300,HIGH,100
pink tourmaline necklace,1300,HIGH,100
aquamarine ring white gold,1300,HIGH,100
silpada rings,1300,HIGH,100
chunky silver bracelet,1300,HIGH,100
birthstone engagement rings,1300,HIGH,100
opal necklace silver,1300,HIGH,100
sapphire and diamond band,1300,HIGH,100
emerald cut sapphire ring,1300,HIGH,100
green amethyst ring,1300,HIGH,100
garnet necklace gold,1300,HIGH,100
zales birthstone rings,1300,HIGH,100
aquamarine wedding ring,1300,HIGH,100
silver diamond earrings,1300,HIGH,100
silver heart earrings,1300,HIGH,100
white gold sapphire ring,1300,HIGH,100
boho bracelets,1300,HIGH,100
white gold emerald ring,1300,HIGH,100
infinity necklace silver,1300,HIGH,100
sapphire and diamond bracelet,1300,HIGH,100
green emerald necklace,1300,HIGH,100
tourmaline bracelet,1300,HIGH,100
may birthstone ring,1300,HIGH,100
pure silver chain,1300,HIGH,100
amethyst crystal necklace,1300,HIGH,100
mens silver signet ring,1300,HIGH,100
garnet and diamond ring,1300,HIGH,100
lab grown gemstones,1300,HIGH,100
silver name plate necklace,1300,HIGH,100
opal tennis bracelet,1300,HIGH,100
padparadscha sapphire ring,1300,HIGH,100
silver pearl drop earrings,1300,HIGH,100
lab grown sapphire rings,1300,HIGH,100
aquamarine birthstone ring,1300,HIGH,100
opal bracelet gold,1300,HIGH,100
yellow stone ring,1300,HIGH,100
sapphire and diamond wedding band,1300,HIGH,100
birthstone promise rings,1300,HIGH,100
morganite engagement ring rose gold,1300,HIGH,100
liquid silver necklace,1300,HIGH,100
snake ring silver,1300,HIGH,100
black tourmaline ring,1300,HIGH,100
necklace with name and birthstone,1300,HIGH,100
pink opal ring,1300,HIGH,100
ruby stone ring,1300,HIGH,78
sterling silver fidget ring,1300,HIGH,100
natural ruby ring,1300,HIGH,100
sapphire bracelet gold,1300,HIGH,100
sapphire and diamond eternity band,1300,HIGH,100
birthstone name necklace,1300,HIGH,100
handmade jewelry near me,1300,HIGH,100
silver rosary necklace,1300,HIGH,100
sterling silver beaded bracelet,1300,HIGH,100
mens silver cross,1300,HIGH,100
citrine gold ring,1300,HIGH,100
emerald and diamond wedding band,1300,HIGH,100
alexandrite wedding rings,1300,HIGH,100
silver cuff bracelet womens,1300,HIGH,100
gemstone pendant,1300,HIGH,100
925 silver necklace,1300,HIGH,100
silver lariat necklace,1300,HIGH,100
sapphire diamond bracelet,1300,HIGH,100
blue star sapphire ring,1300,HIGH,100
silver opal ring,1300,HIGH,100
925 silver bracelet,1300,HIGH,100
mens blue sapphire ring,1300,HIGH,100
silver gucci ring,1300,HIGH,100
silver fidget ring,1300,HIGH,100
999 silver chain,1300,HIGH,100
garnet gold necklace,1300,HIGH,100
garnet diamond ring,1300,HIGH,100
silver earring set,1300,HIGH,100
raw gemstones,1300,HIGH,100
opal and emerald ring,1300,HIGH,100
men's peridot ring,1300,HIGH,100
yellow gold emerald ring,1300,HIGH,100
gold and silver engagement rings,1300,HIGH,100
gold and silver chain,1300,HIGH,100
peridot august birthstone,1300,HIGH,100
gold plated sterling silver,1300,HIGH,100
fidget ring sterling silver,1300,HIGH,100
white gold and sapphire ring,1300,HIGH,100
pink tourmaline pendant,1300,HIGH,100
ruby gemstone ring,1300,HIGH,78
silver and turquoise bracelet,1300,HIGH,100
silver moonstone ring,1300,HIGH,100
unique handmade jewelry,1300,HIGH,100
hermes ring silver,1300,HIGH,100
stackable rings set,1300,HIGH,100
sterling silver hug ring,1300,HIGH,100
gold and sapphire bracelet,1300,HIGH,100
gemstone necklace pendants,1300,HIGH,100
wedding rings with birthstones,1300,HIGH,100
silver oval engagement ring,1300,HIGH,100
april birthstone rings,1300,HIGH,99
emerald and white gold ring,1300,HIGH,100
van cleef silver bracelet,1300,HIGH,100
sterling silver infinity ring,1300,HIGH,89
silver turquoise bracelet,1300,HIGH,100
silver and diamond earrings,1300,HIGH,100
sterling silver tree of life necklace,1300,HIGH,74
handcrafted engagement rings,1300,HIGH,100
fidget ring silver,1300,HIGH,100
silver and turquoise earrings,1300,HIGH,100
925 necklace,1300,HIGH,99
yellow gemstone ring,1300,HIGH,100
turquoise and silver necklace,1300,HIGH,100
sterling silver mens bracelet 925,1300,HIGH,100
silver turquoise earrings,1300,HIGH,100
tiffany and co necklace heart tag,1300,HIGH,100
925 bracelet,1300,HIGH,78
silver gold chain,1300,HIGH,100
turquoise silver necklace,1300,HIGH,100
999 pure silver chain necklace,1300,HIGH,100
emerald necklace men,1300,HIGH,100
larimar gemstone,1300,HIGH,97
925 sterling silver pendants,1300,HIGH,100
mens 925 silver rings,1300,HIGH,100
mens lapis lazuli ring,1300,HIGH,100
mens silver rings 925,1300,HIGH,100
precious stones for sale,1300,HIGH,100
925 jewellery,1300,HIGH,100
opal emerald ring,1300,HIGH,100
vintage sterling silver ring,1300,HIGH,100
james avery birthstone ring,1300,HIGH,100
silver and opal ring,1300,HIGH,100
james avery initial ring,1300,HIGH,97
mens opal pendant,1300,HIGH,100
cut gemstones,1300,HIGH,89
women peridot ring,1300,HIGH,100
22 inch chain on man,1300,HIGH,100
cabochon jewellery,1300,HIGH,100
unique jewelry handmade,1300,HIGH,100
women moonstone ring,1300,HIGH,100
women alexandrite rings,1300,HIGH,100
unique handcrafted jewelry,1300,HIGH,100
handmade jewelry unique,1300,HIGH,100
handmade silver jewllery,1300,HIGH,100
ka1772,1300,HIGH,92
silver jewellery hand made,1300,HIGH,100
swarovski hoop earrings,1300,HIGH,100
crystal drop earrings,1300,HIGH,100
name necklace with birthstone,1300,HIGH,100
chunky silver hoops,1300,HIGH,100
crystal necklace for women,1300,HIGH,100
name and birthstone necklace,1300,HIGH,100
kay jewelers birthstone rings,1300,HIGH,100
april birthstone ring,1300,HIGH,99
sapphire birthstone necklace,1300,HIGH,96
iced out pendants,1300,HIGH,100
moissanite loose stones,1300,HIGH,98
birthstone heart necklace,1300,HIGH,100
lab grown emerald engagement ring,1300,HIGH,99
swarovski cross necklace,1300,HIGH,100
lab created white sapphire,1300,HIGH,100
silver chunky hoops,1300,HIGH,100
gold statement ring,1300,HIGH,98
couples birthstone ring,1300,HIGH,100
opal birthstone ring,1300,HIGH,100
may birthstone bracelet,1300,HIGH,100
birthstone wedding rings,1300,HIGH,100
swarovski heart bracelet,1300,HIGH,100
sapphire diamond,1300,HIGH,99
birthstone wedding band,1300,HIGH,100
lab grown white sapphire,1300,HIGH,100
colored moissanite,1300,HIGH,100
sapphire diamond eternity band,1300,HIGH,100
sapphire birthstone jewelry,1300,HIGH,96
chunky hoops silver,1300,HIGH,100
james avery birthstone rings,1300,HIGH,100
women's turquoise rings,1300,HIGH,97
silver promise rings for him,1300,HIGH,100
diamond emerald wedding band,1300,HIGH,100
sterling silver promise rings for her,1300,MEDIUM,52
toi et moi birthstone ring,1300,HIGH,100
silver mens promise rings,1300,HIGH,100
women's citrine ring,1300,HIGH,100
women's swarovski necklace,1300,HIGH,100
rose gold and morganite engagement ring,1300,HIGH,100
silver earring stacks,1300,HIGH,100
swarovski cross pendant,1300,HIGH,100
silver and pearl drop earrings,1300,HIGH,100
blue topaz bracelets,1300,HIGH,100
cullinan diamond price,1300,LOW,12
women's crystal necklace,1300,HIGH,100
sterling silver onyx ring,1300,HIGH,97
gemstone for september,1300,HIGH,93
citrine and gold ring,1300,HIGH,100
birthstone sapphire necklace,1300,HIGH,96
rock crystal jewelry,1300,HIGH,100
opal and silver ring,1300,HIGH,100
sapphire antique ring,1300,HIGH,100
birthstone necklace heart,1300,HIGH,100
pearl birthstone month,1300,MEDIUM,36
yellow gem ring,1300,HIGH,100
armour ring vivienne westwood,1300,MEDIUM,61
birthstone may necklace,1300,HIGH,100
opal necklace men,1300,HIGH,100
price of emerald per carat,1300,HIGH,88
silver earrings diamond,1300,HIGH,100
pearl earrings silver drop,1300,HIGH,100
sterling silver horseshoe ring,1300,HIGH,81
hoop swarovski earrings,1300,HIGH,100
swarovski charm bracelets,1300,HIGH,100
925 sterling silver rings price,1300,HIGH,100
men's swarovski crystal bracelet,1300,HIGH,100
aquamarine ring birthstone,1300,HIGH,100
swarovski cross pendant necklace,1300,HIGH,100
cuts of gemstones,1300,HIGH,89
turquoise dangling earrings,1300,HIGH,100
crystal ring stand,1300,HIGH,100
price of alexandrite,1300,HIGH,96
earrings silver diamond,1300,HIGH,100
citrine ring in gold,1300,HIGH,100
calvin begay earrings,1300,HIGH,100
gold ring citrine,1300,HIGH,100
gold ring with citrine,1300,HIGH,100
citrine rings for women,1300,HIGH,100
birthstone december 30,1300,HIGH,96
turquoise hoop earrings,1300,HIGH,100
turquoise pendant necklace,1300,HIGH,100
mens turquoise wedding band,1300,HIGH,100
turquoise bead bracelet,1300,HIGH,100
gold and turquoise necklace,1300,HIGH,100
turquoise earrings dangle,1300,HIGH,100
turquoise gold necklace,1300,HIGH,100
chunky turquoise necklace,1300,HIGH,100
real turquoise jewelry native american,1300,HIGH,100
large turquoise ring,1300,HIGH,100
women's moonstone ring,1300,HIGH,100
sterling silver turquoise necklace,1300,HIGH,100
mens turquoise wedding ring,1300,HIGH,100
royston turquoise jewelry,1300,HIGH,100
big turquoise ring,1300,HIGH,100
turquoise flower ring,1300,HIGH,100
turquoise near me,1300,HIGH,76
turquoise charm necklace,1300,HIGH,100
sterling silver and turquoise necklace,1300,HIGH,100
mens rings 925 silver,1300,HIGH,100
turquoise feather ring,1300,HIGH,90
hoop turquoise earrings,1300,HIGH,100
chunky turquoise jewelry,1300,HIGH,100
pendant turquoise necklace,1300,HIGH,100
mens silver 925 rings,1300,HIGH,100
moonstone and silver ring,1300,HIGH,100
turquoise spoon ring,1300,MEDIUM,66
moonstone ring women,1300,HIGH,100
feather turquoise ring,1300,HIGH,90
silver 925 ring men's,1300,HIGH,100
silver & turquoise bracelet,1300,HIGH,100
ladies citrine rings,1300,HIGH,100
silver ring moonstone,1300,HIGH,100
925 mens silver ring,1300,HIGH,100
hoop earrings turquoise,1300,HIGH,100
huge turquoise ring,1300,HIGH,100
moonstone ring in silver,1300,HIGH,100
peyote bird watches,1300,LOW,32
red tiger eye jewelry,1300,HIGH,96
silver 925 ring for men,1300,HIGH,100
silver 925 ring men,1300,HIGH,100
silver earrings turquoise,1300,HIGH,100
silver ring 925 for men,1300,HIGH,100
silver ring 925 men,1300,HIGH,100
silver ring for men 925,1300,HIGH,100
silver ring men 925,1300,HIGH,100
sterling silver moonstone jewelry,1300,MEDIUM,40
turquoise ring with feather,1300,HIGH,90
mens sapphire rings,1000,HIGH,100
emerald promise ring,1000,HIGH,100
blue sapphire bracelet,1000,HIGH,100
silver stud earrings for women,1000,HIGH,100
real silver necklace,1000,HIGH,100
sapphire necklace silver,1000,HIGH,100
green stone necklace,1000,HIGH,100
lab created emerald ring,1000,HIGH,100
peridot necklace gold,1000,HIGH,100
garnet pendant,1000,HIGH,100
moon necklace silver,1000,HIGH,100
sterling silver paperclip necklace,1000,HIGH,100
gucci silver bracelet,1000,HIGH,100
pink morganite ring,1000,HIGH,100
thin silver chain,1000,HIGH,100
silpada earrings,1000,HIGH,100
white sapphire tennis bracelet,1000,HIGH,100
silver huggie hoop earrings,1000,HIGH,100
loose gemstones for sale,1000,HIGH,100
amethyst necklace pendant,1000,HIGH,100
silver diamond bracelet,1000,HIGH,100
real opal rings,1000,HIGH,100
boho rings,1000,HIGH,100
tourmaline earrings,1000,HIGH,100
rose gold opal ring,1000,HIGH,100
ruby birthstone ring,1000,HIGH,100
silver crucifix necklace,1000,HIGH,100
silver heart bracelet,1000,HIGH,100
sterling silver choker necklace,1000,HIGH,100
emerald cut aquamarine ring,1000,HIGH,100
moonstone wedding ring,1000,HIGH,100
alexandrite bracelet,1000,HIGH,100
evil eye necklace silver,1000,HIGH,100
tourmaline engagement ring,1000,HIGH,100
multiple birthstone ring,1000,HIGH,100
box chain bracelet,1000,HIGH,100
blue stone jewelry,1000,HIGH,100
silvercut,1000,HIGH,78
silver pearl bracelet,1000,HIGH,100
multi birthstone necklace,1000,HIGH,100
emerald birthstone ring,1000,HIGH,100
sapphire and diamond tennis bracelet,1000,HIGH,100
aquamarine stone ring,1000,HIGH,100
sterling silver wholesale jewelry,1000,HIGH,98
peridot and diamond ring,1000,HIGH,100
vintage aquamarine ring,1000,HIGH,100
sterling silver small hoop earrings,1000,HIGH,100
dainty silver bracelet,1000,HIGH,100
unique gemstone engagement rings,1000,HIGH,100
sapphire necklace white gold,1000,HIGH,100
double birthstone ring,1000,HIGH,100
large sterling silver hoop earrings,1000,HIGH,100
sapphire wedding sets,1000,HIGH,100
gold and silver earrings,1000,HIGH,100
ametrine ring,1000,HIGH,100
green aventurine bracelet,1000,HIGH,100
april birthstone jewelry,1000,HIGH,96
cheap sterling silver rings,1000,HIGH,100
silver sapphire ring,1000,HIGH,100
silver and pearl bracelet,1000,HIGH,100
initial k necklace,1000,HIGH,100
we buy gold and silver,1000,MEDIUM,34
healing crystal jewelry,1000,HIGH,100
star earrings silver,1000,HIGH,100
silver pinky ring,1000,HIGH,100
sterling silver butterfly necklace,1000,HIGH,100
pink gemstone ring,1000,HIGH,100
silver accessories,1000,HIGH,100
amethyst crystal bracelet,1000,HIGH,99
sterling silver band ring,1000,HIGH,100
aquamarine and sapphire ring,1000,HIGH,100
silver ring set,1000,HIGH,100
larimar stone jewelry,1000,HIGH,100
peridot wedding ring,1000,HIGH,100
sterling silver pearl necklace,1000,HIGH,100
silver cross bracelet,1000,HIGH,100
mens emerald bracelet,1000,HIGH,100
sapphire wedding ring sets,1000,HIGH,100
multi gemstone necklace,1000,HIGH,100
tiffany horseshoe necklace,1000,HIGH,100
silver collar necklace,1000,HIGH,100
imperial topaz ring,1000,HIGH,100
diamond and emerald bracelet,1000,HIGH,99
pink morganite,1000,HIGH,100
fine silver jewlery,1000,HIGH,100
silver franco chain,1000,HIGH,100
peridot diamond ring,1000,HIGH,100
sapphire diamond band,1000,HIGH,100
peridot wedding band,1000,HIGH,100
garnet ring silver,1000,HIGH,100
sterling silver personalized necklace,1000,HIGH,99
silver hoops small,1000,HIGH,100
dainty bracelets silver,1000,HIGH,100
silver and diamond bracelet,1000,HIGH,100
aquamarine solitaire ring,1000,HIGH,99
gemstone beads for jewelry making,1000,HIGH,100
gold gemstone rings,1000,HIGH,100
chunky sterling silver rings,1000,HIGH,100
silver ruby ring,1000,HIGH,100
vintage amethyst ring,1000,HIGH,100
real alexandrite,1000,HIGH,100
sterling silver bridal sets,1000,HIGH,100
mens silver cross and chain,1000,HIGH,100
mens tanzanite rings,1000,HIGH,99
fine silver,1000,HIGH,69
blue sapphire ring for women,1000,HIGH,100
amethyst birthstone ring,1000,HIGH,100
jewelry artisans,1000,MEDIUM,59
mens silver pinky ring,1000,HIGH,100
sterling silver cubic zirconia rings,1000,HIGH,100
opal bridal set,1000,HIGH,100
silver bow earrings,1000,HIGH,100
ceylon sapphire engagement rings,1000,HIGH,93
chunky silver jewlery,1000,HIGH,100
silver cross ring,1000,HIGH,100
ruby and emerald ring,1000,HIGH,100
natural alexandrite engagement ring,1000,HIGH,100
ruby and sapphire ring,1000,HIGH,100
emerald and peridot ring,1000,HIGH,100
emerald ring band,1000,HIGH,100
multi stone necklace,1000,HIGH,100
natural gemstone beads,1000,HIGH,100
sterling silver cross bracelet,1000,HIGH,100
real turquoise rings,1000,HIGH,100
mens gemstone bracelet,1000,HIGH,100
red garnet ring,1000,HIGH,100
sterling silver rosary necklace,1000,HIGH,97
vintage peridot rings,1000,HIGH,100
stone beads for jewelry making,1000,HIGH,100
sterling silver wedding ring sets,1000,HIGH,100
amethyst bead bracelet,1000,HIGH,100
mens moonstone ring,1000,HIGH,100
healing stone jewelry,1000,HIGH,100
semi precious stone necklace,1000,HIGH,99
marquise emerald ring,1000,HIGH,100
peridot stone price,1000,HIGH,99
silver and gold jewelry,1000,HIGH,100
silpada cross necklace,1000,HIGH,85
amazon sterling silver rings,1000,HIGH,100
fire mountain gemstones,1000,HIGH,98
black opal mens ring,1000,HIGH,100
rose gold and opal ring,1000,HIGH,100
sterling silver threader earrings,1000,HIGH,100
mens topaz ring,1000,HIGH,100
turquoise cross,1000,HIGH,100
vintage citrine ring,1000,HIGH,100
opal beaded necklace,1000,HIGH,100
white sapphire pendant,1000,HIGH,100
aquamarine gemstone ring,1000,HIGH,100
pandora moments snake chain necklace,1000,LOW,17
gemstones prices,1000,HIGH,77
silver and sapphire ring,1000,HIGH,100
sterling silver opal necklace,1000,HIGH,100
opal wedding set,1000,HIGH,100
vintage silver locket,1000,HIGH,100
mens gold emerald ring,1000,HIGH,100
blue rhinestones,1000,HIGH,100
turquoise pendant silver,1000,HIGH,100
red beryl ring,1000,HIGH,100
925 italy gold chain,1000,HIGH,100
coloured stone rings,1000,HIGH,100
antique sapphire and diamond ring,1000,HIGH,100
black onyx engagement rings,1000,HIGH,100
tiffany sterling silver rings,1000,HIGH,96
natural alexandrite stone,1000,HIGH,100
turquoise stone jewelry,1000,HIGH,100
silver rhinestones,1000,HIGH,100
925 sterling silver bangles,1000,HIGH,100
vintage pink sapphire ring,1000,HIGH,100
sterling silver garnet rings,1000,HIGH,89
sterling silver amethyst necklace,1000,HIGH,68
vintage blue topaz ring,1000,HIGH,100
alexandrite lab created,1000,HIGH,99
pandora sterling silver earrings,1000,LOW,6
june 3 birthstone,1000,HIGH,100
ruby emerald ring,1000,HIGH,100
stone bead necklace,1000,HIGH,100
december gemstone birthstone,1000,HIGH,100
coloured gemstone rings,1000,HIGH,100
ruby sapphire ring,1000,HIGH,100
silver ring with ruby stone,1000,HIGH,100
painite jewelry,1000,HIGH,85
mixing silver and gold jewelry,1000,HIGH,100
june 10 birthstone,1000,HIGH,100
antique alexandrite ring,1000,HIGH,100
vintage topaz ring,1000,HIGH,100
october 10 birthstone,1000,HIGH,97
antique topaz ring,1000,HIGH,100
gems and jewellery,1000,MEDIUM,61
vintage silver charm bracelet,1000,HIGH,100
boho style rings,1000,HIGH,100
multicolored gemstones,1000,HIGH,93
green necklace stone,1000,HIGH,100
handmade string bracelets,1000,HIGH,93
most expensive jewels in the world,1000,HIGH,86
friendship bracelet handmade,1000,HIGH,93
multiple birthstone necklace,1000,HIGH,100
birthstone bracelet for grandma,1000,HIGH,100
january birthstone necklace,1000,HIGH,100
london blue topaz earrings,1000,HIGH,100
july birthstone necklace,1000,HIGH,100
swarovski drop earrings,1000,HIGH,100
february birthstone necklace,1000,HIGH,100
lab created emerald,1000,HIGH,100
rose quartz earrings,1000,HIGH,100
sapphire band,1000,HIGH,100
small silver hoops,1000,HIGH,100
stackable mothers rings,1000,HIGH,100
london blue topaz engagement ring,1000,HIGH,100
swarovski evil eye necklace,1000,HIGH,100
swarovski evil eye bracelet,1000,HIGH,100
swarovski gema necklace,1000,HIGH,100
blue zircon ring,1000,HIGH,100
black obsidian necklace,1000,HIGH,100
moissanite jewelers near me,1000,HIGH,100
blue moissanite,1000,HIGH,100
lab grown moissanite,1000,HIGH,100
natural moissanite,1000,HIGH,100
grandmother bracelet with birthstones,1000,HIGH,100
emerald cut moissanite engagement ring,1000,HIGH,100
david yurman jewish star,1000,HIGH,100
wave ring sterling silver,1000,HIGH,99
royal blue sapphire,1000,HIGH,100
aqeeq stone,1000,HIGH,98
sky blue topaz,1000,HIGH,100
women's birthstone bracelet,1000,HIGH,100
emerald bands,1000,HIGH,100
lab made emerald,1000,HIGH,100
december birthstone kendra scott,1000,HIGH,98
large cocktail rings,1000,HIGH,100
aquamarine birthstone month,1000,HIGH,75
feb birthstone necklace,1000,HIGH,100
pink gem ring,1000,HIGH,100
rose quartz stud earrings,1000,HIGH,100
pandora jewelry birthstone,1000,HIGH,100
touchstone crystal by swarovski,1000,HIGH,95
kendra scott december birthstone,1000,HIGH,98
aquamarine sapphire ring,1000,HIGH,100
turquoise birthstone ring,1000,HIGH,100
mens emerald ring gold,1000,HIGH,100
blue topaz december birthstone,1000,HIGH,100
ibb cn 925,1000,LOW,33
sterling silver bridal ring sets,1000,HIGH,100
white rhinestones,1000,HIGH,100
sterling silver cz rings,1000,HIGH,100
topaz birthstone jewelry,1000,MEDIUM,58
silver and ruby ring,1000,HIGH,100
amethyst birthstone bracelet,1000,HIGH,100
ladies silver stud earrings,1000,HIGH,100
green amethyst jewelry,1000,HIGH,100
stud silver earrings for women,1000,HIGH,100
antique citrine ring,1000,HIGH,100
sterling silver big hoop earrings,1000,HIGH,100
diamond birthstone month,1000,MEDIUM,52
silver crossover ring,1000,HIGH,100
sapphire wedding band set,1000,HIGH,100
emerald ruby ring,1000,HIGH,100
affordable sterling silver rings,1000,HIGH,100
large statement rings,1000,HIGH,99
emerald ring birthstone,1000,HIGH,100
cost of ruby stone,1000,HIGH,94
price of ruby stone,1000,HIGH,94
aqeeq,1000,MEDIUM,63
amethyst birthstone earrings,1000,HIGH,100
moissanite vvs1,1000,HIGH,100
multi colored stone rings,1000,HIGH,100
antique pink sapphire ring,1000,HIGH,100
vintage diamond and sapphire ring,1000,HIGH,100
band emerald ring,1000,HIGH,100
small hoops silver,1000,HIGH,100
gold gem ring,1000,HIGH,100
ladies stud earrings silver,1000,HIGH,100
double heart ring pandora,1000,HIGH,100
swarovski rainbow necklace,1000,HIGH,100
vintage sterling silver earrings,1000,HIGH,82
necklace january birthstone,1000,HIGH,100
bedazzler rhinestones,1000,HIGH,100
big statement rings,1000,HIGH,99
rose quartz crystal jewelry,1000,MEDIUM,37
birthstone for december 27,1000,HIGH,96
birthstone jewellery pandora,1000,HIGH,100
multi coloured gemstone rings,1000,HIGH,100
different colors of sapphires,1000,HIGH,99
dec 2 birthstone,1000,HIGH,95
birthstone february necklace,1000,HIGH,100
price of gemstones,1000,HIGH,77
different stone cuts,1000,HIGH,85
jtw 925 ring,1000,HIGH,77
vintage turquoise rings mens,1000,HIGH,100
birthstone for june 1,1000,HIGH,99
big cocktail rings,1000,HIGH,100
dec 18 birthstone,1000,HIGH,93
topaz birthstone jewellery,1000,MEDIUM,58
rainbow necklace swarovski,1000,HIGH,100
birthstone december 2,1000,HIGH,95
pearl and swarovski crystal necklace,1000,HIGH,100
birthstone for june 18,1000,HIGH,100
colors of birthstones by month,1000,HIGH,100
touchstone swarovski,1000,HIGH,95
different cuts of gemstones,1000,HIGH,85
red garnet birthstone,1000,HIGH,88
antique sterling silver earrings,1000,HIGH,82
birthstone for october 28th,1000,HIGH,94
genuine turquoise jewelry,1000,HIGH,100
turquoise choker,1000,HIGH,100
turquoise cuff bracelet,1000,HIGH,100
tiger ring,1000,HIGH,100
squash blossom jewelry,1000,HIGH,100
turquoise and diamond engagement ring,1000,HIGH,100
turquoise and gold bracelet,1000,HIGH,100
turquoise diamond engagement ring,1000,HIGH,100
turquoise bracelet womens,1000,HIGH,100
tiffany diamond by the yard,1000,HIGH,100
turquoise and pearl necklace,1000,HIGH,100
green turquoise jewelry,1000,HIGH,100
turquoise gold bracelet,1000,HIGH,100
vintage squash blossom necklace,1000,HIGH,100
women's turquoise bracelet,1000,HIGH,100
turquoise pearl necklace,1000,HIGH,100
vintage mens turquoise rings,1000,HIGH,100
turquoise and diamond wedding ring,1000,HIGH,100
turquoise inlay ring,1000,HIGH,100
vintage turquoise bracelet,1000,HIGH,100
oval turquoise ring,1000,HIGH,100
royston turquoise ring,1000,HIGH,100
brighton turquoise necklace,1000,HIGH,78
antique squash blossom necklace,1000,HIGH,100
ring tiger,1000,HIGH,100
chico's turquoise necklace,1000,HIGH,84
healing stones and crystals jewelry,1000,HIGH,100
antique turquoise bracelet,1000,HIGH,100
mens navajo turquoise rings,1000,HIGH,99
silpada turquoise earrings,1000,HIGH,72
turquoise and silver pendant,1000,HIGH,100
turquoise concho,1000,HIGH,100
vintage turquoise cross necklace,1000,HIGH,72
zuni mens rings,1000,HIGH,79
turquoise necklace with pearl,1000,HIGH,100
navajo inlay rings,1000,HIGH,73
red carnelian jewelry,1000,HIGH,99
square turquoise pendant,1000,HIGH,69
choker turquoise,1000,HIGH,100
carnelian agate necklace,1000,MEDIUM,46
citrine ring antique,1000,HIGH,100
cross with turquoise,1000,HIGH,100
ibbcn 925,1000,LOW,33
iranian turquoise jewelry,1000,HIGH,100
iris and lily turquoise necklace,1000,HIGH,69
jewelry with healing stones,1000,HIGH,100
male moonstone ring,1000,HIGH,100
mens antique turquoise rings,1000,HIGH,100
mens ring moonstone,1000,HIGH,100
moonstone gemstone beads,1000,HIGH,100
oblong turquoise ring,1000,HIGH,100
ring of tiger,1000,HIGH,100
sts 925 ruby ring,1000,LOW,23
white moonstone jewelry,1000,HIGH,100
zuni flower ring,1000,HIGH,82
bali jewelry,880,HIGH,100
balinese jewelry,880,HIGH,100
april birthstone necklace,880,HIGH,100
december birthstone earrings,880,HIGH,100
birthstone jewelry for grandma,880,HIGH,100
sterling silver studs,880,HIGH,100
teal sapphire ring,880,HIGH,100
gucci silver necklace,880,HIGH,100
opal promise rings,880,HIGH,100
tanzanite pendant,880,HIGH,100
citrine pendant,880,HIGH,100
pink sapphire bracelet,880,HIGH,100
mothers day birthstone ring,880,HIGH,99
fire opal necklace,880,HIGH,100
emerald stone ring,880,HIGH,100
emerald stone engagement rings,880,HIGH,100
aquamarine tennis bracelet,880,HIGH,100
blue stone necklace,880,HIGH,100
18 inch silver chain,880,HIGH,100
peach sapphire engagement rings,880,HIGH,100
silver ball earrings,880,HIGH,100
real silver rings,880,HIGH,100
sapphire anniversary band,880,HIGH,100
gucci interlocking g ring,880,HIGH,85
sterling silver drop earrings,880,HIGH,100
larimar bracelet,880,HIGH,100
sterling silver diamond earrings,880,HIGH,100
healing crystal necklace,880,HIGH,100
fire opal engagement ring,880,HIGH,100
silver paperclip necklace,880,HIGH,100
5 stone ring,880,HIGH,100
orange sapphire ring,880,HIGH,100
pure silver necklace,880,HIGH,100
coin pendant,880,HIGH,100
sapphire cross necklace,880,HIGH,100
tanzanite and diamond ring,880,HIGH,100
pink topaz ring,880,HIGH,100
pandora earrings silver,880,HIGH,98
sterling silver tennis necklace,880,HIGH,100
silver evil eye bracelet,880,HIGH,100
sapphire band ring,880,HIGH,100
tsavorite ring,880,HIGH,100
white opal ring,880,HIGH,100
blue opal necklace,880,HIGH,100
citrine and diamond ring,880,HIGH,100
amazonite bracelet,880,HIGH,100
16 inch silver chain,880,HIGH,100
silver cross earrings,880,HIGH,100
places that buy gold and silver near me,880,MEDIUM,53
silver promise rings for her,880,HIGH,100
green stone engagement ring,880,HIGH,100
silver teardrop earrings,880,HIGH,100
real alexandrite rings,880,HIGH,100
majorica pearl necklace,880,HIGH,100
natural sapphire ring,880,HIGH,100
yellow gold sapphire ring,880,HIGH,100
silver heart locket necklace,880,HIGH,100
prasiolite ring,880,HIGH,100
sterling silver pearl earrings,880,HIGH,100
opal stone ring,880,HIGH,100
mens stone bracelets,880,HIGH,100
selling sterling silver,880,MEDIUM,66
blue topaz gold ring,880,HIGH,100
tanzanite wedding ring,880,HIGH,100
sapphire earrings drop,880,HIGH,100
alexandrite wedding band,880,HIGH,100
real turquoise necklace,880,HIGH,100
24 inch sterling silver chain,880,HIGH,100
moonstone gold ring,880,HIGH,100
lapis lazuli pendant,880,HIGH,100
zultanite ring,880,HIGH,100
gemstone stud earrings,880,HIGH,100
butterfly ring silver,880,HIGH,100
pink tourmaline engagement ring,880,HIGH,100
sterling silver mood ring,880,HIGH,100
natural opal rings,880,HIGH,100
tanzanite diamond ring,880,HIGH,100
2 stone ring,880,HIGH,100
pure silver ring,880,HIGH,100
sterling silver evil eye bracelet,880,HIGH,100
boho magic jewelry,880,HIGH,100
tiffany venetian link bracelet,880,HIGH,100
labradorite pendant,880,HIGH,100
opal october birthstone,880,HIGH,100
tanzanite wedding band,880,HIGH,100
small silver cross necklace,880,HIGH,100
grandmother birthstone jewelry,880,HIGH,100
sapphire anniversary ring,880,HIGH,100
citrine diamond ring,880,HIGH,100
emerald gemstone engagement rings,880,HIGH,100
simple silver ring,880,HIGH,100
red stone ring,880,HIGH,100
smoky topaz ring,880,HIGH,100
stackable gemstone rings,880,HIGH,100
silver diamond cross necklace,880,HIGH,100
silver amethyst ring,880,HIGH,100
mens sterling silver chain necklace,880,HIGH,100
sterling silver diamond stud earrings,880,HIGH,100
sterling silver evil eye necklace,880,HIGH,100
red jasper bracelet,880,HIGH,100
jaxxon silver chain,880,MEDIUM,43
engraved silver ring,880,HIGH,100
handmade necklace,880,HIGH,100
dainty silver rings,880,HIGH,100
silver diamond chain,880,HIGH,100
sterling silver birthstone bracelet,880,HIGH,100
sterling silver link bracelet,880,HIGH,100
sterling silver engraved bracelet,880,HIGH,100
mens silver chain with pendant,880,HIGH,100
healing stone necklace,880,HIGH,100
tiffany charm bracelet silver,880,HIGH,100
genuine alexandrite rings,880,HIGH,100
sterling silver spinner ring,880,HIGH,99
black onyx gold ring,880,HIGH,99
sunstone ring,880,HIGH,100
antique aquamarine ring,880,HIGH,100
marquise sapphire ring,880,HIGH,100
silver clover necklace,880,HIGH,100
birthstone gift,880,HIGH,100
sterling silver sapphire ring,880,MEDIUM,55
emerald jewellery set,880,HIGH,100
unique 3 stone ring designs,880,HIGH,100
silver flower earrings,880,HIGH,100
five stone ring,880,HIGH,100
silver birthstone rings,880,HIGH,100
bracelet amazonite,880,HIGH,100
alternative engagement ring stones,880,HIGH,100
tanzanite rings tiffany,880,HIGH,100
red garnet necklace,880,HIGH,100
chanel earrings silver,880,HIGH,100
sterling silver pinky ring,880,HIGH,100
bezel set sapphire ring,880,HIGH,100
moss agate bracelet,880,HIGH,100
black stone jewelry,880,HIGH,100
mens love bracelet,880,HIGH,100
thick silver ring,880,HIGH,100
opal and amethyst ring,880,HIGH,100
emerald and aquamarine ring,880,HIGH,100
lapis lazuli mens bracelet,880,HIGH,100
emerald and amethyst ring,880,HIGH,100
14k gold vermeil,880,HIGH,100
alexandrite stone price,880,HIGH,100
sterling silver gemstone rings,880,HIGH,100
925 earrings,880,HIGH,87
opal tennis necklace,880,HIGH,100
wide silver ring,880,HIGH,100
hermes silver necklace,880,HIGH,100
gemstone stacking rings,880,HIGH,100
november birthstone citrine,880,HIGH,100
mens amethyst necklace,880,HIGH,100
925 silver chain mens,880,HIGH,100
black and silver ring,880,HIGH,100
black star sapphire ring,880,HIGH,100
tigers eye pendant,880,HIGH,100
gold and silver jewlery,880,HIGH,100
black silver ring,880,HIGH,100
mens silver diamond ring,880,HIGH,100
pearl and emerald ring,880,HIGH,100
mens moss agate ring,880,HIGH,100
silver plated jewellery,880,HIGH,100
sterling silver horseshoe necklace,880,HIGH,100
homemade bracelets,880,HIGH,90
tiffany silver bead bracelet,880,HIGH,100
sapphire rings tiffany,880,HIGH,100
silver forest jewelry,880,HIGH,99
mens tiger eye necklace,880,HIGH,100
mens star sapphire ring,880,HIGH,100
silver flower ring,880,HIGH,100
clover necklace silver,880,HIGH,100
sterling silver evil eye ring,880,HIGH,99
unique gemstones,880,HIGH,97
gemstone dealers,880,MEDIUM,44
byzantine silver chain,880,HIGH,100
alexandrite diamond ring,880,HIGH,100
amber stone jewelry,880,HIGH,100
tiffany and co dog tag necklace,880,HIGH,100
snake silver chain,880,HIGH,100
march birthstone aquamarine,880,HIGH,100
native american bracelet,880,HIGH,100
tiffany and co sapphire ring,880,HIGH,100
bracelet larimar,880,HIGH,100
handmade beaded jewelry,880,HIGH,93
jasper stone jewelry,880,HIGH,100
concho earrings,880,HIGH,100
opal gemstone ring,880,HIGH,100
925 sterling silver anklets,880,HIGH,100
august 10 birthstone,880,HIGH,98
august 20 birthstone,880,HIGH,97
december 1 birthstone,880,HIGH,86
november 10 birthstone,880,HIGH,98
december 3rd birthstone,880,HIGH,100
tiffany and co venetian link bracelet,880,HIGH,100
gold bracelet with stones,880,HIGH,100
tiffany and co toggle bracelet,880,HIGH,100
november 14 birthstone,880,HIGH,99
tiffany & co venetian link bracelet,880,HIGH,100
larimar ring sterling silver,880,HIGH,100
december 8 birthstone,880,HIGH,99
vintage star sapphire ring,880,HIGH,100
argentium silver ring,880,HIGH,100
tiffany and co sterling silver,880,HIGH,89
handmade jewelry designers,880,HIGH,73
october 2 birthstone,880,HIGH,91
moonstone june birthstone,880,HIGH,100
925 italy silver bracelet,880,HIGH,100
mixing gold and silver rings,880,HIGH,100
real gemstone,880,HIGH,99
pearl june birthstone,880,HIGH,100
april birthstone alternative,880,MEDIUM,65
silver gemstones,880,HIGH,71
ring red stone,880,HIGH,100
alexandrite gemstone price,880,HIGH,100
silver kada men,880,HIGH,100
bali bali jewelry,880,HIGH,100
nf 925 ring,880,LOW,4
alpaca mexico bracelet,880,HIGH,67
beaded jewelry handmade,880,HIGH,93
handcrafted designer jewellery,880,HIGH,73
handcrafted fashion jewelry,880,LOW,0
handmade engraved jewelry,880,HIGH,89
jewel bali,880,HIGH,100
jewelry designer handmade,880,HIGH,73
milor italy 925,880,HIGH,71
crystal engagement rings,880,HIGH,100
custom birthstone jewelry,880,HIGH,100
mothers ring 6 stones,880,HIGH,100
swarovski bracelet sale,880,HIGH,100
swarovski pendant,880,HIGH,100
pearl statement earrings,880,HIGH,100
crystal pendant necklace,880,HIGH,100
best moissanite jewelers,880,HIGH,100
couples birthstone necklace,880,HIGH,100
peach sapphire,880,HIGH,100
aqeeq ring,880,HIGH,100
swarovski diamond necklace,880,HIGH,100
crystal bracelet for women,880,HIGH,100
ear cuff swarovski,880,HIGH,100
pink moissanite,880,HIGH,100
crystal necklace for men,880,HIGH,100
mens birthstone necklace,880,HIGH,100
lab grown sapphire engagement rings,880,HIGH,100
rutilated quartz ring,880,HIGH,100
swarovski crystal rings,880,HIGH,100
swarovski chains,880,HIGH,100
grandma birthstone ring,880,HIGH,100
lavender sapphire,880,HIGH,100
dinner rings,880,HIGH,100
blue green sapphire,880,HIGH,100
mother daughter birthstone rings,880,HIGH,100
david yurman silver ring,880,HIGH,100
grandmother birthstone rings,880,HIGH,100
june birthstone kendra scott,880,HIGH,100
emerald cut aquamarine,880,HIGH,100
alternative gemstone engagement rings,880,HIGH,100
made by mary birthstone ring,880,HIGH,100
kendra scott june birthstone,880,HIGH,100
sterling silver engraved ring,880,HIGH,99
october birthstone kendra scott,880,HIGH,100
pink gemstone engagement ring,880,HIGH,100
opal diamond,880,HIGH,100
wide silver band ring,880,HIGH,100
orange garnet,880,HIGH,99
kendra scott october birthstone,880,HIGH,100
bezel sapphire ring,880,HIGH,100
bezel set eternity ring,880,HIGH,100
emerald ring with baguettes,880,HIGH,100
gemstone earring studs,880,HIGH,100
cats eye ring,880,HIGH,99
cabochon sapphire,880,HIGH,100
silver and amethyst ring,880,HIGH,100
grandparent birthstone jewelry,880,HIGH,100
black onyx and gold ring,880,HIGH,99
sterling silver hypoallergenic earrings,880,HIGH,100
sterling silver amethyst earrings,880,HIGH,100
emerald aquamarine ring,880,HIGH,100
opal and diamond,880,HIGH,100
sterling silver and diamond earrings,880,HIGH,100
purple spinel,880,HIGH,99
birthstone bracelet sterling silver,880,HIGH,100
personalized birthstone rings for mom,880,HIGH,95
pearl stud earrings sterling silver,880,HIGH,100
vintage mens sapphire ring,880,HIGH,100
green moissanite rings,880,HIGH,100
jewellery sale swarovski,880,HIGH,100
men's labradorite ring,880,HIGH,100
anxiety necklaces,880,HIGH,100
opal amethyst ring,880,HIGH,100
antique turquoise earrings,880,HIGH,100
sterling silver and pearl earrings,880,HIGH,100
swarovski crystal necklace set,880,HIGH,100
purple star sapphire,880,HIGH,99
tigers eye ring womens,880,HIGH,100
labradorite ring sterling silver,880,HIGH,100
quartz crystal jewelry,880,HIGH,100
sterling silver hook earrings,880,HIGH,100
van cleef and arpels clover earrings,880,HIGH,100
healing necklace crystal,880,HIGH,100
thick rings silver,880,HIGH,100
heidi daus ring,880,HIGH,100
pearl earrings statement,880,HIGH,100
james avery silver rings,880,HIGH,78
ball earrings silver,880,HIGH,100
dec 1 birthstone,880,HIGH,86
dec 9 birthstone,880,HIGH,92
studs sterling silver,880,HIGH,100
blue quartz jewelry,880,HIGH,91
vintage marcasite rings,880,MEDIUM,66
oct 6 birthstone,880,HIGH,98
price of amethyst stone,880,HIGH,98
price of sapphire per carat,880,HIGH,85
birthstone october 14,880,HIGH,99
diamond cocktail rings with baguettes,880,HIGH,100
cost of amethyst stone,880,HIGH,98
diamond opal,880,HIGH,100
dec 3rd birthstone,880,HIGH,100
david yurman evil eye bracelet,880,HIGH,100
turquoise tennis bracelet,880,HIGH,100
turquoise drop earrings,880,HIGH,100
turquoise heart necklace,880,HIGH,100
turquoise tennis necklace,880,HIGH,100
turquoise promise ring,880,HIGH,100
gold moonstone ring,880,HIGH,100
turquoise statement necklace,880,HIGH,100
long turquoise necklace,880,HIGH,100
kendra scott turquoise earrings,880,HIGH,100
turquoise choker necklace,880,HIGH,100
turquoise stacking ring,880,HIGH,100
turquoise lariat necklace,880,HIGH,100
jay king turquoise necklace,880,HIGH,100
white buffalo turquoise jewelry,880,HIGH,100
moonstone bead necklace,880,HIGH,100
navajo turquoise rings,880,HIGH,100
vintage turquoise earrings,880,HIGH,100
turquoise cluster earrings,880,HIGH,100
stackable turquoise rings,880,HIGH,100
persian turquoise ring,880,HIGH,76
gold and moonstone ring,880,HIGH,100
native american turquoise bracelet,880,HIGH,100
coral and turquoise necklace,880,HIGH,100
turquoise necklace choker,880,HIGH,100
lariat turquoise necklace,880,HIGH,100
gold ring moonstone,880,HIGH,100
van cleef & arpels turquoise,880,HIGH,100
levian turquoise ring,880,HIGH,85
black moonstone jewelry,880,HIGH,100
turquoise men's ring,880,HIGH,100
women's 925 sterling silver rings,880,HIGH,100
zuni turquoise bracelet,880,HIGH,100
native american jewelry store,880,MEDIUM,67
turquoise inlay bracelet,880,HIGH,100
turquoise world,880,HIGH,72
turquoise necklace real,880,HIGH,100
turquoise earrings kendra scott,880,HIGH,100
heart shaped turquoise ring,880,HIGH,100
american indian turquoise bracelets,880,HIGH,100
rectangle turquoise ring,880,HIGH,100
choker necklace turquoise,880,HIGH,100
indian turquoise bracelet,880,HIGH,100
iranian turquoise ring,880,HIGH,76
turquoise coral necklace,880,HIGH,100
3 stone turquoise ring,880,HIGH,100
beaded moonstone necklace,880,HIGH,100
vintage turquoise bead necklace,880,HIGH,95
sterling silver tiger eye ring,880,HIGH,100
navajo ring turquoise,880,HIGH,100
ladies tiger eye ring,880,HIGH,100
2nd november birthstone,880,HIGH,95
925 sterling silver ladies rings,880,HIGH,100
925 sterling silver rings for women,880,HIGH,100
birthstone november citrine,880,HIGH,100
citrine & diamond ring,880,HIGH,100
citrine ring diamond,880,HIGH,100
citrine with diamonds ring,880,HIGH,100
cluster turquoise earrings,880,HIGH,100
coldwater creek turquoise necklace,880,HIGH,90
eye of the tiger pendant,880,HIGH,100
fred harvey bracelets,880,HIGH,98
ibb cn 925 rings,880,HIGH,98
lia sophia turquoise necklace,880,MEDIUM,43
moonstone poison ring,880,HIGH,74
pendant citrine,880,HIGH,100
pendant tiger eye,880,HIGH,100
silpada turquoise bracelet,880,MEDIUM,66
three stone turquoise ring,880,HIGH,100
tigers eye ring sterling silver,880,HIGH,100
triangle turquoise ring,880,HIGH,100
vintage silver and turquoise bracelet,880,HIGH,87
vintage silver turquoise bracelet,880,HIGH,87
vintage silver turquoise ring,880,HIGH,70
gucci earrings silver,720,HIGH,100
morganite necklace,720,HIGH,100
emerald studs,720,HIGH,100
peridot pendant,720,HIGH,100
sapphire engagement rings for women,720,HIGH,100
topaz bracelet,720,HIGH,100
silver thumb ring,720,HIGH,100
sterling silver wedding sets,720,HIGH,100
simple silver necklace,720,HIGH,100
lab created sapphire ring,720,HIGH,100
white sapphire tennis necklace,720,HIGH,100
20 inch silver chain,720,HIGH,100
silver tennis necklace,720,HIGH,100
j necklace silver,720,HIGH,100
solid silver chain,720,HIGH,100
aquamarine birthstone necklace,720,HIGH,99
amethyst promise ring,720,HIGH,100
engraved silver bracelet,720,HIGH,100
emerald necklace silver,720,HIGH,100
silver link bracelet,720,HIGH,100
ruby anniversary ring,720,HIGH,100
amethyst tennis bracelet,720,HIGH,100
thick silver hoop earrings,720,HIGH,100
platinum emerald ring,720,HIGH,100
sapphire solitaire ring,720,HIGH,100
real sapphire rings,720,HIGH,100
custom silver pendants,720,HIGH,100
opal and diamond necklace,720,HIGH,100
lava stone bracelet,720,HIGH,100
24 inch silver chain,720,HIGH,100
kay jewelers emerald ring,720,HIGH,100
rose gold emerald ring,720,HIGH,100
opal hoop earrings,720,HIGH,100
natural emerald engagement rings,720,HIGH,100
australian opal necklace,720,HIGH,100
emerald stacking ring,720,HIGH,100
emerald cut necklace,720,HIGH,100
emerald pendant gold,720,HIGH,100
pink sapphire tennis bracelet,720,HIGH,100
genuine opal rings,720,HIGH,100
opal heart necklace,720,HIGH,100
garnet necklace silver,720,HIGH,100
white gold opal ring,720,HIGH,100
silver rope bracelet,720,HIGH,100
peridot tennis bracelet,720,HIGH,100
alexandrite pendant,720,HIGH,100
pink opal necklace,720,HIGH,100
silver link chain,720,HIGH,100
dual birthstone ring,720,HIGH,100
3 stone necklace,720,HIGH,100
925 silver earrings,720,HIGH,100
silver coin necklace,720,HIGH,100
sterling silver choker,720,HIGH,100
pink sapphire and diamond ring,720,HIGH,100
blue topaz and diamond ring,720,HIGH,100
tanzanite earrings studs,720,HIGH,100
peridot bracelet gold,720,HIGH,100
silpada necklace,720,HIGH,100
gold ring with emerald stone,720,HIGH,100
black stone necklace,720,HIGH,100
20 inch sterling silver chain,720,HIGH,100
gold and silver hoop earrings,720,HIGH,100
sterling silver letter necklace,720,HIGH,100
amethyst wedding ring set,720,HIGH,100
vintage opal engagement rings,720,HIGH,100
sterling earrings,720,HIGH,100
18 inch sterling silver chain,720,HIGH,100
diamond and emerald tennis bracelet,720,HIGH,100
purple stone ring,720,HIGH,100
silpada bracelets,720,HIGH,100
silver skull ring,720,HIGH,100
cuban bracelet silver,720,HIGH,100
initial ring silver,720,HIGH,100
sapphire birthstone ring,720,HIGH,100
silver jewlery sets,720,HIGH,100
natural stone jewelry,720,HIGH,100
large silver hoops,720,HIGH,100
opal diamond necklace,720,HIGH,100
three stone necklace,720,HIGH,100
rainbow moonstone ring,720,HIGH,100
vintage gemstone rings,720,HIGH,100
mens leather and silver bracelet,720,HIGH,100
david yurman box chain necklace,720,HIGH,100
designer silver bracelet,720,HIGH,100
garnet earrings silver,720,HIGH,100
peridot ring silver,720,HIGH,100
real silver jewlery,720,HIGH,100
smoky quartz necklace,720,HIGH,100
gemstone wholesale,720,HIGH,99
aventurine bracelet,720,HIGH,100
silver chain earrings,720,HIGH,100
turquoise stone ring,720,HIGH,100
mens sapphire necklace,720,HIGH,100
rhodolite garnet ring,720,HIGH,100
topaz and diamond ring,720,HIGH,100
kunzite ring,720,HIGH,100
sterling silver heart earrings,720,HIGH,100
gold sapphire engagement rings,720,HIGH,99
turquoise stone necklace,720,HIGH,100
silver chandelier earrings,720,HIGH,100
pink sapphire wedding band,720,HIGH,100
sterling silver flat back earrings,720,HIGH,100
stone pendant necklace,720,HIGH,100
silver band ring womens,720,HIGH,100
blue topaz diamond ring,720,HIGH,100
emerald cut emerald necklace,720,HIGH,100
smoky quartz bracelet,720,HIGH,100
ethiopian opal ring,720,HIGH,100
birthstone eternity band,720,HIGH,100
emerald stackable ring,720,HIGH,100
peridot stone ring,720,HIGH,100
spinel engagement ring,720,HIGH,100
natural alexandrite rings tiffany,720,HIGH,100
emerald green wedding ring,720,HIGH,100
green gemstone ring,720,HIGH,100
blue sapphire gold ring,720,HIGH,100
ruby ring white gold,720,HIGH,100
3 stone emerald ring,720,HIGH,100
alexandrite stone ring,720,HIGH,100
natural gemstone rings,720,HIGH,100
topaz wedding ring,720,HIGH,100
multi gemstone ring,720,HIGH,100
unique gemstone rings,720,HIGH,100
silver threader earrings,720,HIGH,100
gold ring with stone,720,HIGH,100
cheap silver jewlery,720,HIGH,100
sterling silver band,720,HIGH,100
pearl and sapphire ring,720,HIGH,100
silver van cleef necklace,720,HIGH,100
amethyst gold bracelet,720,HIGH,100
stone bead bracelets,720,HIGH,100
homemade jewelry,720,HIGH,87
cartier love ring silver,720,HIGH,100
gold moonstone necklace,720,HIGH,100
silver amethyst necklace,720,HIGH,100
emerald ring gold band,720,HIGH,100
999 silver cuban link chain,720,HIGH,100
silver flower necklace,720,HIGH,100
silver moissanite ring,720,HIGH,100
aquamarine silver ring,720,HIGH,100
kendra scott silver earrings,720,HIGH,94
three stone emerald ring,720,HIGH,100
sterling silver pearl ring,720,HIGH,100
mexican fire opal ring,720,HIGH,100
pure silver jewlery,720,HIGH,100
garnet cross necklace,720,HIGH,100
opal and aquamarine ring,720,HIGH,100
mens amethyst bracelet,720,HIGH,100
silver and emerald necklace,720,HIGH,100
mens emerald pendant,720,HIGH,100
sapphire flower ring,720,HIGH,100
infinity bracelet pandora,720,HIGH,100
topaz diamond ring,720,HIGH,100
mens citrine ring,720,HIGH,100
iolite ring,720,HIGH,100
lab alexandrite,720,HIGH,100
silver septum ring,720,HIGH,100
silver horseshoe necklace,720,HIGH,100
amethyst and sapphire ring,720,HIGH,100
mens sterling silver cuff bracelet,720,HIGH,100
sterling silver initial ring,720,HIGH,100
navajo beads,720,HIGH,100
green stone jewelry,720,HIGH,100
silver onyx ring,720,HIGH,100
angel wing necklace silver,720,HIGH,100
gemstone jewelry near me,720,HIGH,100
moss agate wedding band,720,HIGH,100
green jade ring,720,HIGH,100
pink sapphire diamond ring,720,HIGH,100
gold gemstone necklace,720,HIGH,100
tiffany silver cuff bracelet,720,HIGH,100
amazon silver chain,720,HIGH,97
aquamarine and ruby ring,720,HIGH,100
lab created opal rings,720,HIGH,75
gold plated silver,720,HIGH,93
montana silversmith necklace,720,HIGH,99
women opal necklace,720,HIGH,100
3 stone wedding band,720,HIGH,100
alexandrite gold ring,720,HIGH,100
opal and garnet ring,720,HIGH,100
emerald green wedding band,720,HIGH,100
real alexandrite stone,720,HIGH,100
925 sterling silver mens necklace,720,HIGH,100
purple gemstone ring,720,HIGH,100
chanel silver necklace,720,HIGH,100
silver rings near me,720,HIGH,97
celtic necklaces,720,HIGH,100
sterling silver aquamarine ring,720,HIGH,100
van cleef silver,720,HIGH,100
silver rings with stones,720,HIGH,100
topaz wedding band,720,HIGH,100
silver spoon rings,720,HIGH,100
stone pendants,720,HIGH,100
amethyst and ruby ring,720,HIGH,100
moss agate gold ring,720,HIGH,100
chamilia charm bracelet,720,HIGH,100
amethyst and peridot ring,720,HIGH,100
vintage amethyst engagement ring,720,HIGH,100
24 inch chain on man,720,HIGH,100
navajo bracelet,720,HIGH,100
enewton silver bracelets,720,HIGH,100
silver chain near me,720,HIGH,100
opal ring band,720,HIGH,100
vintage tanzanite ring,720,HIGH,100
pure silver jewerly,720,HIGH,100
montana silversmith cross necklace,720,HIGH,100
handcrafted earrings,720,HIGH,98
moss agate pendant,720,HIGH,100
handmade native american jewelry,720,HIGH,98
gia certified gemstones,720,MEDIUM,60
emerald stone jewellery,720,HIGH,100
silver coin ring,720,HIGH,100
unique stones for rings,720,HIGH,100
tiffany cuff bracelet silver,720,HIGH,100
gemstone cross necklace,720,HIGH,100
purple gem ring,720,HIGH,100
october gemstone birthstone,720,HIGH,96
sterling silver blue topaz ring,720,HIGH,100
925 italy necklace,720,HIGH,100
gemstone cabochons,720,HIGH,100
amethyst stone jewellery,720,HIGH,99
yellow topaz birthstone,720,HIGH,100
turquoise gemstone ring,720,HIGH,100
michaels gemstones,720,HIGH,98
black stone ring gold,720,HIGH,100
handmade copper jewelry,720,MEDIUM,63
blue purple gemstone,720,HIGH,95
copper jewelry handmade,720,MEDIUM,63
stone ring silver,720,HIGH,100
pandora bracelet tarnished,720,LOW,4
emerald pendant in gold,720,HIGH,100
godinger silver jewlery box,720,HIGH,88
alpaca mexico silver,720,MEDIUM,35
grammes jewelry bali,720,MEDIUM,41
handcrafted copper jewelry,720,MEDIUM,63
handcrafted native american jewelry,720,HIGH,98
handmade american indian jewelry,720,HIGH,98
ring stamped 925,720,LOW,8
birthstone pendant necklace,720,HIGH,100
london blue topaz necklace,720,HIGH,100
ruby birthstone necklace,720,HIGH,100
kay jewelers birthstone necklace,720,HIGH,100
rose quartz pendant,720,HIGH,100
crystal wedding rings,720,HIGH,100
moissanite near me,720,HIGH,69
emerald cocktail ring,720,HIGH,100
crystal beads for jewelry making,720,HIGH,100
swarovski heart earrings,720,HIGH,100
swarovski cocktail ring,720,HIGH,84
swarovski diamond ring,720,HIGH,100
clear quartz bracelet,720,HIGH,100
quartz necklace,720,HIGH,100
pandora birthstone bracelet,720,HIGH,97
crystal earrings dangle,720,HIGH,100
gorjana birthstone necklace,720,HIGH,100
london topaz,720,HIGH,100
rhinestone chain,720,HIGH,100
large statement earrings,720,HIGH,100
lab created moissanite,720,HIGH,100
1 carat moissanite,720,HIGH,100
crystal jewelry near me,720,HIGH,94
birthstone rings for mom 3 stones,720,HIGH,100
birth necklace,720,HIGH,100
swarovski choker necklace,720,HIGH,100
lab created emerald engagement rings,720,HIGH,100
selenite bracelet,720,HIGH,100
engagement rings moss agate,720,HIGH,100
platinum and emerald ring,720,HIGH,100
birthstone necklace 3 stones,720,HIGH,100
big silver hoops,720,HIGH,100
neil lane kay jewelers,720,HIGH,92
green gem ring,720,HIGH,100
swarovski wedding bands,720,HIGH,100
birthstone eternity ring,720,HIGH,100
big statement earrings,720,HIGH,100
mens birthstone jewelry,720,HIGH,100
swarovski pink necklace,720,HIGH,100
grey moissanite,720,HIGH,100
mens silver band,720,HIGH,100
cloisonne beads,720,HIGH,100
ruby necklace birthstone,720,HIGH,100
pink sapphire gold ring,720,HIGH,100
march birthstone kendra scott,720,HIGH,100
tiffany sterling silver earrings,720,HIGH,99
gold swarovski earrings,720,HIGH,100
hypoallergenic silver earrings,720,HIGH,100
emerald radiant cut,720,HIGH,100
pink sapphire wedding ring,720,HIGH,100
chunky statement rings,720,HIGH,100
rose gold and emerald ring,720,HIGH,100
mens gold sapphire ring,720,HIGH,100
women's statement earrings,720,HIGH,100
sterling silver wedding set,720,HIGH,100
couples birthstone bracelet,720,HIGH,100
three stone wedding band,720,HIGH,100
silver band for men,720,HIGH,100
multi gem ring,720,HIGH,100
bismuth ring,720,HIGH,99
emerald cut stone,720,HIGH,97
earring stacks silver,720,HIGH,100
blue topaz sterling silver ring,720,HIGH,100
grey spinel,720,HIGH,100
925 sterling silver wedding ring sets,720,HIGH,100
diamond cocktail rings vintage,720,HIGH,100
1 ct moissanite,720,HIGH,100
rhinestone brooches,720,HIGH,100
citrine ring sterling silver,720,HIGH,82
givenchy crystal flex bracelet,720,HIGH,90
lapis lazuli earrings silver,720,HIGH,100
gold silver hoop earrings,720,HIGH,100
alexandrite solitaire ring,720,HIGH,100
cabochon emerald,720,HIGH,100
pearl sapphire ring,720,HIGH,100
crystal rings wedding,720,HIGH,100
gray moissanite,720,HIGH,100
crystal wedding band,720,HIGH,100
garnet ring gold vintage,720,HIGH,100
kendra scott march birthstone,720,HIGH,100
silver and onyx ring,720,HIGH,100
sterling silver horseshoe earrings,720,HIGH,86
925 silver stud earrings,720,HIGH,100
sterling silver crown ring,720,HIGH,96
sterling silver puzzle rings,720,MEDIUM,55
bangle swarovski,720,HIGH,100
gray spinel,720,HIGH,100
dinner rings antique,720,HIGH,100
swarovski earrings on sale,720,HIGH,100
sterling silver dragon ring,720,HIGH,100
lapis earrings silver,720,HIGH,100
garnet and silver earrings,720,HIGH,100
silver gem rings,720,HIGH,100
silver large hoops,720,HIGH,100
swarovski jewelry necklace,720,HIGH,100
swarovski gold stud earrings,720,HIGH,100
bracelet selenite,720,HIGH,100
chainlink earrings,720,HIGH,100
danecraft cubic zirconia,720,HIGH,96
swarovski crystal heart earrings,720,HIGH,100
moonstone earrings sterling silver,720,HIGH,100
vivianite jewelry,720,HIGH,100
james avery turquoise ring,720,HIGH,100
three stone necklaces,720,HIGH,100
silver big hoops,720,HIGH,100
pink swarovski crystal necklace,720,HIGH,100
statement earrings for women,720,HIGH,100
waterford crystal cross necklace,720,HIGH,68
women blue topaz ring,720,HIGH,100
ear wire,720,HIGH,100
ruby red birthstone,720,HIGH,96
cocktail ring emerald,720,HIGH,100
big hoops silver,720,HIGH,100
price of tanzanite per carat,720,HIGH,100
antique diamond cocktail rings,720,HIGH,100
vintage dinner ring,720,HIGH,100
sterling silver shrimp earrings,720,HIGH,100
peridot gemstone rings,720,HIGH,100
citrine ring costco,720,HIGH,84
blue topaz cost,720,HIGH,99
wedding ring crystal,720,HIGH,100
925 earrings silver,720,HIGH,100
sterling silver concho earrings,720,HIGH,89
silver cameo ring,720,MEDIUM,58
ab rhinestone,720,HIGH,100
vintage rock crystal necklace,720,HIGH,80
tiffany and co sterling silver earrings,720,HIGH,99
spiritual necklaces,720,HIGH,100
sleeping earrings,720,HIGH,100
david yurman bead bracelet,720,HIGH,99
moonstone necklace gold,720,HIGH,100
turquoise jewelry rings,720,HIGH,100
turquoise jewelry necklace,720,HIGH,100
native american turquoise earrings,720,HIGH,100
turquoise wedding ring set,720,HIGH,100
southwest turquoise jewelry,720,MEDIUM,42
white buffalo turquoise ring,720,HIGH,100
navajo turquoise necklace,720,HIGH,100
vintage turquoise necklace,720,HIGH,100
turquoise gemstone necklace,720,HIGH,100
vintage navajo turquoise earrings,720,HIGH,100
pink turquoise jewelry,720,HIGH,100
blue turquoise jewelry,720,HIGH,100
multi strand turquoise necklace,720,HIGH,100
sleeping beauty turquoise bead necklace,720,HIGH,100
vintage moonstone necklace,720,HIGH,86
navajo mens rings,720,HIGH,100
david yurman bracelet beads,720,HIGH,99
gold and moonstone necklace,720,HIGH,100
turquoise and coral earrings,720,HIGH,100
pearl and turquoise ring,720,HIGH,99
turquoise wedding band set,720,HIGH,100
turquoise gem necklace,720,HIGH,100
925 sterling silver wedding rings,720,HIGH,100
turquoise shell necklace,720,HIGH,100
brighton turquoise bracelet,720,HIGH,78
turquoise diamonds,720,HIGH,100
yurman bead bracelet,720,HIGH,99
moonstone and gold necklace,720,HIGH,100
indian turquoise earrings,720,HIGH,100
antique turquoise necklace,720,HIGH,100
925 sterling silver bridal sets,720,HIGH,100
mens turquoise and coral rings,720,HIGH,77
native american earrings turquoise,720,HIGH,100
lucky brand turquoise necklace,720,HIGH,99
turquoise gem ring,720,HIGH,100
african turquoise jewelry,720,HIGH,98
turquoise and coral bracelet,720,HIGH,97
copper and turquoise,720,HIGH,99
sterling silver turquoise cross necklace,720,HIGH,91
turquoise pearl ring,720,HIGH,99
925 stamped on a ring,720,LOW,8
american indian turquoise earrings,720,HIGH,100
carnelian agate jewelry,720,HIGH,93
citrine and sterling silver ring,720,HIGH,82
citrine rings in sterling silver,720,HIGH,82
coral turquoise earrings,720,HIGH,100
diamond and turquoise,720,HIGH,100
diamond turquoise,720,HIGH,100
harley davidson turquoise ring,720,LOW,30
long oval turquoise ring,720,HIGH,93
moonstone chip necklace,720,HIGH,72
multi stone turquoise ring,720,HIGH,93
old turquoise necklace,720,HIGH,100
ring hallmark 925,720,LOW,8
sterling silver and citrine ring,720,HIGH,82
sterling silver turquoise cross pendant,720,HIGH,91
thai 925 ring,720,LOW,9
tibet turquoise,720,HIGH,100
tigers eye roman soldier ring,720,MEDIUM,50
tigers necklace,720,HIGH,100
turquoise and diamond wedding ring sets,720,HIGH,100
turquoise and shell necklace,720,HIGH,100
turquoise cluster pendant,720,HIGH,100
turquoise coral bracelet,720,HIGH,97
turquoise cost,720,HIGH,75
turquoise fake,720,HIGH,95
turquoise ring stone,720,HIGH,100
vintage green turquoise ring,720,MEDIUM,49
vintage moonstone bead necklace,720,LOW,32
vintage moonstone pendant,720,HIGH,86
vintage tiger eye bracelet,720,MEDIUM,34
zuni bird ring,720,MEDIUM,42
real emerald necklace,590,HIGH,100
opal engagement ring set,590,HIGH,100
family birthstone bracelet,590,HIGH,100
wholesale sterling silver,590,HIGH,100
real opal necklace,590,HIGH,100
silver st christopher necklace,590,HIGH,100
march birthstone earrings,590,HIGH,100
chunky silver hoop earrings,590,HIGH,100
silver bar necklace,590,HIGH,100
custom gemstone rings,590,HIGH,100
boho engagement rings,590,HIGH,100
best silver chains for men,590,HIGH,100
blue stone earrings,590,HIGH,100
august birthstone earrings,590,HIGH,100
sapphire hoop earrings,590,HIGH,100
sapphire studs,590,HIGH,100
wholesale gemstone beads,590,HIGH,100
aquamarine pendant necklace,590,HIGH,100
ceylon sapphire ring,590,HIGH,100
blue sapphire pendant,590,HIGH,100
long silver earrings,590,HIGH,100
blue topaz pendant,590,HIGH,100
yellow topaz necklace,590,HIGH,100
multiple birthstone bracelet,590,HIGH,100
ring settings for loose stones,590,HIGH,100
rainbow sapphire bracelet,590,HIGH,100
morganite bracelet,590,HIGH,100
gemstone buyers near me,590,HIGH,71
silver ball necklace,590,HIGH,100
stone rings for women,590,HIGH,100
22 inch silver chain,590,HIGH,100
bohemian earrings,590,HIGH,100
star sapphire engagement ring,590,HIGH,100
amethyst earrings silver,590,HIGH,100
silver birthstone necklace,590,HIGH,100
aquamarine stone necklace,590,HIGH,100
silver necklace and earring set,590,HIGH,100
garnet tennis bracelet,590,HIGH,100
mens box chain necklace,590,HIGH,100
aquamarine eternity band,590,HIGH,100
levian opal ring,590,HIGH,100
plain silver ring,590,HIGH,100
aquamarine and diamond engagement ring,590,HIGH,100
unique sapphire engagement rings,590,HIGH,100
sapphire halo ring,590,HIGH,100
sterling silver layered necklace,590,HIGH,99
swiss blue topaz ring,590,HIGH,100
labradorite engagement ring,590,HIGH,100
garnet pendant necklace,590,HIGH,100
silver chain link necklace,590,HIGH,100
rose gold sapphire ring,590,HIGH,100
citrine necklace gold,590,HIGH,100
white gold amethyst ring,590,HIGH,100
sterling silver nose stud,590,HIGH,100
oval sapphire ring,590,HIGH,100
sterling silver diamond necklace,590,HIGH,100
pink tourmaline bracelet,590,HIGH,100
cheap silver rings,590,HIGH,99
wedding earrings silver,590,HIGH,100
pear shaped emerald ring,590,HIGH,100
custom silver rings,590,HIGH,100
moss agate promise ring,590,HIGH,100
hammered silver ring,590,HIGH,100
levian emerald ring,590,HIGH,100
rose gold amethyst ring,590,HIGH,100
silver designer earrings,590,HIGH,100
silver dome ring,590,HIGH,100
blue nile sapphire ring,590,MEDIUM,48
big silver earrings,590,HIGH,99
dragonfly necklace silver,590,HIGH,100
emerald wedding ring sets,590,HIGH,100
amethyst and diamond engagement ring,590,HIGH,100
lab created sapphire necklace,590,HIGH,99
colored stone engagement rings,590,HIGH,100
tsavorite garnet ring,590,HIGH,100
birthstone bands,590,HIGH,100
real moonstone ring,590,HIGH,100
real silver bracelet,590,HIGH,100
art deco sapphire ring,590,HIGH,100
gold ring with green stone,590,HIGH,100
aquamarine diamond engagement ring,590,HIGH,100
men's sapphire ring,590,HIGH,100
large emerald ring,590,HIGH,100
thin silver hoop earrings,590,HIGH,100
garnet stone ring,590,HIGH,100
sterling silver cuban link bracelet,590,HIGH,100
silver drop necklace,590,HIGH,100
mens sapphire bracelet,590,HIGH,100
dior bracelet silver,590,HIGH,100
aquamarine necklace silver,590,HIGH,100
silver body chain,590,HIGH,100
silver toggle necklace,590,HIGH,100
sterling silver cross earrings,590,HIGH,98
sterling silver initial bracelet,590,HIGH,100
yogo sapphire ring,590,HIGH,100
sapphire and diamond anniversary band,590,HIGH,100
lab created white sapphire engagement rings,590,HIGH,88
peridot birthstone ring,590,HIGH,100
blue tiger eye bracelet,590,HIGH,100
bloodstone necklace,590,HIGH,100
sterling silver moon necklace,590,HIGH,100
gingerbread earrings,590,HIGH,99
mens silver band ring,590,HIGH,100
tiffany silver chain,590,HIGH,100
silver clover bracelet,590,HIGH,100
hippie earrings,590,HIGH,100
bloodstone bracelet,590,HIGH,100
moss agate mens ring,590,HIGH,100
ethiopian opal necklace,590,HIGH,100
citrine gold necklace,590,HIGH,100
black spinel ring,590,HIGH,100
sterling silver toggle necklace,590,HIGH,100
gemstone drop earrings,590,HIGH,100
three stone sapphire ring,590,HIGH,100
dainty sterling silver necklace,590,HIGH,100
blue topaz wedding ring,590,HIGH,100
swarovski silver necklace,590,HIGH,100
citrine wedding ring,590,HIGH,100
multi gemstone bracelet,590,HIGH,100
artisan jewelry near me,590,HIGH,100
larimar pendant,590,HIGH,100
evil eye ring silver,590,HIGH,100
cute silver necklaces,590,HIGH,100
rainbow gemstone necklace,590,HIGH,100
multi stone ring,590,HIGH,100
star ruby ring,590,HIGH,100
gemstones for jewelry making,590,HIGH,100
sodalite bracelet,590,HIGH,100
swarovski silver bracelet,590,HIGH,100
silver snowflake necklace,590,HIGH,100
aquamarine ring yellow gold,590,HIGH,100
silver statement ring,590,HIGH,100
sapphire september birthstone,590,HIGH,100
silver snake bracelet,590,HIGH,100
red coral bracelet,590,HIGH,100
3 stone sapphire ring,590,HIGH,100
blue topaz wedding band,590,HIGH,100
natural stone necklaces,590,HIGH,100
amethyst crystal ring,590,HIGH,100
luna norte necklace,590,HIGH,100
silver flat back earrings,590,HIGH,100
stones for jewelry making,590,HIGH,100
cushion cut emerald ring,590,HIGH,100
sapphire and pearl necklace,590,HIGH,100
bohemian necklace,590,HIGH,100
mens blue topaz ring,590,HIGH,100
silversmith jewelry,590,HIGH,97
white gold tanzanite ring,590,HIGH,100
montana silversmith earrings,590,HIGH,100
silver crucifix pendant,590,HIGH,100
tanzanite gold ring,590,HIGH,100
aquamarine stone jewelry,590,HIGH,100
citrine wedding band,590,HIGH,100
sterling silver clay,590,HIGH,99
sterling silver post earrings,590,HIGH,100
etsy silver rings,590,HIGH,100
jade stone ring,590,HIGH,100
mens opal bracelet,590,HIGH,100
tiger eye stone bracelet,590,HIGH,100
silver crescent moon necklace,590,HIGH,99
blue lace agate bracelet,590,HIGH,100
black and silver necklace,590,HIGH,100
amethyst and aquamarine ring,590,HIGH,100
sterling silver cubic zirconia earrings,590,HIGH,100
amazon silver necklace,590,HIGH,100
blue gemstone ring,590,HIGH,100
sterling silver butterfly earrings,590,HIGH,99
alexandrite birthstone rings,590,HIGH,100
sterling silver heart pendant,590,HIGH,92
natural gemstone jewelry,590,HIGH,100
silver sideways cross necklace,590,HIGH,100
simple silver engagement rings,590,HIGH,100
14k gold opal ring,590,HIGH,100
gold over sterling silver,590,HIGH,100
rose gold and sapphire ring,590,HIGH,100
pink stone jewelry,590,HIGH,100
925 sterling silver rope chain,590,HIGH,100
real opal jewellery,590,HIGH,100
silver shell necklace,590,HIGH,100
garnet and sapphire ring,590,HIGH,100
peridot and sapphire ring,590,HIGH,100
gemstone bead bracelets,590,HIGH,100
boho moon jewelry,590,HIGH,94
vintage silver necklace,590,HIGH,100
kendra scott rings silver,590,HIGH,96
black onyx and diamond ring,590,HIGH,100
amethyst bead necklace,590,HIGH,100
garnet solitaire ring,590,HIGH,100
bracelet rhodonite,590,HIGH,100
worry stone necklace,590,HIGH,99
amazon sterling silver earrings,590,HIGH,75
pearl birthstone ring,590,HIGH,100
different stones for engagement rings,590,HIGH,100
sterling silver slider bracelet,590,MEDIUM,58
homemade earrings,590,HIGH,97
925 silver pendant,590,HIGH,100
garnet and amethyst ring,590,HIGH,100
precious stone jewellery,590,HIGH,100
mens sapphire pendant,590,HIGH,100
montana silversmith bracelet,590,HIGH,99
aquamarine and peridot ring,590,HIGH,100
opal and peridot ring,590,HIGH,100
silver thumb ring womens,590,HIGH,100
dragonfly pandora charm,590,HIGH,100
brown stone ring,590,HIGH,100
gem drop earrings,590,HIGH,100
synthetic alexandrite,590,HIGH,100
sterling silver opal earrings,590,HIGH,100
black onyx diamond ring,590,HIGH,100
tiffany and co bracelet 925,590,HIGH,99
black silver necklace,590,HIGH,100
big emerald ring,590,HIGH,100
silver prom jewelry,590,HIGH,100
18 inch chain on man,590,HIGH,100
antique peridot ring,590,HIGH,100
boho layered necklace,590,HIGH,100
boho chic jewelry,590,HIGH,100
long boho necklace,590,HIGH,100
silver filigree ring,590,HIGH,100
sterling silver leverback earrings,590,HIGH,100
handmade turquoise jewelry,590,HIGH,100
pearl and opal ring,590,HIGH,100
september stone birthstone,590,HIGH,100
gems for jewelry making,590,HIGH,100
vintage silver bracelet,590,HIGH,100
silver necklace jewelry,590,HIGH,100
emerald gold jewellery,590,HIGH,100
chanel bracelet silver,590,HIGH,100
925 italy bracelet,590,HIGH,99
opal jewellery set,590,HIGH,100
red stone jewelry,590,HIGH,100
august gemstone birthstone,590,HIGH,100
sterling silver flower ring,590,HIGH,100
orange birthstone,590,HIGH,95
boho necklace long,590,HIGH,100
green aventurine ring,590,HIGH,100
antique silver jewlery,590,HIGH,100
may 10 birthstone,590,HIGH,100
silver masonic rings,590,HIGH,100
july 14 birthstone,590,HIGH,98
stone bracelet for ladies,590,HIGH,100
gemstone dangle earrings,590,HIGH,100
etsy earrings handmade,590,HIGH,99
sterling silver near me,590,HIGH,83
pink stone ring gold,590,HIGH,100
july 1 birthstone,590,HIGH,100
moonstone bead bracelet,590,HIGH,100
july 3rd birthstone,590,HIGH,100
july 20 birthstone,590,HIGH,99
july 3 birthstone,590,HIGH,100
boho style engagement rings,590,HIGH,100
may 3 birthstone,590,HIGH,90
prehnite ring,590,HIGH,100
14k silver,590,MEDIUM,42
gemstone chain,590,HIGH,100
tiffany 925 bracelet,590,HIGH,99
ruby july birthstone,590,HIGH,100
september 3rd birthstone,590,HIGH,98
concho necklace,590,HIGH,100
ametrine gemstone,590,HIGH,79
january 3 birthstone,590,HIGH,98
godinger jewelry box,590,HIGH,100
peach colored gemstone,590,HIGH,97
hand crafted bracelets,590,LOW,16
handmade beaded necklace,590,HIGH,100
silver oxidized jewelry,590,HIGH,100
stone rings for ladies,590,HIGH,100
artisan jewellery near me,590,HIGH,100
stone bracelet for women,590,HIGH,100
fine silver plated,590,MEDIUM,34
boho chic engagement rings,590,HIGH,100
handmade copper bracelet,590,HIGH,70
mesh tiffany bracelet,590,HIGH,100
layered necklace boho,590,HIGH,100
bohemian chic jewelry,590,HIGH,100
handcrafted beaded necklace,590,HIGH,100
handcrafted copper bracelets,590,HIGH,70
handcrafted turquoise jewelry,590,HIGH,100
home made ear rings,590,HIGH,97
homemade bead necklace,590,HIGH,100
turquoise handcrafted jewelry,590,HIGH,100
turquoise jewelry handmade,590,HIGH,100
emerald birthstone necklace,590,HIGH,100
zales birthstone necklace,590,HIGH,100
david yurman birthstone bracelet,590,HIGH,100
mothers ring 7 stones,590,HIGH,100
november birthstone earrings,590,HIGH,100
crystal stud earrings,590,HIGH,100
june birthstone earrings,590,HIGH,100
earrings for wedding,590,HIGH,100
blue topaz stud earrings,590,HIGH,100
november birthstone bracelet,590,HIGH,100
birthstone necklace for mom 3 stones,590,HIGH,99
etsy birthstone necklace,590,HIGH,100
swarovski rose gold bracelet,590,HIGH,100
david yurman citrine ring,590,HIGH,100
citrine earrings gold,590,HIGH,100
tiffany soleste,590,HIGH,100
mens crystal bracelet,590,HIGH,100
4 birthstone ring,590,HIGH,100
swarovski green earrings,590,HIGH,97
crystal cross necklace,590,HIGH,100
emerald cut emerald,590,HIGH,100
mens birthstone bracelet,590,HIGH,100
black crystal necklace,590,HIGH,100
swarovski black swan necklace,590,HIGH,100
gold cocktail ring,590,HIGH,100
aquamarine diamond,590,HIGH,99
watermelon tourmaline necklace,590,HIGH,100
14k gold birthstone necklace,590,HIGH,98
4 stone birthstone ring,590,HIGH,100
swarovski swan bracelet,590,HIGH,100
blue tigers eye bracelet,590,HIGH,100
zales birthstone bracelet,590,HIGH,100
blue topaz earrings studs,590,HIGH,100
aquamarine rings yellow gold,590,HIGH,100
birthstone rings for mom 2 stones,590,HIGH,100
french wire,590,HIGH,100
lepidolite bracelet,590,HIGH,100
swarovski pink ring,590,HIGH,100
mens black and silver wedding band,590,HIGH,100
swarovski flower necklace,590,HIGH,100
swarovski necklace price,590,HIGH,97
emerald necklace birthstone,590,HIGH,100
sky blue topaz ring,590,HIGH,100
crystal bead necklace,590,HIGH,100
etsy birthstone ring,590,HIGH,100
citrine earrings studs,590,HIGH,100
emerald cut sapphire engagement ring,590,HIGH,100
amethyst diamond engagement ring,590,HIGH,100
blue gem ring,590,HIGH,100
moss agate wedding ring sets,590,HIGH,100
silver diamond wedding band,590,HIGH,100
swarovski heart ring,590,HIGH,100
august birthstone kendra scott,590,HIGH,100
november birthstone kendra scott,590,HIGH,100
swarovski ring size,590,HIGH,85
sapphire and diamond gold ring,590,HIGH,100
silver diamond wedding ring,590,HIGH,100
childrens sterling silver earrings,590,HIGH,100
champagne moissanite,590,HIGH,100
swarovski bracelet silver,590,HIGH,100
heidi daus necklaces,590,HIGH,100
sterling silver class rings,590,HIGH,100
orange rhinestones,590,HIGH,100
pink sapphire stone,590,HIGH,100
black and silver mens ring,590,HIGH,100
silver thumb ring for women,590,HIGH,100
silver thumb ring ladies,590,HIGH,100
blue topaz birthstone month,590,HIGH,84
peridot solitaire ring,590,HIGH,100
plain silver band,590,HIGH,100
engagement ring with blue stone,590,HIGH,100
multiple stone engagement ring,590,HIGH,100
sterling silver gothic rings,590,HIGH,100
sapphire necklace mens,590,HIGH,100
stackable opal ring,590,HIGH,100
january birthstone kendra scott,590,HIGH,100
citrine birthstone month,590,HIGH,75
silver ear cuffs for unpierced ears,590,HIGH,100
solid gold birthstone ring,590,HIGH,100
gemstone earrings dangle,590,HIGH,100
mom ring with 2 birthstones,590,HIGH,100
earring and necklace set silver,590,HIGH,100
liz palacios earrings,590,HIGH,96
evil eye necklace charm,590,HIGH,100
earrings blue stone,590,HIGH,100
pandora silver hoops,590,HIGH,100
kendra scott august birthstone,590,HIGH,100
aquamarine marquise ring,590,HIGH,100
four birthstone ring,590,HIGH,100
pink swarovski bracelet,590,HIGH,100
pale blue sapphire ring,590,HIGH,100
kendra scott january birthstone,590,HIGH,100
kendra scott november birthstone,590,HIGH,100
swarovski key ring,590,HIGH,100
vintage silver engagement rings,590,HIGH,100
affordable silver rings,590,HIGH,99
925 sterling silver engagement ring,590,HIGH,100
sterling silver mens rings vintage,590,HIGH,100
red jasper earrings,590,HIGH,97
turquoise cross earrings,590,HIGH,100
silver bow ring,590,HIGH,100
mother daughter rings sterling silver,590,HIGH,83
personalized silver ring,590,HIGH,100
amethyst flower ring,590,HIGH,100
lapis lazuli ring gold,590,HIGH,100
silver and amethyst earrings,590,HIGH,100
opal and tanzanite ring,590,HIGH,100
vintage sapphire and diamond cluster ring,590,HIGH,89
ab stones,590,HIGH,71
blue moissanite rings,590,HIGH,100
black and silver jewlery,590,HIGH,98
sterling silver cz earrings,590,HIGH,100
opal stud earrings sterling silver,590,HIGH,100
silver necklace earring set,590,HIGH,100
vintage garnet engagement rings,590,HIGH,100
emerald sapphire,590,HIGH,98
rose quartz sterling silver ring,590,HIGH,100
2 birthstone rings for mom,590,HIGH,100
crystal pearls,590,MEDIUM,60
citrine bead necklace,590,HIGH,100
sterling silver nose jewelry,590,HIGH,100
womens silver dangle earrings,590,HIGH,100
cost of blue sapphire,590,HIGH,98
sapphire cuts,590,HIGH,97
lapis lazuli ring silver,590,HIGH,100
gold sapphire,590,HIGH,100
silver marquise ring,590,HIGH,100
big earrings silver,590,HIGH,99
silver hoops pandora,590,HIGH,100
cost of emerald stone,590,HIGH,100
black and silver rings mens,590,HIGH,100
vintage silver hoop earrings,590,HIGH,100
emerald cut ruby rings,590,HIGH,100
silver thumb ring for ladies,590,HIGH,100
rhinestones amazon,590,HIGH,93
silver dangle earrings for women,590,HIGH,100
cut sapphire,590,HIGH,97
bracelet lepidolite,590,HIGH,100
cross crystal necklace,590,HIGH,100
sterling silver amber ring,590,HIGH,100
sapphire carat,590,LOW,9
vintage smoky quartz ring,590,HIGH,100
ring with interchangeable stones,590,HIGH,100
gia birthstones,590,LOW,1
diamond cabochon,590,HIGH,100
james avery love ring,590,HIGH,94
imperial topaz stone,590,HIGH,100
rhinestone hearts,590,HIGH,100
rhinestone sets,590,HIGH,100
rhinestone star,590,HIGH,100
choker with crystal,590,HIGH,100
blue topaz birth month,590,HIGH,84
earrings silver long,590,HIGH,100
monet earrings silver,590,MEDIUM,60
david yurman turquoise bracelet,590,HIGH,100
david yurman turquoise ring,590,HIGH,100
citrine stud earrings,590,HIGH,100
real turquoise earrings,590,HIGH,100
carnelian earrings,590,HIGH,100
van cleef turquoise necklace,590,HIGH,100
sleeping beauty turquoise ring,590,HIGH,100
large turquoise earrings,590,HIGH,100
tiffany turquoise necklace,590,HIGH,100
cheap turquoise jewelry,590,HIGH,100
vintage moonstone ring,590,HIGH,100
turquoise and gold,590,HIGH,100
green turquoise ring,590,HIGH,100
navajo turquoise earrings,590,HIGH,100
turquoise heart ring,590,HIGH,100
large turquoise necklace,590,HIGH,100
antique moonstone ring,590,HIGH,100
citrine and gold earrings,590,HIGH,100
big turquoise earrings,590,HIGH,100
copper and turquoise jewelry,590,HIGH,100
affordable turquoise jewelry,590,HIGH,100
yurman turquoise bracelet,590,HIGH,100
vintage navajo turquoise cuff bracelet,590,HIGH,100
zuni rings,590,HIGH,100
mens gold turquoise ring,590,HIGH,100
barse turquoise earrings,590,HIGH,97
james avery turquoise earrings,590,HIGH,80
turquoise squash necklace,590,HIGH,100
turquoise cluster ring,590,HIGH,100
mens turquoise rings gold,590,HIGH,100
big turquoise necklace,590,HIGH,100
van cleef and arpels turquoise necklace,590,HIGH,100
inexpensive turquoise jewelry,590,HIGH,100
mens gold and turquoise ring,590,HIGH,100
zuni turquoise ring,590,HIGH,100
gold and citrine necklace,590,HIGH,100
spiderweb turquoise,590,HIGH,100
sterling silver ring with turquoise stone,590,HIGH,100
turquoise link bracelet,590,HIGH,100
james avery turtle ring,590,HIGH,95
copper turquoise bracelet,590,HIGH,100
copper and turquoise bracelet,590,HIGH,100
yurman turquoise ring,590,HIGH,100
barse turquoise ring,590,HIGH,88
butterfly turquoise ring,590,HIGH,100
square turquoise earrings,590,HIGH,99
vintage moonstone earrings,590,HIGH,87
royston turquoise earrings,590,HIGH,100
amber and turquoise necklace,590,HIGH,100
tiffany and co turquoise necklace,590,HIGH,100
vintage carnelian ring,590,HIGH,75
turquoise gold ring mens,590,HIGH,100
golden hills turquoise jewelry,590,HIGH,100
stud citrine earrings,590,HIGH,100
liquid silver and turquoise necklace,590,HIGH,100
navajo turquoise cross pendant,590,HIGH,99
gold turquoise mens ring,590,HIGH,100
copper turquoise jewelry,590,HIGH,100
vintage navajo rings,590,HIGH,94
vintage moonstone bracelet,590,HIGH,77
sonoran gold turquoise jewelry,590,HIGH,100
turquoise concho earrings,590,HIGH,100
antique carnelian ring,590,HIGH,75
turquoise jewelry nearby,590,HIGH,100
antique carnelian jewelry,590,MEDIUM,42
925 cn fzn diamond ring,590,MEDIUM,60
925 la ring,590,LOW,4
amber turquoise necklace,590,HIGH,100
antique citrine bracelet,590,MEDIUM,35
avon turquoise ring,590,MEDIUM,36
cluster turquoise ring,590,HIGH,100
concho turquoise earrings,590,HIGH,100
dark green turquoise ring,590,MEDIUM,56
huge turquoise necklace,590,HIGH,100
liquid silver turquoise necklace,590,HIGH,100
lucky brand bracelet turquoise,590,HIGH,86
mexican turquoise bracelet,590,HIGH,92
moonstone earrings vintage,590,HIGH,87
navajo bear claw ring,590,MEDIUM,59
navajo bracelets vintage,590,HIGH,100
old pawn turquoise mens rings,590,MEDIUM,48
pscl 925,590,MEDIUM,35
ring stamped 925 with star,590,HIGH,67
silver tiger eye pendant,590,MEDIUM,56
tiffany necklace turquoise,590,HIGH,100
tiger eye blue bracelet,590,HIGH,100
tiger eye silver pendant,590,MEDIUM,56
tigers earrings,590,HIGH,98
turquoise and coral pendant,590,HIGH,100
turquoise cluster necklace,590,HIGH,100
turquoise earrings large,590,HIGH,100
turquoise nature,590,HIGH,100
turquoise slab necklace,590,HIGH,100
turquoise stone cross necklace,590,HIGH,81
turtle james avery ring,590,HIGH,95
vintage carnelian jewelry,590,MEDIUM,42
vintage moon stone ring,590,HIGH,100
zuni sunface ring,590,HIGH,86
hug ring silver,480,HIGH,100
mens leather bracelet personalized,480,HIGH,100
custom name necklace silver,480,HIGH,100
aquamarine necklace white gold,480,HIGH,100
real sapphire necklace,480,HIGH,100
custom silver necklace,480,HIGH,100
initial bracelet silver,480,HIGH,100
mama necklace silver,480,HIGH,100
black sapphire engagement ring,480,HIGH,100
wholesale crystal beads,480,HIGH,100
october birthstone earrings,480,HIGH,100
green stone earrings,480,HIGH,100
lab emerald ring,480,HIGH,100
grandchildren birthstone necklace,480,HIGH,100
real silver hoop earrings,480,HIGH,100
platinum sapphire ring,480,HIGH,100
emerald necklace white gold,480,HIGH,100
tanzanite tennis bracelet,480,HIGH,100
aquamarine and diamond necklace,480,HIGH,100
white opal necklace,480,HIGH,100
name rings silver,480,HIGH,100
effy emerald ring,480,HIGH,100
pink stone necklace,480,HIGH,100
aquamarine cocktail ring,480,HIGH,100
blue sapphire tennis bracelet,480,HIGH,100
silver diamond hoop earrings,480,HIGH,100
blue stone bracelet,480,HIGH,100
silver heart pendant,480,HIGH,100
natural sapphire engagement rings,480,HIGH,100
oval sapphire engagement rings,480,HIGH,100
black spinel necklace,480,HIGH,100
small silver earrings,480,HIGH,100
k necklace silver,480,HIGH,100
aquamarine diamond necklace,480,HIGH,100
citrine crystal necklace,480,HIGH,100
sterling silver bar necklace,480,HIGH,98
thin silver bracelet,480,HIGH,100
silver circle necklace,480,HIGH,100
pink morganite engagement ring,480,HIGH,100
black onyx pendant,480,HIGH,100
opal necklace white gold,480,HIGH,100
sterling silver medical alert bracelet,480,HIGH,100
blue topaz necklace gold,480,HIGH,100
opal bracelet silver,480,HIGH,100
adjustable silver ring,480,HIGH,100
sterling silver hoop earrings medium,480,HIGH,100
emerald gemstone ring,480,HIGH,100
silver knot earrings,480,HIGH,100
silver birthstone bracelet,480,HIGH,100
silver snake necklace,480,HIGH,100
gemstone wedding bands,480,HIGH,100
3 carat emerald ring,480,HIGH,100
howlite bracelet,480,HIGH,100
silver diamond engagement rings,480,HIGH,100
silver rope necklace,480,HIGH,100
unique mens silver bracelets,480,HIGH,100
sterling silver ball earrings,480,HIGH,100
grandkids birthstone necklace,480,HIGH,100
aquamarine rose gold ring,480,HIGH,100
chunky silver chain necklace,480,HIGH,100
citrine crystal bracelet,480,HIGH,100
moss agate engagement ring set,480,HIGH,100
malachite pendant,480,HIGH,100
natural stone bracelets,480,HIGH,100
citrine tennis bracelet,480,HIGH,100
2 carat emerald ring,480,HIGH,100
chunky sterling silver necklace,480,HIGH,100
hammered silver earrings,480,HIGH,100
coin earrings,480,HIGH,100
designer silver necklace,480,HIGH,100
peridot ring white gold,480,HIGH,100
sterling silver earring sets,480,HIGH,100
y necklace silver,480,HIGH,100
amethyst eternity band,480,HIGH,100
black gemstone ring,480,HIGH,100
sterling silver anxiety ring,480,HIGH,100
oval emerald ring,480,HIGH,100
topaz necklace gold,480,HIGH,100
garnet bracelet gold,480,HIGH,100
white topaz engagement ring,480,HIGH,100
aquamarine wedding set,480,HIGH,100
black and silver earrings,480,HIGH,100
amethyst stackable ring,480,HIGH,100
sterling silver diamond bracelet,480,HIGH,100
silver butterfly earrings,480,HIGH,100
garnet eternity ring,480,HIGH,100
22 inch sterling silver chain,480,HIGH,100
amethyst cross necklace,480,HIGH,100
blue topaz white gold ring,480,HIGH,100
silver key ring,480,HIGH,100
diamond cut silver chain,480,HIGH,100
peridot eternity band,480,HIGH,100
silver spinner rings,480,HIGH,100
purple amethyst ring,480,HIGH,100
vintage gemstone engagement rings,480,HIGH,100
3 stone ring settings,480,HIGH,100
star sapphire necklace,480,HIGH,100
black tourmaline pendant,480,HIGH,100
citrine stone ring,480,HIGH,100
green garnet ring,480,HIGH,100
mens thin silver chain,480,HIGH,100
cuban link necklace silver,480,HIGH,100
opal pendant gold,480,HIGH,100
black and silver wedding band,480,HIGH,100
green quartz ring,480,HIGH,100
silver jewlery shop near me,480,HIGH,99
three stone ring settings,480,HIGH,100
amethyst stone ring,480,HIGH,100
citrine pendant necklace,480,HIGH,100
silver ruby necklace,480,HIGH,100
double stone ring,480,HIGH,100
natural stone rings,480,HIGH,100
cheap silver chains,480,HIGH,100
amethyst band ring,480,HIGH,100
sterling bracelets,480,HIGH,100
silver k necklace,480,HIGH,100
white sapphire wedding band,480,HIGH,100
silver choker chain,480,HIGH,100
thin silver hoops,480,HIGH,100
14k gold emerald ring,480,HIGH,100
hyo silver rings,480,HIGH,100
pandora owl charm,480,HIGH,99
real turquoise bracelet,480,HIGH,100
garnet eternity band,480,HIGH,100
emerald and diamond pendant,480,HIGH,100
green aventurine necklace,480,HIGH,100
silver chain ring,480,HIGH,100
messika move necklace,480,HIGH,100
sterling silver emerald ring,480,HIGH,100
black fire opal ring,480,HIGH,100
aquamarine wedding ring set,480,HIGH,100
green gemstone necklace,480,HIGH,100
real amethyst ring,480,HIGH,100
thin silver necklace,480,HIGH,100
green emerald bracelet,480,HIGH,99
amazonite ring,480,HIGH,100
montana silversmith rings,480,HIGH,100
white opal engagement rings,480,HIGH,100
sterling silver monogram necklace,480,HIGH,100
michael kors silver bracelet,480,HIGH,94
yellow sapphire ring for men,480,HIGH,100
mens silver engagement rings,480,HIGH,100
pearl hoop earrings silver,480,HIGH,100
alexandrite and diamond ring,480,HIGH,100
hammered silver hoop earrings,480,HIGH,100
women's silver jewlery,480,HIGH,100
real gemstone jewelry,480,HIGH,98
sapphire jewellery set,480,HIGH,100
emerald diamond pendant,480,HIGH,100
sterling silver teardrop earrings,480,HIGH,100
carnelian pendant,480,HIGH,100
boulder opal ring,480,HIGH,100
large opal ring,480,HIGH,100
tiffany 1837 bracelet,480,HIGH,100
birthstone band ring,480,HIGH,100
sterling silver anklet bracelet,480,LOW,13
silver figaro bracelet,480,HIGH,100
red coral ring,480,HIGH,100
bohemian bracelet,480,HIGH,100
long silver pendant necklace,480,HIGH,100
tiffany & co silver cross necklace womens,480,HIGH,100
bracelet howlite,480,HIGH,100
chrome diopside ring,480,HIGH,100
garnet stone jewelry,480,HIGH,100
fire opal pendant,480,HIGH,99
designer silver rings,480,HIGH,100
sun necklace silver,480,HIGH,100
pink gemstone necklace,480,HIGH,100
large gemstone rings,480,HIGH,100
blue sapphire wedding set,480,HIGH,100
spinel necklace,480,HIGH,100
silver rose ring,480,HIGH,100
wide silver cuff bracelet,480,HIGH,100
ammolite ring,480,HIGH,100
silver opal earrings,480,HIGH,100
pandora silver chain,480,HIGH,82
silver box chain necklace,480,HIGH,100
cute silver earrings,480,HIGH,100
silver pearl hoop earrings,480,HIGH,100
chunky sterling silver bracelet,480,HIGH,100
unique mens silver rings,480,HIGH,100
sterling silver lariat necklace,480,HIGH,100
demantoid garnet ring,480,HIGH,99
benitoite ring,480,HIGH,100
big silver chain,480,HIGH,100
opal and tourmaline ring,480,HIGH,100
padparadscha sapphire engagement ring,480,HIGH,100
adjustable sterling silver rings,480,HIGH,100
silver emerald engagement ring,480,HIGH,100
pink spinel ring,480,HIGH,100
gold topaz necklace,480,HIGH,100
moonstone necklace silver,480,HIGH,100
yellow gold opal ring,480,HIGH,100
gold and silver chain necklace,480,HIGH,100
turquoise chandelier earrings,480,HIGH,100
sterling silver stacking bracelets,480,HIGH,100
orange stone ring,480,HIGH,100
silver gemstone ring,480,HIGH,100
rainbow stone necklace,480,HIGH,100
white sapphire wedding rings,480,HIGH,100
sterling silver signet ring mens,480,HIGH,99
sterling silver gold earrings,480,HIGH,100
aquamarine stone engagement ring,480,HIGH,100
925 diamond ring,480,HIGH,100
pandora shell charm,480,HIGH,100
boulder opal pendant,480,HIGH,100
opal halo ring,480,HIGH,100
antique bracelets,480,HIGH,100
sterling silver collar necklace,480,HIGH,100
sterling silver key necklace,480,HIGH,95
red spinel ring,480,HIGH,100
sterling silver rose ring,480,HIGH,100
green turquoise earrings,480,HIGH,100
etsy sterling silver rings,480,HIGH,100
blue spinel ring,480,HIGH,100
garnet and emerald ring,480,HIGH,100
14k gold amethyst ring,480,HIGH,100
aventurine ring,480,HIGH,100
dachshund pandora charm,480,HIGH,100
aquamarine and pearl ring,480,HIGH,100
sterling silver rings near me,480,HIGH,100
amazon sterling silver necklace,480,MEDIUM,61
marcasite necklace,480,HIGH,99
amethyst solitaire ring,480,HIGH,100
elvis tcb necklace,480,HIGH,100
tiffany silver bead necklace,480,HIGH,100
silver filigree earrings,480,HIGH,100
white opal pendant,480,HIGH,100
handcrafted rings,480,HIGH,99
nutcracker charm,480,HIGH,100
boho style jewelry,480,HIGH,100
december birthstone tanzanite,480,HIGH,100
opal stud,480,HIGH,100
garnet and pearl ring,480,HIGH,100
ruby and peridot ring,480,HIGH,100
mens stone necklaces,480,HIGH,100
large garnet ring,480,HIGH,100
natural gemstone bracelets,480,HIGH,100
tiger eye bead bracelet,480,HIGH,100
malachite bead necklace,480,HIGH,100
opal bead bracelet,480,HIGH,100
ammonite necklace,480,HIGH,100
14k gold aquamarine ring,480,HIGH,100
vintage silver earrings,480,HIGH,100
square silver ring,480,HIGH,100
bloodstone ring mens,480,HIGH,100
large amethyst pendant,480,HIGH,100
different stones for rings,480,HIGH,100
boulder opal necklace,480,HIGH,100
black onyx silver ring,480,HIGH,100
silver spiral earrings,480,HIGH,100
women sapphire necklace,480,HIGH,100
ruby stone jewellery,480,HIGH,100
heart opal ring,480,HIGH,100
natural pink gemstones,480,HIGH,100
real sterling silver,480,HIGH,100
turkish ring,480,HIGH,96
taaffeite ring,480,HIGH,100
blue turquoise stone,480,HIGH,100
february stone birthstone,480,HIGH,99
july 5 birthstone,480,HIGH,100
mexican silver earrings,480,HIGH,100
handmade beaded earrings,480,HIGH,100
wishbone jewelry,480,HIGH,100
silver engagement ring with gold wedding band,480,HIGH,100
silver chain 925 italy price,480,HIGH,100
april 1st birthstone,480,MEDIUM,62
indian silver bracelet,480,HIGH,100
june gemstone birthstone,480,HIGH,100
yellow jade bracelet,480,HIGH,100
july 4 birthstone,480,HIGH,100
handmade mens jewelry,480,HIGH,100
carnelian stone ring,480,HIGH,100
chrysoberyl ring,480,HIGH,100
july 4th birthstone,480,HIGH,100
carnelian bead necklace,480,HIGH,100
women silver jewlery,480,HIGH,100
charoite ring,480,HIGH,100
gold sterling silver,480,HIGH,93
james avery artisan jewelry near me,480,LOW,10
black moonstone bracelet,480,HIGH,100
april 10 birthstone,480,HIGH,83
most precious gemstones,480,MEDIUM,50
handcrafted mens jewelry,480,HIGH,100
engagement silver ring for men,480,HIGH,100
beads earrings handmade,480,HIGH,100
rhodochrosite gemstone,480,HIGH,98
diopside gemstone,480,HIGH,93
topaz gemstone price,480,HIGH,96
men's handcrafted jewelry,480,HIGH,100
balinese necklace,480,HIGH,99
beaded handmade earrings,480,HIGH,100
boho fashion jewelry,480,HIGH,100
handcrafted beaded earrings,480,HIGH,100
handcrafted mens jewellery,480,HIGH,100
handcrafted rings jewelry,480,HIGH,99
handmade earrings beads,480,HIGH,100
james avery jewelry owner,480,LOW,0
james avery jewelry stores,480,HIGH,94
mens handcrafted jewelry,480,HIGH,100
necklace bali,480,HIGH,99
necklaces from bali,480,HIGH,99
turquoise coyote,480,LOW,2
crystal beads wholesale,480,HIGH,100
the moissanite company,480,HIGH,100
silver huggies,480,HIGH,100
moissanite emerald cut,480,HIGH,100
double birthstone necklace,480,HIGH,100
4 birthstone necklace,480,HIGH,100
crystal hoop earrings,480,HIGH,100
swarovski birthstone necklace,480,HIGH,100
birthstone bar necklace,480,HIGH,100
earrings swarovski,480,HIGH,100
pink statement earrings,480,HIGH,100
march birthstone bracelet,480,HIGH,100
swarovski anklet,480,HIGH,100
birthstone stud earrings,480,HIGH,100
yellow topaz earrings,480,HIGH,100
june birthstone bracelet,480,HIGH,100
swarovski necklace sale,480,HIGH,100
swarovski bangle bracelet,480,HIGH,100
thick silver hoops,480,HIGH,100
swarovski diamond earrings,480,HIGH,100
swarovski pink earrings,480,HIGH,100
birthstone necklace for mom 2 stones,480,HIGH,100
sapphire cocktail ring,480,HIGH,100
red statement earrings,480,HIGH,100
gold crystal necklace,480,HIGH,100
rose quartz wedding ring,480,HIGH,100
blue crystal necklace,480,HIGH,100
david yurman birthstone ring,480,HIGH,100
birthstone tennis bracelet,480,HIGH,100
quatrefoil necklace,480,HIGH,100
swarovski blue earrings,480,HIGH,100
emerald cut gold band,480,HIGH,100
personalized birthstone bracelet for mom,480,HIGH,97
statement stud earrings,480,HIGH,99
custom birthstone rings for mom,480,HIGH,100
black rutilated quartz ring,480,HIGH,100
emerald cut sapphire,480,HIGH,100
dainty birthstone rings,480,HIGH,100
marquise moissanite,480,HIGH,100
4 stone birthstone necklace,480,HIGH,100
swarovski blue necklace,480,HIGH,100
natural pink sapphire,480,HIGH,100
sunstone bracelet,480,HIGH,100
red crystal necklace,480,HIGH,100
herkimer diamond necklace,480,HIGH,100
jcpenney birthstone rings,480,HIGH,88
champagne sapphire,480,HIGH,100
swarovski ankle bracelet,480,HIGH,100
gold crystal earrings,480,HIGH,100
red jasper necklace,480,HIGH,100
opal cross,480,HIGH,100
bicone beads,480,HIGH,100
clear quartz ring,480,HIGH,100
birthstone bracelet silver,480,HIGH,100
mothers birthstone pendant,480,HIGH,92
lab created white sapphire ring,480,HIGH,100
james avery birthstone necklace,480,HIGH,100
1 carat sapphire,480,HIGH,100
four birthstone necklace,480,HIGH,100
moissanite cost,480,HIGH,82
pearl and crystal necklace,480,HIGH,100
dainty birthstone bracelet,480,HIGH,100
birth ring,480,HIGH,100
selenite jewelry,480,HIGH,100
swarovski jewelry set,480,HIGH,100
blue sapphire bridal set,480,HIGH,100
amethyst stacking ring,480,HIGH,100
september birthstone kendra scott,480,HIGH,100
custom birthstone rings for mothers,480,HIGH,100
halo emerald ring,480,HIGH,100
sterling silver ball stud earrings,480,HIGH,100
platinum and sapphire ring,480,HIGH,100
double hoop earrings silver,480,HIGH,100
birthstone gift for mom,480,HIGH,100
tory burch silver earrings,480,HIGH,100
green sapphire wedding band,480,HIGH,100
levian citrine ring,480,HIGH,100
garnet and peridot ring,480,HIGH,100
silver thick hoops,480,HIGH,100
sapphire and diamond,480,HIGH,100
silver diamond earrings hoops,480,HIGH,100
women's sterling silver hoop earrings,480,HIGH,100
garnet and citrine ring,480,HIGH,100
gold and crystal earrings,480,HIGH,100
swarovski crystals for jewelry making,480,HIGH,100
swarovski hello kitty necklace,480,HIGH,100
designer rings silver,480,HIGH,100
gothic silver rings,480,HIGH,100
natural alexandrite rings vintage,480,HIGH,100
crystal glass beads,480,HIGH,100
mood stone,480,HIGH,98
james avery birthstone,480,HIGH,100
mens silver and turquoise rings,480,HIGH,100
mens silver turquoise ring,480,HIGH,100
birthstone grandchildren necklace,480,HIGH,100
silver shell earrings,480,HIGH,100
pink earrings swarovski,480,HIGH,100
zales sterling silver earrings,480,HIGH,100
blue topaz necklace sterling silver,480,HIGH,99
silpada hoop earrings,480,HIGH,97
black gem rings,480,HIGH,100
simple sterling silver ring,480,HIGH,100
black and silver wedding rings,480,HIGH,100
turquoise stud earrings silver,480,HIGH,100
gold and crystal necklace,480,HIGH,100
1ct emerald,480,HIGH,100
rose quartz bead necklace,480,HIGH,100
sterling gold earrings,480,HIGH,100
moonstone earrings silver,480,HIGH,100
pink star sapphire,480,HIGH,100
swarovski hoop,480,HIGH,100
yellow rhinestones,480,HIGH,100
large diamond cocktail rings,480,HIGH,100
silver and diamond hoop earrings,480,HIGH,100
contemporary silver rings,480,MEDIUM,50
aquamarine cabochon,480,HIGH,100
amethyst and citrine ring,480,HIGH,100
cheap opal rings,480,HIGH,100
blue topaz earrings sterling silver,480,HIGH,100
silver oval ring,480,HIGH,100
mens tourmaline ring,480,HIGH,100
rose quartz wedding band,480,HIGH,100
sterling silver hoop earrings for women,480,HIGH,100
swarovski anklet bracelet,480,HIGH,100
925 sterling silver stud earrings,480,HIGH,100
statement pink earrings,480,HIGH,100
sterling silver western rings,480,HIGH,100
dark silver earrings,480,HIGH,100
sterling silver earrings gold,480,HIGH,100
sterling silver turtle ring,480,HIGH,100
big gemstone rings,480,HIGH,100
silver and opal earrings,480,HIGH,100
blue green tourmaline,480,HIGH,100
emerald and diamond cocktail ring,480,HIGH,100
sterling silver topaz ring,480,HIGH,77
silver hoops thin,480,HIGH,100
mens native american turquoise rings,480,HIGH,100
small earrings silver,480,HIGH,100
crystal pearl necklace,480,HIGH,100
silver hoops thick,480,HIGH,100
adjustable rings silver,480,HIGH,100
swarovski crystal bangle bracelet,480,HIGH,100
silver shrimp earrings,480,HIGH,100
crystal earrings hoops,480,HIGH,100
hammered earrings silver,480,HIGH,100
james avery silver earrings,480,HIGH,100
pandora bow ring silver,480,HIGH,100
necklace pink stone,480,HIGH,100
black onyx earrings sterling silver,480,HIGH,100
larimar silver ring,480,HIGH,100
amazon sterling silver hoop earrings,480,HIGH,95
amethyst cabochon ring,480,HIGH,100
deep blue sapphire,480,HIGH,100
swarovski mens rings,480,HIGH,100
gold tiger eye ring,480,HIGH,100
925 sterling silver earrings studs,480,HIGH,100
big opal ring,480,HIGH,100
cute earrings silver,480,HIGH,100
citrine garnet ring,480,HIGH,100
james avery birthstone charm,480,HIGH,98
silver hoop earrings diamonds,480,HIGH,100
pearl silver hoop earrings,480,HIGH,100
shell earrings silver,480,HIGH,100
cabochon aquamarine ring,480,HIGH,100
sterling silver 925 stud earrings,480,HIGH,100
blue necklace swarovski,480,HIGH,100
swarovski colorful necklace,480,HIGH,99
engagement silver rings for men,480,HIGH,100
ruby and diamond cocktail ring,480,HIGH,100
gold necklace crystal,480,HIGH,100
womens diamond cocktail rings,480,HIGH,100
vintage citrine necklace,480,HIGH,96
cocktail ring aquamarine,480,HIGH,100
crystal earrings gold,480,HIGH,100
sterling silver 925 earrings studs,480,HIGH,100
silver ring adjustable,480,HIGH,100
crystal rings for women,480,HIGH,100
seashell earrings silver,480,HIGH,100
cocktail ring sapphire,480,HIGH,100
shrimp earrings silver,480,HIGH,100
thick hoops silver,480,HIGH,100
women crystal rings,480,HIGH,100
lever back,480,HIGH,88
garnet citrine ring,480,HIGH,100
december and march birthstone,480,HIGH,100
quartz bead necklace,480,HIGH,81
cat's eye alexandrite,480,HIGH,100
double silver hoop earrings,480,HIGH,100
swarovski crystal bead necklace,480,HIGH,84
ring citrine stone,480,HIGH,100
swarovski crystal jewelry sets,480,HIGH,100
nephrite jade ring,480,HIGH,99
emerald diamond cocktail ring,480,HIGH,100
green calcite bracelet,480,HIGH,70
january and july birthstone,480,HIGH,100
swarovski crystal pearl,480,HIGH,92
silver cute earrings,480,HIGH,100
jan 14 birthstone,480,HIGH,100
crystal necklace blue,480,HIGH,100
diamond and ruby cocktail ring,480,HIGH,100
moonstone stud earrings,480,HIGH,100
turquoise band ring,480,HIGH,100
sleeping beauty turquoise earrings,480,HIGH,100
turquoise studs,480,HIGH,100
sleeping beauty turquoise necklace,480,HIGH,100
native american made jewelry,480,HIGH,100
native turquoise jewelry,480,HIGH,100
david yurman citrine necklace,480,HIGH,100
turquoise jewelry set,480,HIGH,100
turquoise heart earrings,480,HIGH,100
white turquoise jewelry,480,HIGH,100
large moonstone ring,480,HIGH,100
turquoise slab earrings,480,HIGH,100
navajo turquoise bracelet,480,HIGH,100
turquoise heishi necklace,480,HIGH,100
turquoise flower earrings,480,HIGH,100
kendra scott turquoise ring,480,HIGH,100
western turquoise necklace,480,HIGH,100
dry creek turquoise jewelry,480,HIGH,100
large turquoise pendant,480,HIGH,100
vintage zuni jewelry,480,HIGH,100
turquoise kendra scott,480,HIGH,100
turquoise nugget necklace,480,HIGH,100
vintage turquoise cuff bracelet,480,HIGH,100
faux turquoise jewelry,480,HIGH,100
egyptian turquoise,480,HIGH,100
turquoise disc necklace,480,HIGH,100
red turquoise jewelry,480,HIGH,100
women citrine jewelry,480,HIGH,100
ruby and moonstone ring,480,HIGH,100
citrine gold jewelry,480,MEDIUM,48
women's citrine jewelry,480,HIGH,100
turquoise butterfly ring,480,HIGH,100
silpada turquoise necklace,480,HIGH,95
bracelet en howlite,480,HIGH,100
gold tiger eye bracelet,480,HIGH,100
spiny oyster turquoise jewelry,480,HIGH,100
bisbee turquoise ring,480,HIGH,100
antique moonstone necklace,480,HIGH,96
turquoise chip necklace,480,HIGH,100
green turquoise pendant,480,HIGH,94
turquoise nugget earrings,480,MEDIUM,56
vintage gold turquoise ring,480,HIGH,100
long turquoise bead necklace,480,HIGH,98
turquoise slave bracelet,480,HIGH,100
tibetan turquoise necklace,480,HIGH,94
ec 925 ring,480,MEDIUM,65
thunderbird turquoise ring,480,HIGH,100
turquoise turtle ring,480,HIGH,100
amethyst and citrine jewelry,480,HIGH,99
turquoise cross ring,480,HIGH,100
peach moonstone jewelry,480,HIGH,100
native american turquoise pendant,480,HIGH,100
silver necklace with moonstone,480,HIGH,100
silver and turquoise stud earrings,480,HIGH,100
vintage citrine bracelet,480,HIGH,75
vintage turquoise squash blossom necklace,480,HIGH,100
heart turquoise earrings,480,HIGH,100
turquoise medallion necklace,480,HIGH,72
hubei turquoise necklace,480,HIGH,82
ruby moonstone ring,480,HIGH,100
turquoise rosary necklace,480,HIGH,73
moonstone and silver necklace,480,HIGH,100
turquoise and leather necklace,480,HIGH,100
georg jensen moonstone ring,480,MEDIUM,49
turquoise colored gemstone,480,HIGH,99
moonstone and turquoise ring,480,HIGH,100
david yurman necklace citrine,480,HIGH,100
stud earrings moonstone,480,HIGH,100
sterling silver tiger ring,480,HIGH,100
silver and moonstone earrings,480,HIGH,100
black turquoise,480,HIGH,94
turquoise leather necklace,480,HIGH,100
mens silver ring turquoise,480,HIGH,100
turquoise inlay earrings,480,HIGH,96
royston turquoise pendant,480,HIGH,100
vintage tiger eye necklace,480,HIGH,90
gray moonstone jewelry,480,HIGH,92
vintage native american turquoise rings,480,HIGH,89
carnelian gemstone ring,480,HIGH,100
citrine and amethyst jewelry,480,HIGH,99
big moonstone ring,480,HIGH,100
5 stone turquoise ring,480,HIGH,100
925 fas diamond ring,480,MEDIUM,60
amethyst citrine ring,480,HIGH,100
antique carnelian earrings,480,MEDIUM,38
antique carnelian necklace,480,HIGH,92
antique gold turquoise ring,480,HIGH,100
antique moonstone pendant,480,HIGH,96
band turquoise ring,480,HIGH,100
carnelian cameo pendant,480,HIGH,71
citrine amethyst ring,480,HIGH,100
citrine jewelry for women,480,HIGH,100
crystal citrine necklace,480,HIGH,100
crystal necklace citrine,480,HIGH,100
gold citrine jewelry,480,MEDIUM,48
gold turquoise ring vintage,480,HIGH,100
grey moonstone jewelry,480,HIGH,92
huge moonstone ring,480,HIGH,100
james avery turquoise turtle ring,480,LOW,31
mens indian turquoise rings,480,HIGH,100
navajo concho earrings,480,MEDIUM,57
navajo silver squash blossom necklace,480,HIGH,98
navajo silver turquoise ring,480,HIGH,91
navajo sterling silver turquoise cuff bracelets,480,HIGH,96
navajo turquoise nugget necklace,480,HIGH,99
red and turquoise jewelry,480,HIGH,100
silver necklace moonstone,480,HIGH,100
stabilised turquoise,480,HIGH,91
stella and dot turquoise necklace,480,HIGH,100
stud moonstone earrings,480,HIGH,100
tiffany and co 925 bracelet 1997,480,HIGH,97
turquoise bracelet navajo,480,HIGH,100
turquoise moonstone ring,480,HIGH,100
turquoise squash blossom bracelet,480,HIGH,100
two stone turquoise ring,480,HIGH,100
van cleef and arpels carnelian,480,HIGH,100
vintage carnelian earrings,480,MEDIUM,38
vintage carnelian necklace,480,HIGH,92
vintage gold and turquoise ring,480,HIGH,100
vintage sterling silver turquoise ring,480,HIGH,96
zuni inlay bracelet,480,HIGH,94
gucci heart earrings,390,HIGH,100
silver paperclip chain necklace,390,HIGH,100
emerald rings for sale,390,HIGH,100
gucci interlocking g necklace,390,HIGH,100
wholesale silver,390,HIGH,100
opal rings for sale,390,HIGH,100
silver ball bracelet,390,HIGH,100
gucci ghost bracelet,390,HIGH,100
natural emerald necklace,390,HIGH,100
paperclip necklace silver,390,HIGH,100
gucci snake ring,390,HIGH,100
yellow sapphire necklace,390,HIGH,100
amethyst heart necklace,390,HIGH,100
family birthstone jewelry,390,HIGH,100
wholesale sterling silver rings,390,HIGH,100
pure silver earrings,390,HIGH,100
mother daughter birthstone necklace,390,HIGH,99
citrine ring yellow gold,390,HIGH,100
aquamarine promise ring,390,HIGH,100
garnet heart necklace,390,HIGH,100
long silver chain,390,HIGH,100
emerald necklace and earring set,390,HIGH,100
sterling silver buyers near me,390,HIGH,74
rose gold opal engagement ring,390,HIGH,100
m necklace silver,390,HIGH,100
topaz pendant,390,HIGH,100
peridot necklace silver,390,HIGH,100
silver name bracelet,390,HIGH,100
silver infinity bracelet,390,HIGH,100
pink stone earrings,390,HIGH,100
silver paperclip bracelet,390,HIGH,100
amethyst drop earrings,390,HIGH,100
amethyst and diamond necklace,390,HIGH,100
opal stone necklace,390,HIGH,100
garnet and diamond necklace,390,HIGH,100
peach morganite,390,HIGH,100
lab sapphire ring,390,HIGH,100
silver initial pendant,390,HIGH,100
sterling silver huggie hoop earrings,390,HIGH,100
large silver earrings,390,HIGH,100
garnet stone necklace,390,HIGH,100
blue topaz tennis bracelet,390,HIGH,100
peridot pendant necklace,390,HIGH,100
s necklace silver,390,HIGH,100
sapphire halo engagement ring,390,HIGH,100
men's aquamarine ring,390,HIGH,100
real moonstone necklace,390,HIGH,100
amethyst diamond necklace,390,HIGH,100
lavender sapphire engagement ring,390,HIGH,100
garnet promise ring,390,HIGH,100
green stone bracelet,390,HIGH,100
silver diamond tennis bracelet,390,HIGH,100
cushion cut sapphire ring,390,HIGH,100
green sapphire necklace,390,HIGH,100
real silver cross necklace,390,HIGH,100
silver chain bracelet womens,390,HIGH,100
created sapphire ring,390,HIGH,100
february birthstone amethyst,390,HIGH,99
tiffany silver hoop earrings,390,HIGH,100
sterling silver paperclip bracelet,390,HIGH,100
silver ball stud earrings,390,HIGH,100
silver signet ring womens,390,HIGH,100
princess cut sapphire ring,390,HIGH,100
blue sapphire necklace gold,390,HIGH,100
silver infinity ring,390,HIGH,100
best silver jewlery,390,HIGH,100
loose sapphire gemstones,390,HIGH,99
16 inch sterling silver chain,390,HIGH,100
peridot stackable ring,390,HIGH,100
garnet ring white gold,390,HIGH,100
oval emerald engagement rings,390,HIGH,100
silver helix earrings,390,HIGH,100
ruby stone necklace,390,HIGH,100
silver stretch bracelet,390,HIGH,100
thick silver chain mens,390,HIGH,100
sapphire stone ring,390,HIGH,100
princess cut emerald ring,390,HIGH,100
c necklace silver,390,HIGH,100
green onyx ring,390,HIGH,100
emerald green ring gold,390,HIGH,100
aventurine necklace,390,HIGH,100
pandora knot ring,390,HIGH,100
black rutilated quartz engagement ring,390,HIGH,100
gemstone tennis bracelet,390,HIGH,100
garnet heart ring,390,HIGH,100
unique silver rings,390,HIGH,100
pure silver bracelet,390,HIGH,100
angel necklace silver,390,HIGH,100
amethyst stone necklace,390,HIGH,100
jade stone necklace,390,HIGH,100
silver emerald earrings,390,HIGH,100
topaz ring gold,390,HIGH,100
garnet pendant gold,390,HIGH,100
handmade silver rings,390,HIGH,100
initial pendant necklace silver,390,HIGH,100
lapis lazuli engagement ring,390,HIGH,100
cornflower blue sapphire ring,390,HIGH,100
boho wedding rings,390,HIGH,100
silver gold plated jewellery,390,HIGH,100
tourmaline pendant,390,HIGH,100
silver chain link bracelet,390,HIGH,100
sterling silver eternity ring,390,HIGH,100
silver s necklace,390,HIGH,100
4 carat emerald ring,390,HIGH,100
cernucci chains,390,HIGH,99
pink sapphire rose gold ring,390,HIGH,100
silver key necklace,390,HIGH,100
peridot charm,390,HIGH,100
kashmir sapphire ring,390,HIGH,100
moonstone pendant necklace,390,HIGH,100
chakra bracelet stones,390,HIGH,100
levian garnet ring,390,HIGH,100
montana sapphire wedding band,390,HIGH,100
blue opal bracelet,390,HIGH,100
black stone bracelet,390,HIGH,100
925 sterling silver mens necklace with pendant,390,HIGH,100
amazon silver bracelets,390,HIGH,100
mens black onyx necklace,390,HIGH,100
emerald cut garnet ring,390,HIGH,100
blue gemstone necklace,390,HIGH,100
lapis pendant,390,HIGH,100
starfish necklace silver,390,HIGH,100
gemstone promise rings,390,HIGH,100
turquoise stone bracelet,390,HIGH,99
sterling silver rope necklace,390,MEDIUM,45
ruby gemstone necklace,390,HIGH,100
white gold sapphire engagement rings,390,HIGH,100
rhodium chain,390,HIGH,100
emerald cut amethyst ring,390,HIGH,100
silver studs for men,390,HIGH,100
14k gold sapphire ring,390,HIGH,100
silver ring with black stone,390,HIGH,100
sterling silver necklace and earring set,390,HIGH,100
cool silver rings,390,HIGH,100
etsy silver necklace,390,HIGH,100
sterling silver dog tag,390,HIGH,100
thick silver bracelet,390,HIGH,100
real silver rings for men,390,HIGH,100
gemstone choker,390,HIGH,100
west indian bangles,390,HIGH,100
rosary bracelet silver,390,HIGH,100
amethyst pendant gold,390,HIGH,100
silver chain necklace for pendant,390,HIGH,100
silver wedding ring set,390,HIGH,100
sterling silver stud earrings set,390,HIGH,100
green opal ring,390,HIGH,100
white stone ring,390,HIGH,100
tiffany silver ball bracelet,390,HIGH,100
sterling silver ruby ring,390,HIGH,100
blue tourmaline ring,390,HIGH,100
garnet and gold ring,390,HIGH,100
silver bamboo earrings,390,HIGH,100
tiffany silver ball earrings,390,HIGH,100
gemstone dealers near me,390,HIGH,91
cute silver rings,390,HIGH,99
green moss agate ring,390,HIGH,100
real silver nose rings,390,HIGH,100
sterling silver jewlery sets,390,HIGH,99
jade stone bracelet,390,HIGH,100
orange sapphire engagement rings,390,HIGH,100
tiffany interlocking ring,390,HIGH,91
square silver earrings,390,HIGH,100
silver designer jewellery,390,HIGH,100
real silver bracelet for men,390,HIGH,100
s925 ring with diamonds,390,HIGH,100
handmade gold jewelry,390,HIGH,100
emerald oval engagement rings,390,HIGH,100
green gemstone earrings,390,HIGH,100
certified gemstones,390,MEDIUM,66
clover bracelet silver,390,HIGH,100
silver ring with blue stone,390,HIGH,100
natural blue topaz,390,HIGH,100
blue apatite bracelet,390,HIGH,100
silver teardrop necklace,390,HIGH,100
mens garnet bracelet,390,HIGH,100
large opal pendant,390,HIGH,100
small sterling silver hoops,390,HIGH,100
heart stone necklace,390,HIGH,100
rhodonite necklace,390,HIGH,100
silver bridal set,390,HIGH,100
pandora angel ring,390,HIGH,100
chunky silver heart necklace,390,HIGH,100
semi precious stone bracelets,390,HIGH,100
mens silver rings with stones,390,HIGH,100
sterling silver statement ring,390,HIGH,100
pandora moon necklace,390,HIGH,100
silver dollar ring,390,HIGH,100
14k gold garnet ring,390,HIGH,100
marquise cut emerald ring,390,HIGH,100
amazon silver rings,390,HIGH,98
amethyst silver bracelet,390,HIGH,100
tanzanite bracelet gold,390,HIGH,100
silver cross charm,390,HIGH,100
blue topaz silver ring,390,HIGH,100
black and silver bracelet,390,HIGH,100
large citrine ring,390,HIGH,100
tiffany heart earrings silver,390,HIGH,100
black freshwater pearls,390,HIGH,100
purple stone jewelry,390,HIGH,100
sterling silver boho rings,390,HIGH,100
mens garnet necklace,390,HIGH,100
precious stone bracelet,390,HIGH,100
labradorite wedding ring,390,HIGH,100
sapphire and topaz ring,390,HIGH,100
red gemstone necklace,390,HIGH,100
garnet and aquamarine ring,390,HIGH,100
amazon silver hoop earrings,390,HIGH,99
may gemstone birthstone,390,HIGH,100
vintage blue sapphire rings,390,HIGH,100
925 silver necklace mens,390,HIGH,100
natural stone beads for jewelry making,390,HIGH,100
luckenbooth ring,390,HIGH,100
silver ball ring,390,HIGH,100
boho wedding band,390,HIGH,100
marcasite bracelet,390,HIGH,98
silver torque necklace,390,HIGH,100
tennis racket charm,390,HIGH,99
citrine silver ring,390,HIGH,100
gold opal engagement rings,390,HIGH,100
larimar stone ring,390,HIGH,100
sterling silver earrings near me,390,HIGH,100
cabochon emerald ring,390,HIGH,100
opal jewellery near me,390,HIGH,100
women moss agate ring,390,HIGH,100
sapphire gemstone ring,390,HIGH,100
black silver bracelet,390,HIGH,100
silver and gold jewelry together,390,HIGH,100
silver pearl jewellery,390,HIGH,100
emerald sets,390,HIGH,100
silver earrings near me,390,HIGH,98
amethyst and pearl ring,390,HIGH,100
handmade gemstone jewelry,390,HIGH,100
july gemstone birthstone,390,HIGH,100
white stone jewelry,390,HIGH,99
tigers eye crystal bracelet,390,HIGH,100
gemstone cluster ring,390,HIGH,100
mexican fire opal necklace,390,HIGH,100
blue goldstone ring,390,HIGH,100
august birthstone sardonyx,390,HIGH,98
amethyst and peridot,390,HIGH,99
colorful stone necklace,390,HIGH,100
fire agate ring,390,HIGH,99
most beautiful gemstones,390,HIGH,91
protection crystals necklace,390,HIGH,100
blue chalcedony ring,390,HIGH,98
gold and silver jewlery together,390,HIGH,100
vintage stone rings,390,HIGH,95
handcrafted silver rings,390,HIGH,100
naja pendant,390,HIGH,100
men amethyst ring,390,HIGH,100
different birthstones,390,HIGH,93
multicolor stone earrings,390,HIGH,90
silver and turquoise,390,HIGH,99
taxco silver bracelet,390,HIGH,100
tiffany & co sterling silver charm bracelet,390,HIGH,100
women tanzanite rings,390,HIGH,100
heart shaped gemstones,390,HIGH,99
hand made gold jewelry,390,HIGH,100
boho turquoise ring,390,HIGH,100
garnet and ruby,390,HIGH,99
bali silver rings,390,HIGH,100
raw peridot stone,390,HIGH,100
turquoise gems,390,HIGH,82
natural turquoise stone,390,HIGH,100
bohemian garnet ring,390,HIGH,100
silver black bracelet,390,HIGH,100
yellow green gemstone,390,HIGH,88
handmade western jewelry,390,HIGH,100
handcrafted gold jewelry,390,HIGH,100
boho earrings for women,390,HIGH,100
boho necklaces for women,390,HIGH,98
bali rings silver,390,HIGH,100
handmade gemstone earrings,390,HIGH,76
ring white stone,390,HIGH,100
balinese silver rings,390,HIGH,100
boho hair jewellery,390,HIGH,100
boho jewelry for women,390,HIGH,100
handmade gem jewelry,390,HIGH,100
handmade hand chain,390,LOW,0
handmade ring silver,390,HIGH,100
silver bali ring,390,HIGH,100
sterling silver purity,390,LOW,11
tiger eye pearl,390,LOW,13
march birthstone rings,390,HIGH,100
mothers ring 1 stone,390,HIGH,100
mother's day rings 3 stones,390,HIGH,100
birthstone earrings for mom,390,HIGH,100
september birthstone earrings,390,HIGH,100
green statement earrings,390,HIGH,100
january birthstone earrings,390,HIGH,100
black statement earrings,390,HIGH,100
february birthstone earrings,390,HIGH,100
jared birthstone rings,390,HIGH,100
healing jewelry,390,HIGH,100
september birthstone bracelet,390,HIGH,100
white gold birthstone rings,390,HIGH,100
teal montana sapphire,390,HIGH,100
moissanite diamond price,390,HIGH,97
rose quartz crystal necklace,390,HIGH,83
2 carat moissanite,390,HIGH,100
david yurman citrine,390,HIGH,100
london blue topaz bracelet,390,HIGH,100
initial and birthstone bracelet,390,HIGH,100
yellow moissanite,390,HIGH,100
crystal heart necklace,390,HIGH,100
black crystal earrings,390,HIGH,100
december birthstone engagement ring,390,HIGH,100
white gold birthstone necklace,390,HIGH,100
crystal choker necklace,390,HIGH,100
green crystal necklace,390,HIGH,100
turkizite,390,HIGH,100
pink crystal necklace,390,HIGH,100
crystals for jewelry making,390,HIGH,100
2 stone birthstone necklace,390,HIGH,100
silver wave ring,390,HIGH,100
earrings for wedding day,390,HIGH,100
swarovski green necklace,390,HIGH,100
rose quartz heart necklace,390,HIGH,100
turquoise statement earrings,390,HIGH,100
pearl and crystal earrings,390,HIGH,100
ruby cocktail ring,390,HIGH,100
carnelian crystal necklace,390,HIGH,100
crystal chandelier earrings,390,HIGH,100
mother's day jewelry birthstone,390,HIGH,83
heidi daus earrings,390,HIGH,100
raw crystal necklace,390,HIGH,100
haverhill birthstone necklace,390,HIGH,100
two birthstone jewelry,390,HIGH,100
diamond dinner rings,390,HIGH,100
swarovski teddy bear necklace,390,HIGH,100
unheated sapphire,390,HIGH,100
swarovski blue bracelet,390,HIGH,100
blue sapphire mens wedding band,390,HIGH,100
white gold birthstone bracelet,390,HIGH,100
moissanite and sapphire ring,390,HIGH,100
swarovski dangle earrings,390,HIGH,100
swarovski snowflake necklace,390,HIGH,100
women moissanite,390,HIGH,100
natural pink sapphire ring,390,HIGH,100
birthstone initial bracelet,390,HIGH,100
sterling silver small hoops,390,HIGH,100
unique mothers rings 4 stones,390,HIGH,100
oval silver engagement ring,390,HIGH,100
3 carat emerald cut,390,HIGH,100
protection crystal necklace,390,HIGH,100
mother daughter birthstone bracelet,390,HIGH,100
sunstone necklace,390,HIGH,100
14k gold birthstone rings,390,HIGH,100
mother and daughter birthstone necklace,390,HIGH,99
swarovski bear necklace,390,HIGH,100
december birthstone ring gold,390,HIGH,100
herkimer diamond earrings,390,HIGH,100
tanzanite solitaire ring,390,HIGH,99
silver jump rings,390,HIGH,100
silver and emerald earrings,390,HIGH,100
women's swarovski earrings,390,HIGH,100
april birthstone kendra scott,390,HIGH,99
crystal bangle,390,HIGH,100
sterling silver eternity band,390,HIGH,100
birthstone cuff bracelet,390,HIGH,100
july birthstone kendra scott,390,HIGH,100
blue earrings for wedding,390,HIGH,100
yellow gold amethyst ring,390,HIGH,100
silver wedding sets,390,HIGH,100
colored moissanite rings,390,HIGH,100
moissanite sapphire ring,390,HIGH,100
sapphire and diamond ring white gold,390,HIGH,100
sapphire ring with diamond halo,390,HIGH,100
green emerald ring gold,390,HIGH,100
one stone mothers ring,390,HIGH,100
silver crown ring,390,HIGH,100
red crystal bracelet,390,HIGH,100
custom crystal bracelet,390,HIGH,87
purple moissanite,390,HIGH,100
crystal ab rhinestones,390,HIGH,100
gold opal engagement ring,390,HIGH,100
sterling silver gold rings,390,HIGH,100
crystal cage necklace,390,HIGH,100
garnet dangle earrings,390,HIGH,98
crystal bracelets near me,390,HIGH,75
mens sterling silver,390,HIGH,100
gold crystal drop earrings,390,HIGH,100
hammered sterling silver ring,390,HIGH,100
silver bridal ring sets,390,HIGH,100
25th anniversary wedding bands,390,HIGH,100
signet ring with stone,390,HIGH,100
sterling silver sapphire earrings,390,HIGH,100
pearl crystal earrings,390,HIGH,100
cushion cut emerald,390,HIGH,100
red moissanite,390,HIGH,100
birthstone bracelet with initial,390,HIGH,100
antique diamond and sapphire rings for sale,390,HIGH,100
gemstone band,390,HIGH,99
pearl and amethyst ring,390,HIGH,100
morgan silver dollar ring,390,HIGH,100
topaz and citrine ring,390,HIGH,100
crystal charm bracelet,390,HIGH,100
sterling silver moon ring,390,HIGH,99
swarovski rings gold,390,HIGH,100
mens silver skull rings,390,HIGH,100
natural star sapphire ring,390,HIGH,100
yellow emerald,390,HIGH,86
real silver nose studs,390,HIGH,100
kendra scott july birthstone,390,HIGH,100
art deco cocktail ring,390,HIGH,100
amethyst diamond,390,HIGH,100
men's citrine bracelet,390,HIGH,100
rose quartz heart pendant,390,HIGH,100
sterling silver sunflower ring,390,HIGH,100
swarovski sale rings,390,HIGH,100
citrine crystal earrings,390,HIGH,82
swarovski crystal earrings dangle,390,HIGH,100
august jewellery,390,HIGH,99
pearl rhinestones,390,HIGH,100
marquise cut emerald,390,HIGH,100
feb birthstone earrings,390,HIGH,100
turquoise feather earrings,390,HIGH,100
tiffany & co silver hoop earrings,390,HIGH,100
coach earrings sale,390,MEDIUM,43
silver horseshoe ring,390,HIGH,100
sterling silver dragonfly earrings,390,HIGH,88
green malachite ring,390,HIGH,87
sterling silver peridot earrings,390,MEDIUM,55
gold ring with citrine stone,390,HIGH,100
sterling silver filigree ring,390,HIGH,100
antique blue sapphire ring,390,HIGH,100
mexican silver rings,390,HIGH,100
ygi 925 cn,390,LOW,7
emerald and amethyst,390,HIGH,100
blue tigers eye necklace,390,HIGH,100
turquoise and opal ring,390,HIGH,100
square earrings silver,390,HIGH,100
matching birthstone rings,390,HIGH,100
green necklace swarovski,390,HIGH,100
sterling silver masonic ring,390,HIGH,100
morgan dollar ring,390,HIGH,100
january gemstone birthstone,390,HIGH,97
dangle earrings swarovski,390,HIGH,100
pandora bracelets and necklaces,390,HIGH,100
mens small silver hoop earrings,390,HIGH,100
yellow garnet,390,HIGH,89
sterling gold rings,390,HIGH,100
sterling silver garnet earrings,390,HIGH,100
turquoise opal ring,390,HIGH,100
blue bracelet swarovski,390,HIGH,100
sapphire and diamond cocktail ring,390,HIGH,100
tiffany earrings silver heart,390,HIGH,100
citrine topaz ring,390,HIGH,100
silver cross ring mens,390,HIGH,100
antique sterling silver rings,390,HIGH,100
judith ripka rings 925,390,MEDIUM,55
bge 925 ring,390,HIGH,70
natural diamond stone,390,HIGH,99
tiffany silver earrings hoops,390,HIGH,100
green emerald diamond,390,HIGH,100
vintage crystal earrings,390,HIGH,80
clear glass earrings,390,HIGH,90
silver forest earrings catalog,390,HIGH,100
citrine rings in yellow gold,390,HIGH,100
black and crystal earrings,390,HIGH,100
yurman citrine,390,HIGH,100
citrine and silver ring,390,HIGH,100
crystal necklace rose quartz,390,HIGH,83
purple star sapphire ring,390,HIGH,100
diamond april birthstone,390,HIGH,77
pandora earrings infinity,390,HIGH,100
diamond gemstone ring,390,HIGH,100
mexican silver hoop earrings,390,HIGH,91
dinner ring diamond,390,HIGH,100
10 year anniversary gemstone,390,HIGH,96
swarovski earrings for men,390,HIGH,100
swarovski gold heart necklace,390,HIGH,100
chandelier rings for crystals,390,HIGH,100
judith ripka citrine ring,390,HIGH,96
tiffany and co silver ball earrings,390,HIGH,100
oversized statement rings,390,HIGH,100
birth stone for aries,390,MEDIUM,57
tiffany and co silver hoop earrings,390,HIGH,100
color of opal,390,HIGH,99
lucky brand turquoise earrings,390,HIGH,89
citrine cluster ring,390,HIGH,76
tiffany and co 925 ring,390,HIGH,94
925 cn ring,390,MEDIUM,39
gold ring citrine stone,390,HIGH,100
sapphire diamond cocktail ring,390,HIGH,100
sapphire cocktail ring vintage,390,HIGH,100
baccarat crystal ring,390,HIGH,100
multi stone cocktail ring,390,MEDIUM,64
celtic earring,390,HIGH,100
cabochon garnet,390,HIGH,100
art deco diamond cocktail ring,390,HIGH,100
waterford crystal heart necklace,390,MEDIUM,64
tiffany and co silver heart earrings,390,HIGH,100
wholesale turquoise jewelry,390,HIGH,100
tiger bracelet,390,HIGH,100
turquoise anklet,390,HIGH,100
moonstone diamond ring,390,HIGH,95
moonstone and diamond ring,390,HIGH,95
turquoise wedding band womens,390,HIGH,100
red tiger eye bracelet,390,HIGH,100
turquoise pendant gold,390,HIGH,100
dainty turquoise necklace,390,HIGH,100
genuine turquoise ring,390,HIGH,100
turquoise eternity band,390,HIGH,100
chan luu turquoise necklace,390,HIGH,94
etsy turquoise jewelry,390,HIGH,100
turquoise and diamond necklace,390,HIGH,100
women's turquoise earrings,390,HIGH,100
turquoise butterfly necklace,390,HIGH,100
turquoise diamond necklace,390,HIGH,100
turquoise nose ring,390,HIGH,100
turquoise ankle bracelet,390,HIGH,100
david yurman citrine pendant,390,HIGH,100
sleeping beauty ring,390,HIGH,100
turquoise eternity ring,390,HIGH,100
turquoise and pearl earrings,390,HIGH,100
14k gold turquoise earrings,390,HIGH,100
turquoise teardrop earrings,390,HIGH,100
mens turquoise cuff bracelet,390,HIGH,100
tiger jewellery,390,HIGH,100
gorjana turquoise necklace,390,LOW,21
greek eye jewellery,390,HIGH,95
spiritual protection bracelets,390,HIGH,93
opal and turquoise ring,390,HIGH,100
etsy turquoise ring,390,HIGH,100
etsy turquoise earrings,390,HIGH,100
turquoise beaded earrings,390,HIGH,100
native american turquoise,390,HIGH,100
silver squash blossom necklace,390,HIGH,100
mens turquoise bracelet cuff,390,HIGH,100
moonstone gold bracelet,390,HIGH,100
native american squash blossom necklace,390,HIGH,100
blue moon turquoise,390,HIGH,100
zuni squash blossom necklace,390,HIGH,100
etsy turquoise necklace,390,HIGH,100
small turquoise ring,390,HIGH,100
turquoise and coral jewelry,390,HIGH,100
turquoise flower necklace,390,HIGH,100
tiger eye bracelet women's,390,HIGH,100
southwest native american jewelry,390,HIGH,98
western turquoise wedding rings,390,HIGH,100
moonstone bracelet gold,390,HIGH,100
turquoise heart bracelet,390,HIGH,100
moon magic moonstone ring,390,MEDIUM,49
turquoise pearl earrings,390,HIGH,100
zuni turquoise jewelry,390,HIGH,100
moonstone bracelet sterling silver,390,HIGH,100
spiny oyster necklace,390,HIGH,100
tigers eye stud earrings,390,HIGH,100
turquoise gemstone bracelet,390,HIGH,99
chinese turquoise,390,HIGH,100
sundance moonstone ring,390,HIGH,77
mens sterling silver turquoise rings,390,HIGH,100
silver and turquoise cuff bracelet,390,HIGH,100
golden hills turquoise ring,390,HIGH,100
turquoise wedding rings for women,390,HIGH,100
mexican turquoise,390,HIGH,98
small turquoise cross necklace,390,HIGH,100
ladies turquoise earrings,390,HIGH,100
moonstone pendants sterling silver,390,HIGH,100
turquoise cowgirl jewelry,390,HIGH,99
turquoise store near me,390,MEDIUM,63
14k gold and turquoise earrings,390,HIGH,100
turquoise spinner ring,390,HIGH,90
dry creek turquoise earrings,390,HIGH,100
cowgirl turquoise jewelry,390,HIGH,99
african turquoise necklace,390,HIGH,98
copper turquoise earrings,390,HIGH,100
high quality turquoise,390,HIGH,100
turquoise silver cuff bracelet,390,HIGH,100
turquoise wedding bands for women,390,HIGH,100
real turquoise rings for women,390,HIGH,100
tiger eye bracelet for women,390,HIGH,100
anklet turquoise,390,HIGH,100
diamond ring with moonstone,390,HIGH,95
yellow turquoise ring,390,MEDIUM,43
carved turquoise,390,MEDIUM,61
lander blue turquoise jewelry,390,HIGH,100
antique citrine earrings,390,MEDIUM,54
vintage chunky turquoise necklace,390,HIGH,100
copper and turquoise earrings,390,HIGH,100
antique moonstone bracelet,390,HIGH,69
zuni wedding bands,390,HIGH,92
carnelian silver ring,390,HIGH,82
navajo liquid silver necklace,390,MEDIUM,58
zuni inlay earrings,390,HIGH,82
bracelet tiger,390,HIGH,100
turquoise owl necklace,390,HIGH,99
925 sterling silver gemstone rings,390,HIGH,100
turquoise flower pendant,390,HIGH,100
925 cubic zirconia ring,390,HIGH,95
western turquoise cross necklace,390,HIGH,80
statement earrings turquoise,390,HIGH,100
feather turquoise earrings,390,HIGH,100
carnelian ring silver,390,HIGH,82
judith ripka citrine earrings,390,MEDIUM,60
bella swan moonstone ring,390,HIGH,99
turquoise mens cuff bracelets,390,HIGH,100
turquoise flower stud earrings,390,HIGH,91
turquoise earrings for women,390,HIGH,100
tibetan turquoise jewelry,390,HIGH,100
925 bge,390,LOW,14
925 cz rings,390,HIGH,95
925 sts ring,390,LOW,9
925 tiffany ring,390,HIGH,94
american indian turquoise,390,HIGH,100
anthropologie turquoise necklace,390,HIGH,96
antique carnelian bead necklace,390,HIGH,73
antique silver moonstone ring,390,HIGH,94
avon turquoise necklace,390,MEDIUM,41
bella twilight moonstone ring,390,HIGH,99
big citrine ring,390,HIGH,100
bracelet with tiger,390,HIGH,100
carnelian chip necklace,390,HIGH,70
carnelian ring sterling silver,390,HIGH,97
carnelian sterling silver rings,390,HIGH,97
carolyn pollack turquoise bracelet,390,HIGH,84
chinese turquoise necklace,390,MEDIUM,60
citrine rings in silver,390,HIGH,100
coral turquoise jewelry,390,HIGH,100
crystal carnelian necklace,390,HIGH,100
david yurman petite albion ring citrine,390,HIGH,88
fzn 925,390,MEDIUM,43
golden hill turquoise ring,390,HIGH,100
green turquoise cuff bracelet,390,HIGH,100
greenish turquoise stone,390,HIGH,100
inlaid turquoise necklace,390,HIGH,100
jade and citrine bracelet,390,HIGH,99
james avery turquoise pendant,390,MEDIUM,42
jtw 925 diamond ring,390,MEDIUM,60
lemon citrine jewelry,390,HIGH,80
mens sterling silver and turquoise rings,390,HIGH,100
mexican 925 silver rings,390,MEDIUM,52
moonstone chip bracelet,390,MEDIUM,49
moonstone ring diamond,390,HIGH,95
moonstone with diamonds ring,390,HIGH,95
navajo naja pendant,390,HIGH,90
navajo sleeping beauty turquoise ring,390,HIGH,94
pendant moonstone necklace,390,HIGH,100
pink and turquoise necklace,390,HIGH,90
pink turquoise necklace,390,HIGH,90
red coral and turquoise necklace,390,HIGH,97
square turquoise necklace,390,HIGH,100
sterling silver carnelian bracelet,390,MEDIUM,52
sterling silver carnelian ring,390,HIGH,97
tiffany & co 925 ring,390,HIGH,94
tiffany & co ring 925,390,HIGH,94
tiffany and company 925 ring,390,HIGH,94
tiger eye chip bracelet,390,MEDIUM,48
tiger eye red bracelet,390,HIGH,100
tiny turquoise ring,390,HIGH,100
turquoise bear claw ring,390,HIGH,68
turquoise bird ring,390,MEDIUM,55
turquoise jacla necklace,390,HIGH,95
turquoise thunderbird pendant,390,HIGH,99
vintage navajo cuff bracelet,390,HIGH,99
vintage turquoise nugget necklace,390,HIGH,90
vintage zuni bracelet,390,HIGH,93
women tigers eye bracelet,390,HIGH,100
zuni silver bracelet,390,HIGH,88
zuni wedding rings,390,HIGH,92
handmade silver ring,390,HIGH,100
sapphire bracelet white gold,320,HIGH,100
sapphire and diamond eternity ring,320,HIGH,99
sapphire necklace and earring set,320,HIGH,100
gem engagement rings,320,HIGH,100
silver necklace set,320,HIGH,100
morganite wedding set,320,HIGH,100
pandora slider bracelet,320,HIGH,100
gem stone engagement ring,320,HIGH,100
dual birthstone necklace,320,HIGH,100
silver link necklace,320,HIGH,100
aquamarine studs,320,HIGH,100
silver hoop earrings medium,320,HIGH,100
morganite necklace rose gold,320,HIGH,100
peach sapphire ring,320,HIGH,100
emerald stone necklace,320,HIGH,100
natural opal necklace,320,HIGH,100
david yurman spiritual beads,320,HIGH,100
family tree birthstone necklace,320,HIGH,100
pink sapphire tennis necklace,320,HIGH,100
engraved silver necklace,320,HIGH,99
cubic zirconia drop earrings,320,HIGH,100
peridot birthstone necklace,320,HIGH,99
white sapphire wedding sets,320,HIGH,100
amethyst birthstone necklace,320,HIGH,100
david yurman sapphire bracelet,320,HIGH,100
morganite bridal set,320,HIGH,100
aquamarine band,320,HIGH,100
monogram necklace silver,320,HIGH,100
natural sapphire necklace,320,HIGH,100
morganite and diamond ring,320,HIGH,100
emerald pendant necklace gold,320,HIGH,100
purple stone necklace,320,HIGH,100
silver feather earrings,320,HIGH,100
rainbow sapphire tennis bracelet,320,HIGH,100
silver tree of life necklace,320,HIGH,100
peridot stone necklace,320,HIGH,100
white sapphire bracelet,320,HIGH,100
real emerald bracelet,320,HIGH,100
a necklace silver,320,HIGH,99
thin silver ring,320,HIGH,100
sapphire and diamond ring yellow gold,320,HIGH,100
natural blue sapphire ring,320,HIGH,100
blue sapphire pendant necklace,320,HIGH,100
pandora moments heart closure snake chain bracelet,320,HIGH,100
mens id bracelet silver,320,HIGH,100
amethyst heart ring,320,HIGH,100
silver snake chain necklace,320,HIGH,100
topaz birthstone necklace,320,HIGH,100
square emerald ring,320,HIGH,100
engraved chain,320,HIGH,100
cuban necklace silver,320,HIGH,100
levian blue topaz ring,320,HIGH,100
large sapphire ring,320,HIGH,100
3 carat sapphire ring,320,HIGH,100
silver rope chain necklace,320,HIGH,100
yellow topaz engagement ring,320,HIGH,100
white stone necklace,320,HIGH,100
parti sapphire ring,320,HIGH,100
unique sterling silver rings,320,HIGH,100
silver id bracelet,320,HIGH,100
amethyst hoop earrings,320,HIGH,100
blue sapphire eternity band,320,HIGH,100
blue sapphire eternity ring,320,HIGH,100
elephant necklace silver,320,HIGH,100
pink topaz necklace,320,HIGH,100
effy sapphire ring,320,HIGH,100
silver vivienne westwood earrings,320,HIGH,100
sterling silver ring set,320,HIGH,100
pandora mesh bracelet,320,HIGH,100
colombian emerald necklace,320,HIGH,100
morganite diamond ring,320,HIGH,100
natural gemstone beads wholesale,320,HIGH,100
pear shaped opal ring,320,HIGH,100
unique sapphire rings,320,HIGH,100
purple stone engagement ring,320,HIGH,100
rainbow gemstone ring,320,HIGH,100
tiffany turquoise,320,HIGH,100
butterfly bracelet silver,320,HIGH,100
hippie bracelets,320,HIGH,99
tanzanite necklace gold,320,HIGH,100
aquamarine band ring,320,HIGH,100
chunky silver chain,320,HIGH,100
silver ball chain necklace,320,HIGH,100
rainbow moonstone necklace,320,HIGH,100
sterling silver initial pendant,320,HIGH,100
silver tungsten ring,320,HIGH,100
mystic topaz necklace,320,HIGH,100
gold plated silver chain,320,HIGH,100
raw emerald ring,320,HIGH,100
tiffany t ring silver,320,HIGH,100
pear emerald ring,320,HIGH,100
red stone earrings,320,HIGH,100
green tourmaline necklace,320,HIGH,100
silver pendant for women,320,HIGH,100
rose gold garnet ring,320,HIGH,100
amethyst cocktail ring,320,HIGH,100
real aquamarine ring,320,HIGH,98
sterling silver rope bracelet,320,HIGH,100
silver 925 jewelry,320,HIGH,100
simple silver earrings,320,HIGH,100
real opal bracelet,320,HIGH,100
sterling necklace,320,HIGH,100
hand made jewelry near me,320,HIGH,100
silver chains for sale,320,HIGH,100
pink gemstone earrings,320,HIGH,100
silver love bracelet,320,HIGH,100
blue lapis necklace,320,HIGH,100
mystic topaz engagement ring,320,HIGH,100
pink opal bracelet,320,HIGH,100
emerald bracelet silver,320,HIGH,100
gemstone tennis necklace,320,HIGH,100
silver ring price,320,HIGH,88
aquamarine tennis necklace,320,HIGH,100
silver oval hoop earrings,320,HIGH,100
black opal bracelet,320,HIGH,100
tiffany t bracelet silver,320,HIGH,100
cubic zirconia sterling silver,320,HIGH,99
onyx stone ring,320,HIGH,100
pink amethyst ring,320,HIGH,100
byzantine bracelet silver,320,HIGH,100
amazon silver earrings,320,HIGH,99
silver heart hoop earrings,320,HIGH,100
emerald may birthstone,320,HIGH,100
yellow stone necklace,320,HIGH,100
etsy silver earrings,320,HIGH,100
etsy silver bracelet,320,HIGH,100
pink quartz ring,320,HIGH,100
dior earrings silver,320,HIGH,100
colombian emerald engagement ring,320,HIGH,100
unique emerald rings,320,HIGH,100
blue sapphire white gold ring,320,HIGH,100
garnet and diamond engagement ring,320,HIGH,100
natural stone earrings,320,HIGH,100
june birthstone ring alexandrite,320,HIGH,100
emerald and ruby necklace,320,HIGH,100
small silver chain,320,HIGH,99
silver costume jewellery,320,HIGH,100
loose tanzanite stones,320,HIGH,97
opal rings near me,320,HIGH,94
silver knot ring,320,HIGH,100
silver twist hoop earrings,320,HIGH,99
gemstones online,320,HIGH,94
pandora 21st birthday charm,320,HIGH,100
opal and sapphire necklace,320,HIGH,100
lightning bolt charm,320,HIGH,100
garnet stackable ring,320,HIGH,100
mens silver bangle bracelet,320,HIGH,100
oval opal ring,320,HIGH,100
silver hamsa necklace,320,HIGH,100
silver knot bracelet,320,HIGH,100
silver diamond pendant,320,HIGH,100
citrine eternity ring,320,HIGH,100
silver coin pendant,320,HIGH,100
black stone ring womens,320,HIGH,100
peridot cross necklace,320,HIGH,100
oval aquamarine ring,320,HIGH,100
silver cubic zirconia ring,320,HIGH,100
silver cuban necklace,320,HIGH,100
gemstone eternity band,320,HIGH,100
sterling silver elephant necklace,320,HIGH,99
sapphire and diamond cluster ring,320,HIGH,100
silver bracelet set,320,HIGH,100
art deco sapphire engagement rings,320,HIGH,100
yellow stone jewelry,320,HIGH,100
kunzite bracelet,320,HIGH,100
antique amethyst ring,320,HIGH,100
amethyst stone bracelet,320,HIGH,100
emerald cut pink sapphire ring,320,HIGH,100
rose gold alexandrite ring,320,HIGH,100
amethyst tennis necklace,320,HIGH,100
large silver pendant,320,HIGH,100
dainty silver jewlery,320,HIGH,100
emerald ring price,320,HIGH,100
rose gold and silver ring,320,HIGH,100
925 silver hoop earrings,320,HIGH,100
black silver chain,320,HIGH,100
boho magic rings,320,HIGH,100
childrens silver necklace,320,HIGH,97
leaf ring silver,320,HIGH,100
affordable gemstone rings,320,HIGH,100
silver circle earrings,320,HIGH,100
leather and silver bracelet,320,HIGH,100
purple opal ring,320,HIGH,100
tiffany silver cross necklace,320,HIGH,100
selling gemstones,320,MEDIUM,55
silver chain price,320,HIGH,94
emerald cut peridot ring,320,HIGH,100
real turquoise beads,320,HIGH,100
sterling silver cat earrings,320,HIGH,94
sterling silver rings with stones,320,HIGH,100
large amethyst ring,320,HIGH,100
green agate ring,320,HIGH,100
dainty sterling silver rings,320,HIGH,100
princess diana blue sapphire ring,320,HIGH,100
real citrine bracelet,320,HIGH,100
triangle pendant,320,HIGH,100
cheap silver necklace,320,HIGH,100
iolite necklace,320,HIGH,99
gold and gems,320,MEDIUM,57
yellow sapphire and diamond ring,320,HIGH,100
tiffany heart toggle bracelet,320,HIGH,100
amazonite pendant,320,HIGH,100
pink and silver earrings,320,HIGH,100
rectangle emerald ring,320,HIGH,100
amber ring silver,320,HIGH,100
bloodstone pendant,320,HIGH,100
sterling silver feather necklace,320,HIGH,100
orange stone necklace,320,HIGH,100
blue moonstone ring,320,HIGH,100
blue fire opal ring,320,HIGH,100
larimar engagement ring,320,HIGH,100
ruby emerald necklace,320,HIGH,100
oxidized silver necklace,320,HIGH,100
agate stone ring,320,HIGH,100
ethiopian opal bracelet,320,HIGH,100
amazon sterling silver bracelets,320,HIGH,99
heart sapphire ring,320,HIGH,100
ammolite pendant,320,HIGH,100
real sterling silver earrings,320,HIGH,100
handcrafted jewelry near me,320,HIGH,100
black amethyst ring,320,HIGH,100
cabochons for jewelry making,320,HIGH,100
vintage garnet necklace,320,HIGH,100
handmade sterling silver rings,320,HIGH,100
grey spinel ring,320,HIGH,100
leather silver bracelet,320,HIGH,100
aquamarine bead bracelet,320,HIGH,100
lapis lazuli wedding ring,320,HIGH,100
pink star sapphire ring,320,HIGH,100
multicolor stone necklace,320,HIGH,100
handmade mens wedding bands,320,HIGH,100
emerald cut citrine ring,320,HIGH,100
smoky quartz ring gold,320,HIGH,100
brown topaz ring,320,HIGH,100
cheap silver bracelet,320,HIGH,100
tiger eye stone necklace,320,HIGH,100
tourmaline wedding ring,320,HIGH,100
cabochon sapphire ring,320,HIGH,100
silver prom earrings,320,HIGH,86
boho stacking bracelets,320,HIGH,99
black madonna necklace,320,HIGH,100
14k silver ring,320,HIGH,99
14k gold citrine ring,320,HIGH,100
tetragrammaton pendant,320,HIGH,99
tigers eye crystal necklace,320,HIGH,100
yellow sapphire ring for women,320,HIGH,100
marquise stone ring,320,HIGH,100
gemstone choker necklace,320,HIGH,100
bohemian style jewelry,320,HIGH,100
carnelian stone necklace,320,HIGH,100
black stone pendant,320,HIGH,89
opal crystal necklace,320,HIGH,100
black stone ring ladies,320,HIGH,100
emerald ring cost,320,HIGH,100
russian alexandrite rings,320,HIGH,100
pearl silver,320,HIGH,74
alexandrite stone for sale,320,HIGH,100
stone cross necklace,320,HIGH,100
red gemstone ring,320,HIGH,100
sunstone pendant,320,HIGH,100
topaz diamond,320,HIGH,99
tiger eye stone ring,320,HIGH,100
musgravite ring,320,HIGH,100
bracelet kunzite,320,HIGH,100
amethyst and rose quartz bracelet,320,HIGH,100
garnet flower ring,320,HIGH,100
tiffany venetian bracelet,320,HIGH,100
crystal opal ring,320,HIGH,100
big stone necklace,320,HIGH,100
november gemstone birthstone,320,HIGH,98
beautiful gemstones,320,HIGH,93
antique silver chain,320,HIGH,100
large stone necklace,320,HIGH,100
rhodochrosite pendant,320,HIGH,100
rhodium finish,320,MEDIUM,40
boho turquoise jewelry,320,HIGH,100
rosary ring silver,320,HIGH,100
oxidized silver ring,320,HIGH,100
artisan fine jewelry,320,HIGH,99
silver gold jewellery,320,HIGH,100
sterling 925,320,MEDIUM,37
handcrafted mens wedding bands,320,HIGH,100
sterling silver hypoallergenic,320,MEDIUM,51
silver ring cost,320,HIGH,88
bali silver necklace,320,HIGH,100
amazonite crystal bracelet,320,HIGH,100
white agate bracelet,320,HIGH,100
gold stone jewelry,320,HIGH,97
tiffany and co 925 necklace,320,HIGH,99
turquoise 925,320,HIGH,94
vintage sterling silver,320,HIGH,100
atocha emeralds,320,HIGH,100
s 925,320,LOW,15
blue chalcedony bracelet,320,HIGH,100
handmade boho jewelry,320,HIGH,100
handmade mens wedding rings,320,HIGH,100
women's boho bracelets,320,HIGH,100
fine artisan jewelry,320,HIGH,99
handmade glass bead bracelets,320,HIGH,88
stackable bracelets boho,320,HIGH,99
white sapphire birthstone,320,HIGH,95
blue aventurine bracelet,320,HIGH,100
handmade jewelry business,320,LOW,6
rose cut gemstones,320,HIGH,100
handmade jewelry stores,320,LOW,21
boho turquoise necklace,320,HIGH,100
bracelets from bali,320,HIGH,100
handcrafted sterling silver rings,320,HIGH,100
danecraft sterling bracelet,320,HIGH,100
balinese bracelet,320,HIGH,100
handmade jewelry shop,320,LOW,21
silver set necklace,320,HIGH,100
bharatanatyam jewelry set,320,HIGH,100
boho bracelets for women,320,HIGH,100
women's boho rings,320,HIGH,100
tiffany and co venetian bracelet,320,HIGH,100
nephrite jade pendant,320,HIGH,100
midwest pearls and gems,320,LOW,5
vintage bohemian jewelry,320,HIGH,89
bali goddess jewelry,320,MEDIUM,49
balinese silver necklace,320,HIGH,100
handmade shell necklace,320,HIGH,100
artisan glass beads,320,HIGH,99
bohemian fashion jewelry,320,HIGH,100
boho jewelry handmade,320,HIGH,100
boho rings women,320,HIGH,100
handcrafted mens wedding rings,320,HIGH,100
handmade glass bead earrings,320,LOW,33
handmade seashell necklace,320,HIGH,100
handmade sterling rings,320,HIGH,100
handmade wedding rings for men,320,HIGH,100
homemade jewellery business,320,LOW,6
rings for women boho,320,HIGH,100
shop handmade jewelry,320,LOW,21
silver bali beads,320,HIGH,89
birthstone anklet,320,HIGH,100
emerald moissanite ring,320,HIGH,100
sterling silver huggies,320,HIGH,100
3 birthstone bracelet,320,HIGH,100
kay jewelers birthstone,320,HIGH,99
jared birthstone necklace,320,HIGH,100
july birthstone earrings,320,HIGH,100
5 birthstone necklace,320,HIGH,100
infinity birthstone necklace,320,HIGH,100
mothers ring 8 stones,320,HIGH,100
january birthstone bracelet,320,HIGH,100
february birthstone bracelet,320,HIGH,100
july birthstone bracelet,320,HIGH,100
pink crystal earrings,320,HIGH,100
real crystal bracelets,320,HIGH,100
blue statement earrings,320,HIGH,100
2 stone birthstone rings,320,HIGH,100
swarovski butterfly earrings,320,HIGH,100
diamond birthstone necklace,320,HIGH,99
birthstone claddagh ring,320,HIGH,100
unique mothers rings 3 stones,320,HIGH,100
swarovski diamond bracelet,320,HIGH,100
family birthstone necklace for mom,320,HIGH,100
rose gold birthstone ring,320,HIGH,100
swarovski green ring,320,HIGH,100
swarovski star necklace,320,HIGH,100
rose quartz crystal bracelet,320,HIGH,99
pearl birthstone necklace,320,HIGH,100
blue topaz earrings gold,320,HIGH,100
peridot earrings silver,320,HIGH,100
selenite necklace,320,HIGH,99
real crystal jewelry,320,HIGH,99
quartz crystal necklace,320,HIGH,100
swarovski moon necklace,320,HIGH,100
topaz birthstone ring,320,HIGH,100
swarovski green bracelet,320,HIGH,100
santa maria aquamarine ring,320,HIGH,100
mens silver claddagh ring,320,HIGH,100
sapphire diamond eternity ring,320,HIGH,99
infinity birthstone ring,320,HIGH,100
swarovski crystal drop earrings,320,HIGH,100
silver mothers ring,320,HIGH,100
personalized birthstone necklace for grandma,320,HIGH,100
garnet stacking ring,320,HIGH,100
sona simulated diamond,320,HIGH,100
swarovski dextera necklace,320,HIGH,99
green crystal bracelet,320,HIGH,99
infinity bracelet swarovski,320,HIGH,100
diamond statement rings,320,HIGH,100
blue crystal bracelet,320,HIGH,100
emerald rings near me,320,HIGH,99
silver casting grain,320,HIGH,100
blue sapphire and diamond engagement ring,320,HIGH,100
statement hoop earrings,320,HIGH,99
5 stone birthstone necklace,320,HIGH,100
diamond bracelet swarovski,320,HIGH,100
heart birthstone ring,320,HIGH,100
name and birthstone ring,320,HIGH,100
gemstone eternity ring,320,HIGH,100
barbed wire earrings,320,HIGH,100
flat back earrings silver,320,HIGH,100
sterling silver name rings,320,HIGH,100
amethyst rings for sale,320,HIGH,99
silver disc earrings,320,HIGH,100
birthstone name ring,320,HIGH,100
blue topaz bracelet gold,320,HIGH,100
rose quartz necklace gold,320,HIGH,100
sapphire and diamond wedding set,320,HIGH,100
citrine eternity band,320,HIGH,100
twisted silver hoop earrings,320,HIGH,99
jewlr birthstone ring,320,HIGH,67
cushion cut sapphire,320,HIGH,100
kyanite earrings,320,HIGH,100
birthstone necklace 5 stones,320,HIGH,100
garnet signet ring,320,HIGH,100
white sapphire wedding ring sets,320,HIGH,100
twisted hoop earrings silver,320,HIGH,99
crystal jewelry shop,320,HIGH,73
silver pinky ring womens,320,HIGH,100
mens sterling silver hoop earrings,320,HIGH,100
birthstone jewelry for mom personalized,320,HIGH,85
citrine ring 14k gold,320,HIGH,100
february birthstone kendra scott,320,HIGH,100
chrysocolla bracelet,320,HIGH,100
emerald and moissanite ring,320,HIGH,100
blue topaz gold bracelet,320,HIGH,100
pearl and crystal drop earrings,320,HIGH,100
silver hoop earring set,320,HIGH,100
white crystal necklace,320,HIGH,100
silver rectangle earrings,320,HIGH,100
gold ring with amethyst stone,320,HIGH,100
mens amethyst wedding band,320,HIGH,100
white sapphire gold ring,320,HIGH,100
watermelon tourmaline pendant,320,HIGH,100
multicolor sapphire ring,320,HIGH,100
liquid silver earrings,320,HIGH,100
aventurine earrings,320,HIGH,100
alexandrite and sapphire ring,320,HIGH,100
gemstone signet ring,320,HIGH,100
14k gold peridot ring,320,HIGH,100
ruby and citrine ring,320,HIGH,100
citrine and peridot ring,320,HIGH,100
black tourmaline mens bracelet,320,HIGH,100
aquamarine cluster ring,320,HIGH,100
medium hoop earrings silver,320,HIGH,100
evil eye earrings stud,320,HIGH,100
sterling silver celtic ring,320,HIGH,95
silver opal engagement ring,320,HIGH,100
topaz necklace birthstone,320,HIGH,100
opal and topaz ring,320,HIGH,100
mens silver onyx ring,320,HIGH,100
mens silver hoops,320,HIGH,100
topaz birthstone bracelet,320,HIGH,100
red jasper ring,320,HIGH,97
june birthstone jewelry alexandrite,320,HIGH,100
zales citrine ring,320,HIGH,100
sterling silver earrings for sensitive ears,320,HIGH,100
sterling silver white sapphire ring,320,MEDIUM,66
crystal jewelry store,320,HIGH,73
sterling silver wishbone ring,320,LOW,10
emerald and citrine ring,320,HIGH,100
herkimer diamond bracelet,320,HIGH,100
kendra scott february birthstone,320,HIGH,100
onyx earrings silver,320,HIGH,100
mom rings silver,320,HIGH,100
alexandrite and emerald ring,320,HIGH,100
pearl dangle earrings silver,320,HIGH,100
geode ring,320,HIGH,100
opal and moonstone ring,320,HIGH,100
sterling silver knot ring,320,HIGH,99
tiffany silver mesh ring,320,HIGH,100
hoop earrings silver medium,320,HIGH,100
single birthstone necklace,320,HIGH,100
swarovski stackable rings,320,HIGH,100
celestite bracelet,320,HIGH,99
black sapphire and diamond ring,320,HIGH,100
silver hoops men,320,HIGH,100
sterling silver rings for sale,320,HIGH,100
pearl and peridot ring,320,HIGH,100
yellow sapphire diamond ring,320,HIGH,100
david yurman lemon citrine,320,HIGH,100
sterling silver friendship rings,320,HIGH,80
swarovski crystal beads for jewelry making,320,HIGH,100
cheap gemstone rings,320,HIGH,100
crystal charm,320,HIGH,88
sterling silver ruby earrings,320,HIGH,94
marquise gemstone ring,320,HIGH,100
simple silver wedding rings,320,HIGH,100
blue topaz and gold earrings,320,HIGH,100
silver cz rings,320,HIGH,100
big sapphire ring,320,HIGH,100
peridot and emerald,320,HIGH,100
rutilated quartz necklace,320,HIGH,95
boulder opal jewellery,320,HIGH,100
rectangle earrings silver,320,HIGH,100
cz925,320,MEDIUM,47
chunky gemstone rings,320,HIGH,100
silver heart earrings hoops,320,HIGH,100
rhodonite earrings,320,HIGH,94
gray spinel ring,320,HIGH,100
silver gemstone earrings,320,HIGH,100
rose gold silver ring,320,HIGH,100
alexandrite and opal ring,320,HIGH,100
dangling earrings for wedding,320,HIGH,100
birthstone pinky ring,320,HIGH,100
silver spiral ring,320,HIGH,100
chunky rings with stones,320,HIGH,100
swarovski bracelet green,320,HIGH,100
lagoon tourmaline,320,HIGH,100
november and december birthstones,320,HIGH,100
rose quartz sterling silver necklace,320,HIGH,84
crystal pearl drop earrings,320,HIGH,100
swarovski ring green,320,HIGH,100
lepidolite ring,320,HIGH,100
silver frog ring,320,HIGH,100
silver and onyx earrings,320,HIGH,100
2mm rhinestones,320,HIGH,100
sterling silver evil eye earrings,320,HIGH,100
genuine citrine bracelet,320,HIGH,100
chrysocolla pendant,320,HIGH,93
oversized cocktail rings,320,HIGH,99
925 silver earrings hoops,320,HIGH,100
amethyst cluster ring,320,HIGH,100
green bracelet swarovski,320,HIGH,100
mother of pearl silver ring,320,HIGH,100
garnet cabochon ring,320,HIGH,100
white star sapphire,320,HIGH,100
jade silver ring,320,HIGH,100
1 carat aquamarine,320,HIGH,100
clear crystal drop earrings,320,HIGH,100
mystic topaz stone,320,HIGH,100
art deco silver ring,320,HIGH,100
rose quartz necklace sterling silver,320,HIGH,84
cut emerald,320,HIGH,81
sterling silver stud earrings for women,320,HIGH,100
coach silver earrings,320,HIGH,100
silver dangle pearl earrings,320,HIGH,100
swarovski stacking rings,320,HIGH,100
mother of pearl earrings silver,320,HIGH,100
sterling silver hummingbird earrings,320,HIGH,99
silver gem earrings,320,HIGH,100
pandora silver rings for women,320,LOW,6
silver oblong hoop earrings,320,HIGH,100
star earrings sterling silver,320,HIGH,100
mismatch earring set,320,HIGH,100
yellow zircon,320,MEDIUM,51
james avery blue topaz ring,320,HIGH,92
opal statement earrings,320,HIGH,80
gold citrine,320,HIGH,91
butterfly rhinestone,320,HIGH,99
emerald and aquamarine,320,HIGH,100
j crew crystal necklace,320,HIGH,81
moonstone and rose quartz bracelet,320,HIGH,100
silver fish earrings,320,HIGH,100
may and june birthstone,320,HIGH,100
art deco citrine ring,320,HIGH,100
traditional december birthstone,320,MEDIUM,65
women yellow sapphire ring,320,HIGH,100
silver simple earrings,320,HIGH,100
coach earrings silver,320,HIGH,100
chip bracelets,320,HIGH,69
sterling silver stackable birthstone rings,320,HIGH,100
opalite crystal necklace,320,HIGH,100
silver concho earrings,320,HIGH,86
vintage swarovski crystal necklace,320,HIGH,100
celestite crystal bracelet,320,HIGH,89
fish earrings silver,320,HIGH,100
december birthstone zircon,320,HIGH,94
lemon citrine david yurman,320,HIGH,100
pink rose quartz ring,320,HIGH,100
moldavite crystal jewelry,320,HIGH,100
silver flower earrings dangle,320,HIGH,99
seraphinite ring,320,HIGH,95
white tourmaline,320,MEDIUM,55
star garnet ring,320,HIGH,100
opal crystal bracelet,320,HIGH,83
blue tigers eye pendant,320,MEDIUM,65
silver citrine earrings,320,HIGH,100
hello kitty ring silver,320,HIGH,100
star sapphire ring gold,320,HIGH,100
cut amethyst,320,HIGH,95
simple earrings silver,320,HIGH,100
opal cocktail ring vintage,320,HIGH,89
lia sophia hoop earrings,320,HIGH,91
birthstones for the year,320,HIGH,95
sterling silver amber earrings,320,HIGH,97
chrome hearts silver ring,320,HIGH,99
citrine sunflower ring,320,HIGH,85
may and august birthstone,320,HIGH,100
emerald citrine ring,320,HIGH,100
citrine and pyrite bracelet,320,HIGH,100
citrine and tiger eye bracelet,320,HIGH,100
sorrelli cross necklace,320,HIGH,73
rose quartz bracelet for love,320,HIGH,90
silver earrings simple,320,HIGH,100
vintage swarovski necklace,320,HIGH,100
color of ruby stone,320,HIGH,96
citrine marquise ring,320,HIGH,100
marquise citrine ring,320,HIGH,100
rose quartz amethyst bracelet,320,HIGH,100
turquoise huggie earrings,320,HIGH,100
david yurman citrine bracelet,320,HIGH,100
david yurman turquoise necklace,320,HIGH,95
turquoise jewelry for sale,320,HIGH,100
turquoise hoops,320,HIGH,100
david yurman spiritual bead bracelet,320,HIGH,100
moonstone drop earrings,320,HIGH,100
turquoise diamond earrings,320,HIGH,100
turquoise bangle bracelet,320,HIGH,100
turquoise clover necklace,320,HIGH,100
spiritual bead bracelets,320,HIGH,100
turquoise stud earrings gold,320,HIGH,100
men's spiritual bracelets,320,HIGH,100
purple turquoise jewelry,320,HIGH,100
amazon turquoise jewelry,320,HIGH,100
etsy moonstone ring,320,HIGH,99
moonstone earrings drop,320,HIGH,100
van cleef tiger eye bracelet,320,HIGH,100
spiritual protection necklace,320,HIGH,98
barse turquoise necklace,320,HIGH,100
14k gold turquoise ring,320,HIGH,100
david yurman bracelet citrine,320,HIGH,100
turquoise and gold stud earrings,320,HIGH,100
mens spiritual bracelets,320,HIGH,100
turquoise wedding jewelry,320,HIGH,100
mens turquoise pendant,320,HIGH,100
turquoise horseshoe necklace,320,HIGH,100
turquoise and diamond bracelet,320,HIGH,100
turquoise rings near me,320,HIGH,99
turquoise costume jewelry,320,HIGH,100
green turquoise necklace,320,HIGH,100
turquoise leather bracelet,320,HIGH,100
ebay turquoise jewelry,320,HIGH,100
square turquoise ring,320,HIGH,100
turquoise layered necklace,320,HIGH,100
kendra scott turquoise bracelet,320,HIGH,100
amazon turquoise rings,320,HIGH,99
leather and turquoise bracelet,320,HIGH,100
moonstone and aquamarine ring,320,HIGH,100
van cleef carnelian bracelet,320,HIGH,100
pandora turquoise ring,320,HIGH,100
mens moonstone necklace,320,HIGH,100
purple turquoise ring,320,HIGH,100
citrine earrings silver,320,HIGH,100
mens turquoise earrings,320,HIGH,100
delicate turquoise necklace,320,HIGH,100
turquoise hoop earrings gold,320,HIGH,100
kendra scott turquoise stud earrings,320,HIGH,97
opal moonstone ring,320,HIGH,100
turquoise diamond bracelet,320,HIGH,100
14k gold and turquoise ring,320,HIGH,100
mexican turquoise jewelry,320,HIGH,99
turquoise pandora charm,320,HIGH,100
carnelian stud earrings,320,HIGH,74
amethyst and moonstone ring,320,HIGH,100
turquoise and gold hoop earrings,320,HIGH,100
navajo pearl and turquoise necklace,320,HIGH,100
turquoise wedding earrings,320,HIGH,100
navajo turquoise pendant,320,HIGH,100
white turquoise earrings,320,HIGH,82
spiritual necklace protection,320,HIGH,98
turquoise gold hoop earrings,320,HIGH,100
celtic moonstone ring,320,HIGH,100
turquoise horseshoe ring,320,HIGH,100
turquoise shop,320,HIGH,76
turquoise gemstone jewelry,320,HIGH,94
native turquoise rings,320,HIGH,100
turquoise horse necklace,320,HIGH,100
gold and turquoise hoop earrings,320,HIGH,100
yellow citrine jewelry,320,HIGH,90
turquoise arrowhead necklace,320,HIGH,100
turquoise collar necklace,320,HIGH,100
tigers eye pendant necklace,320,HIGH,100
turquoise shops near me,320,MEDIUM,61
madeira citrine jewelry,320,HIGH,100
van cleef tigers eye bracelet,320,HIGH,100
moonstone crystal jewelry,320,HIGH,93
gold turquoise hoop earrings,320,HIGH,100
tiffany and co turquoise,320,HIGH,100
turquoise earrings with diamonds,320,HIGH,100
turquoise pendant sterling silver,320,HIGH,100
citrine silver earrings,320,HIGH,100
marquise moonstone ring,320,HIGH,100
graduated turquoise necklace,320,HIGH,100
judith ripka turquoise ring,320,HIGH,100
turquoise cross bracelet,320,HIGH,100
fake turquoise necklace,320,HIGH,100
squash blossom bracelet,320,HIGH,100
jacla necklace,320,HIGH,100
dry creek turquoise ring,320,HIGH,100
georg jensen moonstone earrings,320,LOW,14
purple mojave turquoise,320,HIGH,98
turquoise ear climber,320,HIGH,100
turquoise belly button ring,320,HIGH,100
large turquoise cross necklace,320,HIGH,75
faux turquoise necklace,320,HIGH,100
pink turquoise ring,320,HIGH,100
sleeping beauty jewellery,320,HIGH,100
heart shaped turquoise necklace,320,HIGH,100
tiger eye gold pendant,320,HIGH,99
mens turquoise bead necklace,320,HIGH,100
thunderbird turquoise necklace,320,HIGH,80
moonstone amethyst ring,320,HIGH,100
long turquoise ring,320,HIGH,100
turquoise turtle pendant,320,HIGH,100
sjd 925 ring with diamonds,320,LOW,32
citrine and silver earrings,320,HIGH,100
turquoise puka shell necklace,320,HIGH,100
turquoise crystal jewellery,320,HIGH,94
spiritual bracelets beads,320,HIGH,100
old pawn turquoise ring,320,HIGH,96
moonstone mens necklace,320,HIGH,100
dakota sky jewelry,320,HIGH,69
navajo pearls and turquoise necklace,320,HIGH,100
matrix turquoise,320,HIGH,97
tiger eye pendant gold,320,HIGH,99
turquoise chip bracelet,320,HIGH,90
moonstone marquise ring,320,HIGH,100
sonoran gold,320,HIGH,98
turquoise bridal earrings,320,HIGH,100
native american silver and turquoise bracelets,320,HIGH,99
mexican turquoise ring,320,HIGH,83
turquoise masonic ring,320,HIGH,79
moonstone jewelry rings,320,LOW,18
turquoise nugget bracelet,320,HIGH,100
gold tiger eye pendant,320,HIGH,99
citrine emerald ring,320,HIGH,100
7 dwarfs turquoise,320,MEDIUM,34
925 lind ring,320,MEDIUM,50
925 meda ring,320,MEDIUM,43
925 nvc 8 ring,320,MEDIUM,48
amazon turquoise jewellery,320,HIGH,100
amethyst moonstone ring,320,HIGH,100
antique navajo squash blossom necklace,320,HIGH,100
aquamarine moonstone ring,320,HIGH,100
bbj 925,320,LOW,22
bead bracelets spiritual,320,HIGH,100
bear claw turquoise ring,320,MEDIUM,64
bell sterling turquoise ring,320,MEDIUM,53
boulder turquoise ring,320,HIGH,100
cabochon citrine ring,320,HIGH,76
carnelian cabochon ring,320,HIGH,75
carnelian gemstone necklace,320,HIGH,100
carved carnelian pendant,320,MEDIUM,50
cat's eye moonstone ring,320,HIGH,73
cats eye moonstone ring,320,HIGH,73
citrine art deco ring,320,HIGH,100
citrine cabochon ring,320,HIGH,76
citrine quartz jewelry,320,HIGH,82
double turquoise ring,320,HIGH,97
effie calavaza ring,320,HIGH,100
georgian citrine ring,320,LOW,32
green turquoise squash blossom necklace,320,HIGH,99
hawk's eye jewelry,320,MEDIUM,54
huge citrine ring,320,HIGH,100
jacla earrings,320,HIGH,100
kingman turquoise stone,320,HIGH,99
large turquoise cross pendant,320,HIGH,75
moonstone aquamarine ring,320,HIGH,100
moonstone ring blue,320,HIGH,100
moonstone rose quartz bracelet,320,HIGH,100
navajo turquoise bracelet vintage,320,HIGH,100
new mexican turquoise jewelry,320,HIGH,100
peyote bird turquoise necklace,320,HIGH,93
pink moonstone jewelry,320,HIGH,99
rose quartz moonstone bracelet,320,HIGH,100
seven dwarfs turquoise,320,MEDIUM,34
silver and citrine earrings,320,HIGH,100
silver cross with turquoise stone,320,HIGH,69
solid 925 sterling,320,HIGH,97
spiderweb turquoise ring,320,HIGH,100
squash blossom ring,320,HIGH,98
squash blossom turquoise ring,320,HIGH,94
squash necklaces,320,HIGH,100
sterling silver and turquoise pendant,320,HIGH,100
tiger eye gemstone necklace,320,HIGH,100
turquoise bead jewelry,320,HIGH,100
turquoise cameo,320,MEDIUM,57
turquoise earrings men,320,HIGH,100
turquoise flower bracelet,320,HIGH,82
turquoise inlay jewelry,320,HIGH,88
turquoise star ring,320,HIGH,84
turquoise sterling silver pendant,320,HIGH,100
vintage navajo squash blossom necklace,320,HIGH,100
wire wrapped turquoise pendant,320,HIGH,75
zuni inlay pendant,320,MEDIUM,53
zuni petit point necklace,320,HIGH,82
zuni sun face earrings,320,MEDIUM,61
zuni sunface pendant,320,HIGH,100
silver lockets for women,260,HIGH,100
custom gemstone engagement rings,260,HIGH,100
real amethyst necklace,260,HIGH,100
solid silver bracelets,260,HIGH,99
wholesale sterling silver chains,260,HIGH,100
novica earrings,260,HIGH,99
carnelian heart necklace,260,HIGH,100
white topaz rings,260,HIGH,100
pure silver chain for men,260,HIGH,100
black and silver mens wedding band,260,HIGH,100
sterling silver cartilage earrings,260,HIGH,100
silver huggie hoops,260,HIGH,100
tanzanite rings for sale,260,HIGH,100
solid silver necklace,260,HIGH,100
genuine opal necklace,260,HIGH,100
kinsley armelle jewelry,260,HIGH,100
silver necklace for girlfriend,260,HIGH,100
pear shaped sapphire ring,260,HIGH,100
aquamarine stackable ring,260,HIGH,100
silver diamond stud earrings,260,HIGH,100
simple silver bracelet,260,HIGH,100
l necklace silver,260,HIGH,100
alexandrite engagement ring set,260,HIGH,100
sterling silver helix earrings,260,HIGH,100
paperclip bracelet silver,260,HIGH,100
silver layered necklace set,260,HIGH,100
aquamarine cross necklace,260,HIGH,100
blue green sapphire engagement ring,260,HIGH,100
mens 18 inch silver chain,260,HIGH,100
custom silver bracelets,260,HIGH,100
citrine ring white gold,260,HIGH,100
square engagement rings silver,260,HIGH,100
sterling silver name bracelet,260,HIGH,100
effy tanzanite ring,260,HIGH,100
green amethyst necklace,260,HIGH,100
mens 20 inch silver chain,260,HIGH,100
aquamarine pendant gold,260,HIGH,100
silver dog tag necklace,260,HIGH,100
sterling silver christmas earrings,260,MEDIUM,38
peridot drop earrings,260,HIGH,100
peach morganite ring,260,HIGH,100
real amethyst bracelet,260,HIGH,100
topaz tennis bracelet,260,HIGH,100
citrine drop earrings,260,HIGH,100
large aquamarine ring,260,HIGH,100
oxidized jewellery,260,HIGH,100
the silver store,260,MEDIUM,51
vermeil chain,260,HIGH,100
blue opal engagement ring,260,HIGH,100
adjustable silver bracelet,260,HIGH,100
topaz december birthstone,260,HIGH,100
handmade silver earrings,260,HIGH,100
e necklace silver,260,HIGH,100
sterling hoop earrings,260,HIGH,100
childrens silver bracelet,260,HIGH,100
turtle necklace silver,260,HIGH,100
silver cartilage earrings,260,HIGH,100
garnet studs,260,HIGH,100
silver leaf earrings,260,HIGH,100
long silver chain necklace,260,HIGH,100
gold ring with ruby stone,260,HIGH,100
diamond ring with sapphire side stones,260,HIGH,100
solid silver ring,260,HIGH,100
moonstone wedding band,260,HIGH,100
18k vermeil,260,HIGH,100
long sterling silver necklace,260,HIGH,100
morganite ring white gold,260,HIGH,100
hippie rings,260,HIGH,100
artisan earrings,260,HIGH,100
silver rose necklace,260,HIGH,100
sterling silver gold plated earrings,260,HIGH,100
citrine crystal ring,260,HIGH,100
two stone necklace,260,HIGH,100
sterling silver huggie hoops,260,HIGH,100
yellow citrine ring,260,HIGH,100
everyday necklace silver,260,HIGH,100
silver tassel earrings,260,HIGH,100
sterling silver septum ring,260,HIGH,100
mystic fire topaz ring,260,HIGH,100
wholesale gemstone jewelry,260,HIGH,100
silver diamond hoops,260,HIGH,100
black spinel bracelet,260,HIGH,100
dainty silver earrings,260,HIGH,100
green tourmaline engagement ring,260,HIGH,100
silver daisy necklace,260,HIGH,100
aquamarine heart ring,260,HIGH,100
large stone rings,260,HIGH,100
garnet band ring,260,HIGH,100
opal locket,260,HIGH,100
thick sterling silver chain,260,HIGH,100
purple sapphire necklace,260,HIGH,100
black onyx mens wedding band,260,HIGH,100
imperial topaz necklace,260,HIGH,100
pandora heart necklace silver,260,HIGH,100
blue topaz birthstone ring,260,HIGH,100
platinum aquamarine ring,260,HIGH,100
silver snake earrings,260,HIGH,99
raw gemstone rings,260,HIGH,100
garnet hoop earrings,260,HIGH,100
sterling silver ball necklace,260,HIGH,100
t necklace silver,260,HIGH,100
pink sapphire heart ring,260,HIGH,100
emerald green diamond ring,260,HIGH,100
4 stone ring,260,HIGH,100
kate spade silver bracelet,260,HIGH,100
r necklace silver,260,HIGH,100
sterling silver dome ring,260,HIGH,100
raw amethyst necklace,260,HIGH,100
silver snowflake earrings,260,HIGH,100
top handmade jewelry websites,260,HIGH,100
green opal necklace,260,HIGH,100
gemstone hoop earrings,260,HIGH,100
unique silver earrings,260,HIGH,100
yellow sapphire gold ring,260,HIGH,100
solid sterling silver chain,260,HIGH,100
morganite diamond,260,HIGH,100
silver moon earrings,260,HIGH,100
diamond ring with sapphire accents,260,HIGH,100
silver cat necklace,260,HIGH,100
fire opal bracelet,260,HIGH,100
blue gemstone earrings,260,HIGH,100
effy multi gemstone ring,260,HIGH,100
natural aquamarine ring,260,HIGH,100
multi stone bracelet,260,HIGH,100
ace of spades necklace,260,HIGH,100
blue topaz eternity band,260,HIGH,100
fertility crystal bracelet,260,HIGH,75
snake earrings silver,260,HIGH,99
rose quartz ring silver,260,HIGH,100
tanzanite eternity band,260,HIGH,100
alexandrite eternity band,260,HIGH,100
sterling silver snowflake earrings,260,HIGH,100
healing crystal rings,260,HIGH,100
mens chunky silver rings,260,HIGH,87
blue stone rings for ladies,260,HIGH,100
madeira citrine ring,260,HIGH,100
stone drop earrings,260,HIGH,100
genuine pearls,260,HIGH,100
emerald cut blue topaz ring,260,HIGH,100
tiffany 1837 circle pendant,260,MEDIUM,41
sterling silver link chain,260,HIGH,100
unique silver necklace,260,HIGH,100
gold boho earrings,260,HIGH,100
handmade mens leather bracelet,260,HIGH,100
silver ring with green stone,260,HIGH,100
red stone bracelet,260,HIGH,100
jtv gemstones,260,HIGH,100
red sapphire ring,260,HIGH,100
white gold topaz ring,260,HIGH,100
ametrine necklace,260,HIGH,100
rainbow gemstone bracelet,260,HIGH,100
emerald cut gemstone rings,260,HIGH,100
sterling silver earring findings,260,HIGH,100
smoky quartz pendant,260,HIGH,100
cheap emerald rings,260,HIGH,100
silver ring earrings,260,HIGH,100
turquoise stone earrings,260,HIGH,100
unique sterling silver earrings,260,HIGH,100
tiffany silver ball necklace,260,HIGH,100
silver elephant bracelet,260,HIGH,99
silver circle pendant necklace,260,HIGH,100
amethyst dangle earrings,260,HIGH,100
stone jewelry near me,260,HIGH,99
boho silver earrings,260,HIGH,100
big stone rings,260,HIGH,100
big silver rings,260,HIGH,100
silver chain for men design,260,HIGH,100
silver mood ring,260,HIGH,100
silver moon ring,260,HIGH,100
sterling silver circle necklace,260,HIGH,100
handmade mens rings,260,HIGH,100
princess cut aquamarine ring,260,HIGH,100
semi precious jewellery,260,HIGH,100
emerald bead bracelet,260,HIGH,100
purple gemstone necklace,260,HIGH,100
long dangle earrings silver,260,HIGH,100
999 silver ring,260,HIGH,100
opal and pink tourmaline ring,260,HIGH,100
gemstone studs,260,HIGH,98
alexandrite band,260,HIGH,100
vintage sapphire wedding bands,260,HIGH,100
s925 ring price,260,HIGH,90
silver plated necklace,260,HIGH,97
australian black opal ring,260,HIGH,100
rhodolite ring,260,HIGH,100
silver jhumka earrings,260,HIGH,100
starfish earrings silver,260,HIGH,98
antique gemstone rings,260,HIGH,100
morganite rose gold,260,HIGH,100
multi colored gemstone necklace,260,HIGH,100
tourmaline and diamond ring,260,HIGH,100
silver topaz ring,260,HIGH,100
gemstone rings near me,260,HIGH,99
australian opal bracelet,260,HIGH,100
amazon necklace chain,260,HIGH,97
amber stone ring,260,HIGH,100
tiffany key necklace silver,260,HIGH,100
orange gemstone ring,260,HIGH,100
tourmaline stone ring,260,HIGH,100
amber stone necklace,260,HIGH,100
handmade sterling silver earrings,260,HIGH,92
999 silver bracelet,260,HIGH,100
bali silver bracelets,260,HIGH,100
garnet bead bracelet,260,HIGH,100
blue lapis ring,260,HIGH,100
square opal ring,260,HIGH,100
moonstone crystal bracelet,260,HIGH,100
tanzanite diamond,260,HIGH,100
sugilite bracelet,260,HIGH,100
morganite gold ring,260,HIGH,100
pietersite ring,260,HIGH,100
iolite bracelet,260,HIGH,100
iced out cuban bracelet,260,HIGH,97
blue lace agate ring,260,HIGH,100
bloodstone engagement ring,260,HIGH,100
green emerald necklace gold,260,HIGH,100
green agate bracelet,260,HIGH,100
cornflower sapphire ring,260,HIGH,100
gold stone necklace,260,HIGH,100
kohl's sterling silver earrings,260,HIGH,88
artisan necklace,260,HIGH,99
gold and silver rings together,260,HIGH,100
handmade beads,260,HIGH,100
oxidized silver chain,260,HIGH,100
boho jewelry near me,260,HIGH,100
ametrine bracelet,260,HIGH,100
alexandrite and moonstone ring,260,HIGH,100
bridal jewellery set silver,260,HIGH,100
mexican opal ring,260,HIGH,100
natural freshwater pearls,260,HIGH,100
boho beaded bracelets,260,HIGH,99
boho statement necklace,260,HIGH,100
blue moonstone necklace,260,HIGH,100
handmade mens bracelets,260,HIGH,100
handmade cross necklace,260,HIGH,100
silver dragon ring,260,HIGH,100
prade jewels,260,MEDIUM,45
lapis lazuli necklace pendant,260,HIGH,100
black opal gold ring,260,HIGH,100
g silver pearl necklace,260,HIGH,99
feather cuff bracelet,260,HIGH,100
gold plated silver rings,260,HIGH,100
garnet heart,260,HIGH,100
healing stone rings,260,HIGH,100
dollar chain,260,MEDIUM,58
silver bracelet with stones,260,HIGH,100
howlite ring,260,HIGH,100
moon ring silver,260,HIGH,100
iced out cartier bracelet,260,HIGH,100
rectangle stone ring,260,HIGH,100
agate stone necklace,260,HIGH,100
handcrafted mens rings,260,HIGH,100
modern birthstones,260,HIGH,100
homemade necklace,260,HIGH,93
real turquoise stone,260,HIGH,100
cabochon pendant,260,HIGH,100
brown stone necklace,260,HIGH,100
san judas tadeo pendant,260,HIGH,100
peach moonstone bracelet,260,HIGH,100
indian stone jewelry,260,HIGH,97
handmade hawaiian jewelry,260,HIGH,99
hematite stone bracelet,260,HIGH,100
ring earrings silver,260,HIGH,100
ant hill garnet,260,HIGH,99
boho earrings gold,260,HIGH,100
handcrafted gemstone jewellery,260,HIGH,100
silver boho bracelets,260,HIGH,99
bohemian beaded necklaces,260,HIGH,100
green peridot stone,260,HIGH,100
silver western earrings,260,HIGH,100
silver stone jewellery,260,HIGH,100
boho bracelets silver,260,HIGH,99
boho cuff bracelet,260,HIGH,87
balinese earrings,260,HIGH,100
the birthstones,260,HIGH,97
boho feather earrings,260,HIGH,99
artisan crafted jewelry,260,HIGH,94
silver chain design for male,260,HIGH,100
bali sterling silver bracelet,260,HIGH,100
black birthstone,260,MEDIUM,60
handmade diamond jewelry,260,MEDIUM,56
mens handcrafted rings,260,HIGH,100
handcrafted sterling silver earrings,260,HIGH,92
gold earrings boho,260,HIGH,100
most popular gemstones,260,MEDIUM,66
silver and stone jewellery,260,HIGH,100
handcrafted necklace,260,HIGH,100
handmade leather bracelets for guys,260,HIGH,100
women blue stone ring,260,HIGH,100
gypsy boho jewelry,260,HIGH,100
balinese silver bracelets,260,HIGH,100
handmade wire jewelry,260,HIGH,98
garnet and peridot,260,HIGH,97
handcrafted silver earrings,260,HIGH,100
artificial gemstone jewellery,260,HIGH,100
handmade bracelets for guys,260,HIGH,100
handmade charm bracelets,260,HIGH,100
moonstone pearl,260,HIGH,99
handmade spoon rings,260,HIGH,100
handmade earrings silver,260,HIGH,100
handmade cross pendant,260,HIGH,100
blue lace agate raw,260,HIGH,100
white coral ring,260,HIGH,69
hematite gold,260,HIGH,92
handmade amethyst earrings,260,MEDIUM,34
bali bead,260,HIGH,100
bali silver pendants,260,MEDIUM,37
balinese sterling silver bracelets,260,HIGH,100
beads handmade,260,HIGH,100
earrings handmade silver,260,HIGH,100
feather boho earrings,260,HIGH,99
handcraft wire jewelry,260,HIGH,98
handcrafted cross necklace,260,HIGH,100
handcrafted diamond jewelry,260,MEDIUM,56
handcrafted men's bracelets,260,HIGH,100
handcrafted wire wrapped jewelry,260,HIGH,98
handmade jewelry gemstones,260,HIGH,100
handmade leather bracelet mens,260,HIGH,100
handmade mens leather bracelets,260,HIGH,100
handmade sterling earrings,260,HIGH,92
handmade turquoise necklace,260,HIGH,100
handmade wire wrap jewelry,260,HIGH,98
mens leather bracelet handmade,260,HIGH,100
sunwest handmade,260,LOW,3
mothers necklace 3 stones,260,HIGH,100
mothers day rings 4 stones,260,HIGH,100
mothers day rings 2 stones,260,HIGH,100
may birthstone earrings,260,HIGH,100
crystal tennis bracelet,260,HIGH,100
real crystal necklace,260,HIGH,99
mothers day birthstone bracelet,260,HIGH,100
crystal haze jewelry,260,HIGH,100
pandora birthstone earrings,260,HIGH,100
swarovski millenia bracelet,260,HIGH,100
david yurman birthstone necklace,260,HIGH,90
moissanite radiant cut,260,HIGH,100
swarovski gema bracelet,260,HIGH,100
david yurman blue topaz,260,HIGH,100
april birthstone bracelet,260,HIGH,100
london topaz ring,260,HIGH,100
oval moissanite,260,HIGH,100
david yurman silver earrings,260,HIGH,100
blue crystal earrings,260,HIGH,100
swarovski eternity ring,260,HIGH,100
multiple birthstone jewelry,260,HIGH,100
birthstone bangle bracelet,260,HIGH,100
moissanite for sale,260,HIGH,100
lab created sapphire engagement rings,260,HIGH,96
letter and birthstone necklace,260,HIGH,100
bulk crystal beads,260,HIGH,100
kay jewelers birthstone bracelet,260,HIGH,100
blue zircon earrings,260,HIGH,100
real alexandrite engagement ring,260,HIGH,100
swarovski men bracelet,260,HIGH,100
etsy birthstone bracelet,260,HIGH,100
swarovski bracelet price,260,HIGH,99
crystal avenue jewelry,260,HIGH,96
couples birthstone jewelry,260,HIGH,100
aquamarine platinum ring,260,HIGH,100
pink quartz necklace,260,HIGH,100
letter necklace with birthstone,260,HIGH,100
black crystal bracelet,260,HIGH,100
double birthstone bracelet,260,HIGH,100
pink crystal bracelet,260,HIGH,100
baguette birthstone ring,260,HIGH,100
14k gold birthstone bracelet,260,HIGH,100
aquamarine stacking ring,260,HIGH,100
custom birthstone jewelry for mom,260,HIGH,100
gold birthstone earrings,260,HIGH,100
swarovski chain necklace,260,HIGH,100
purple crystal necklace,260,HIGH,100
aquamarine earrings silver,260,HIGH,100
swarovski butterfly bracelet,260,HIGH,100
blue nile sapphire,260,MEDIUM,59
kyanite bracelet,260,HIGH,100
mens aquamarine wedding band,260,HIGH,100
opal cocktail ring,260,HIGH,100
cross with birthstones,260,HIGH,100
silver anniversary rings,260,HIGH,100
mejuri silver hoops,260,HIGH,100
swarovski nose stud,260,HIGH,100
swarovski black earrings,260,HIGH,100
fathers rings with birthstones,260,HIGH,100
lab grown aquamarine,260,HIGH,100
platinum sapphire engagement ring,260,HIGH,94
swarovski chandelier earrings,260,HIGH,100
crystal ball earrings,260,HIGH,100
genuine tanzanite rings,260,HIGH,100
crystal statement necklace,260,HIGH,100
blue topaz yellow gold ring,260,HIGH,100
peridot and diamond engagement ring,260,HIGH,100
blue topaz cross necklace,260,HIGH,100
black tourmaline earrings,260,HIGH,100
silver ruby earrings,260,HIGH,100
james allen sapphire ring,260,HIGH,98
swarovski snowflake earrings,260,HIGH,87
kendra scott march birthstone necklace,260,HIGH,100
silver dome earrings,260,HIGH,83
5 carat moissanite,260,HIGH,100
mejuri birthstone,260,HIGH,100
sapphire ring gold band,260,HIGH,100
gucci sterling silver ring,260,HIGH,100
bicone crystal beads,260,HIGH,99
sterling silver screw back earrings,260,HIGH,100
swarovski swan pendant,260,HIGH,100
gold and silver hoops,260,HIGH,100
white gold pink sapphire ring,260,HIGH,100
large sterling silver earrings,260,HIGH,100
amazon birthstone rings,260,HIGH,93
ombre sapphire ring,260,HIGH,100
herkimer diamond engagement ring,260,HIGH,100
clear quartz crystal necklace,260,HIGH,100
two gemstone ring,260,HIGH,100
sterling silver pearl drop earrings,260,HIGH,100
crystal teardrop earrings,260,HIGH,100
silver diamond drop earrings,260,HIGH,100
star of bethlehem necklace,260,HIGH,100
quartz pendant,260,HIGH,100
blue moissanite engagement ring,260,HIGH,100
alexandrite eternity ring,260,HIGH,100
flower statement earrings,260,HIGH,100
rose gold morganite wedding set,260,HIGH,100
amazon birthstone necklace,260,HIGH,100
sterling silver feather ring,260,HIGH,100
swarovski crystal pendant,260,HIGH,96
rose gold moonstone engagement ring,260,HIGH,97
silver band engagement rings,260,HIGH,100
swarovski flower ring,260,HIGH,100
swarovski crystal heart necklace,260,HIGH,100
swarovski crystal cross necklace,260,HIGH,100
swarovski nose ring,260,HIGH,100
design birthstone ring,260,HIGH,100
green sapphire stone,260,HIGH,100
3 carat sapphire,260,HIGH,100
geode necklace,260,HIGH,100
sapphire tiffany,260,HIGH,100
watermelon tourmaline bracelet,260,HIGH,100
blue topaz and sapphire ring,260,HIGH,100
amethyst baguette ring,260,HIGH,100
real crystal beads for jewelry making,260,HIGH,100
kendra scott april birthstone,260,HIGH,100
gold and silver wedding ring set,260,HIGH,100
diamond ring with opal accents,260,HIGH,100
sterling silver wide band rings,260,HIGH,100
princess cut emerald,260,HIGH,100
sterling silver chain earrings,260,HIGH,100
multiple birthstone jewellery,260,HIGH,100
turquoise statement ring,260,HIGH,100
sterling silver band ring womens,260,HIGH,100
sterling silver moon earrings,260,HIGH,100
wide sterling silver rings,260,HIGH,100
statement cocktail rings,260,MEDIUM,63
breastmilk ring with birthstone,260,HIGH,100
marquise sapphire,260,HIGH,100
opal and blue topaz ring,260,HIGH,100
sterling silver hoop earrings set of 3,260,HIGH,100
dad rings with birthstones,260,HIGH,100
genuine star sapphire ring,260,HIGH,100
aquamarine and blue topaz ring,260,HIGH,100
asscher cut sapphire,260,HIGH,100
butterfly bracelet swarovski,260,HIGH,100
birthstone baguette ring,260,HIGH,100
sterling silver gold plated rings,260,HIGH,100
selenite crystal bracelet,260,HIGH,100
dark blue topaz,260,HIGH,100
chunky silver rings womens,260,HIGH,100
sapphire and citrine ring,260,HIGH,100
mejuri silver rings,260,HIGH,100
emerald and baguette diamond ring,260,HIGH,100
fine silver ring,260,HIGH,100
yellow topaz ring gold,260,HIGH,100
citrine earrings drop,260,HIGH,100
kendra scott may birthstone,260,HIGH,99
angel wing earrings silver,260,HIGH,100
hermes farandole earrings,260,HIGH,100
vintage birthstone rings,260,HIGH,100
selenite ring,260,HIGH,100
3 inch sterling silver hoop earrings,260,MEDIUM,45
alexandrite birthstone month,260,HIGH,99
sterling silver wedding ring sets for him and her,260,HIGH,100
gold stackable birthstone rings,260,HIGH,100
sterling silver biker rings,260,HIGH,100
unique garnet rings,260,HIGH,99
braided silver ring,260,HIGH,100
celestite jewelry,260,HIGH,100
sterling silver flower earrings,260,HIGH,100
tanzanite birthstone month,260,MEDIUM,52
alexandrite and pearl ring,260,HIGH,100
unique cocktail rings,260,HIGH,100
swarovski swan necklace gold,260,HIGH,100
alexandrite and amethyst ring,260,HIGH,100
native american silver rings,260,HIGH,100
thick sterling silver hoops,260,HIGH,100
crystal ball stud earrings,260,HIGH,100
silver dragonfly earrings,260,HIGH,100
mens cocktail rings,260,HIGH,100
mens emerald,260,HIGH,100
rose cut sapphire,260,HIGH,100
sterling silver turtle earrings,260,HIGH,100
native american silver earrings,260,HIGH,92
topaz and amethyst ring,260,HIGH,100
sterling silver wrap ring,260,HIGH,100
blue lace agate earrings,260,HIGH,100
birthstone bead bracelets,260,HIGH,100
gold plated silver ring,260,HIGH,100
alexandrite birthstone jewelry,260,HIGH,100
swarovski pink heart necklace,260,HIGH,100
peridot and topaz ring,260,HIGH,100
sterling silver monogram ring,260,HIGH,100
silver puzzle ring,260,HIGH,100
tourmaline gold ring,260,HIGH,100
sterling silver square hoop earrings,260,HIGH,86
amethyst gemstone ring,260,HIGH,99
citrine and aquamarine ring,260,HIGH,100
ruby and silver earrings,260,HIGH,100
vintage statement rings,260,HIGH,96
garnet pinky ring,260,HIGH,100
citrine dangle earrings,260,HIGH,100
gemstone engagement rings etsy,260,HIGH,99
swarovski rings rose gold,260,HIGH,100
yellow topaz gold ring,260,HIGH,100
tourmaline diamond ring,260,HIGH,100
larimar ring gold,260,HIGH,100
raw gem rings,260,HIGH,100
blue sapphire diamond,260,HIGH,99
sterling silver cubic zirconia stud earrings,260,HIGH,99
birthstone lockets,260,HIGH,100
rock crystal necklace,260,HIGH,100
silver drop earrings for women,260,HIGH,100
marquise emerald,260,HIGH,99
crystal ball ring,260,HIGH,100
aquamarine sapphire,260,HIGH,100
tennis pendant necklace,260,HIGH,100
1 carat aquamarine stone price,260,HIGH,100
sterling silver hammered hoop earrings,260,HIGH,99
sterling earrings hoops,260,HIGH,100
silver nail ring,260,HIGH,100
moonstone and sapphire ring,260,HIGH,100
silver beaded ring,260,HIGH,100
sterling silver tanzanite ring,260,HIGH,100
silver diamond dangle earrings,260,HIGH,100
blue silver ring,260,HIGH,100
teardrop crystal beads,260,HIGH,100
vintage white sapphire rings,260,HIGH,100
london blue topaz stone,260,HIGH,100
mens blue star sapphire ring,260,HIGH,100
oversized statement earrings,260,HIGH,100
blue and silver ring,260,HIGH,100
tiffany heart ring silver,260,HIGH,100
mens gold ring with stone,260,HIGH,100
stackable birthstone rings pandora,260,HIGH,100
pink silver ring,260,HIGH,100
square amethyst ring,260,HIGH,100
austrian crystal jewelry,260,HIGH,99
womens silver drop earrings,260,HIGH,100
turquoise drop earrings silver,260,HIGH,100
black earrings swarovski,260,HIGH,100
pandora crown ring silver,260,HIGH,100
labradorite earrings silver,260,HIGH,100
blue cubic zirconia,260,HIGH,100
swarovski crystal nose stud,260,HIGH,100
raw black tourmaline necklace,260,HIGH,99
sterling silver bow earrings,260,HIGH,100
silver eye ring,260,HIGH,100
selenite earrings,260,HIGH,98
unique earrings silver,260,HIGH,100
925 sterling silver nose ring,260,HIGH,100
citrine jewelry for men,260,HIGH,100
mens silver cross earring,260,HIGH,100
pandora statement ring,260,MEDIUM,61
925 mens rings,260,HIGH,100
925 silver ring with diamonds,260,HIGH,100
chain earrings sterling silver,260,HIGH,100
crystal beads near me,260,HIGH,91
silver drop diamond earrings,260,HIGH,100
teal tourmaline,260,HIGH,99
sterling silver earring stacks,260,HIGH,100
western silver rings,260,HIGH,100
hummingbird earrings silver,260,HIGH,100
avon sterling silver rings,260,HIGH,100
white moonstone ring,260,HIGH,100
loose ruby gemstones,260,HIGH,100
malachite earrings silver,260,HIGH,81
david yurman champagne citrine,260,HIGH,100
big sterling silver earrings,260,HIGH,100
aquamarine gold,260,HIGH,100
women star sapphire ring,260,HIGH,100
diamond cocktail rings yellow gold,260,HIGH,100
silver lord of the rings ring,260,HIGH,100
silver celtic knot earrings,260,HIGH,100
sterling silver shamrock earrings,260,HIGH,100
lavender spinel,260,HIGH,100
swarovski crystal chandelier earrings,260,HIGH,100
citrine mens necklace,260,HIGH,100
mens yellow topaz ring,260,HIGH,100
citrine and white gold ring,260,HIGH,100
navajo silver earrings,260,HIGH,97
james avery garnet ring,260,HIGH,100
sterling silver thick hoops,260,HIGH,100
vintage crystal drop earrings,260,HIGH,70
emerald and silver,260,HIGH,88
vintage silver rings with stones,260,HIGH,100
pink rose quartz necklace,260,HIGH,100
real silver ring for women,260,HIGH,100
multi crystal bracelet,260,HIGH,81
orange calcite bracelet,260,HIGH,100
mens black tourmaline necklace,260,HIGH,100
coral earrings silver,260,HIGH,90
pink birthstone month,260,HIGH,87
golden healer bracelet,260,HIGH,97
victorian garnet ring,260,HIGH,100
925 sterling silver dangle earrings,260,HIGH,100
pink alexandrite,260,HIGH,100
february gemstone birthstone,260,HIGH,91
eye ring silver,260,HIGH,100
swarovski crystal bead bracelet,260,HIGH,100
women's blue stone ring,260,HIGH,100
swarovski crystal nose ring,260,HIGH,100
swarovski crystal cross pendant,260,HIGH,100
square crystal necklace,260,HIGH,100
swarovski bracelet butterfly,260,HIGH,100
silver ball dangle earrings,260,HIGH,99
hematite crystal necklace,260,HIGH,72
citrine sapphire ring,260,HIGH,100
moon silver earrings,260,HIGH,100
dragon silver ring,260,HIGH,100
swarovski crystal chain,260,MEDIUM,65
yellow calcite bracelet,260,HIGH,75
blue apatite earrings,260,HIGH,99
red jasper crystal necklace,260,MEDIUM,64
baccarat crystal necklace,260,HIGH,100
long crystal bead necklace,260,HIGH,70
gem cuts for rings,260,HIGH,100
oval cabochon,260,HIGH,100
silver gold hoops,260,HIGH,100
925 sk9,260,LOW,21
bracelet ametrine,260,HIGH,100
chunky silver rings for women,260,HIGH,100
vintage marcasite earrings,260,MEDIUM,60
traditional birthstones by month,260,HIGH,100
colors of gemstones,260,HIGH,99
swarovski pendant swan,260,HIGH,100
tassel silver earrings,260,HIGH,100
silver spiral hoop earrings,260,HIGH,100
tiger eye stone earrings,260,HIGH,77
white opal birthstone,260,HIGH,98
antique birthstone rings,260,HIGH,100
clear quartz crystal ring,260,HIGH,75
vintage art deco cocktail ring,260,HIGH,100
amazon sterling silver stud earrings,260,MEDIUM,42
925 sterling silver earrings price,260,HIGH,100
david yurman tiger eye bracelet,260,HIGH,100
genuine turquoise earrings,260,HIGH,100
turquoise initial necklace,260,HIGH,99
spiritual rings,260,HIGH,100
turquoise station necklace,260,HIGH,100
fine turquoise jewelry,260,HIGH,100
genuine turquoise necklace,260,HIGH,100
turquoise jewelry bracelets,260,HIGH,100
turquoise wedding sets,260,HIGH,100
natural turquoise jewelry,260,HIGH,95
red bracelet with eye,260,HIGH,100
moonstone pendant gold,260,HIGH,100
david yurman turquoise pendant,260,HIGH,100
david yurman moonstone ring,260,HIGH,100
citrine gold bracelet,260,HIGH,100
turquoise and diamond wedding band,260,HIGH,100
tiffany turquoise earrings,260,HIGH,98
citrine bracelet gold,260,HIGH,100
turquoise heart pendant,260,HIGH,100
turquoise nose stud,260,HIGH,100
turquoise ear cuff,260,HIGH,100
zuni earrings,260,HIGH,100
van cleef turquoise bracelet,260,HIGH,100
high quality turquoise jewelry,260,HIGH,100
tiger beads,260,HIGH,100
turquoise blue earrings,260,HIGH,100
authentic squash blossom necklace,260,HIGH,100
old pawn turquoise,260,HIGH,100
sleeping beauty turquoise pendant,260,HIGH,100
moonstone dangle earrings,260,HIGH,100
mens turquoise cross necklace,260,HIGH,100
white gold turquoise ring,260,HIGH,100
men's citrine jewelry,260,HIGH,100
white buffalo turquoise earrings,260,HIGH,100
turquoise necklace and earring set,260,HIGH,100
gold tiger ring,260,HIGH,100
moonstone silver bracelet,260,HIGH,100
sapphire and moonstone ring,260,HIGH,100
spiritual beads necklace,260,HIGH,100
kendra scott turquoise heart necklace,260,HIGH,100
natural citrine jewelry,260,HIGH,100
western turquoise earrings,260,HIGH,100
david yurman tiger eye ring,260,MEDIUM,65
moonstone gold pendant,260,HIGH,100
vintage navajo turquoise jewelry,260,HIGH,100
copper turquoise ring,260,HIGH,100
mens citrine necklace,260,HIGH,100
squash blossom pendant,260,HIGH,100
tigers eye wedding band,260,HIGH,100
turquoise western earrings,260,HIGH,100
jay king turquoise,260,HIGH,100
turquoise gold,260,HIGH,100
silpada turquoise ring,260,HIGH,100
gold carnelian ring,260,HIGH,100
mens tiger eye beaded bracelets,260,HIGH,100
mens moonstone jewelry,260,HIGH,100
gold and moonstone earrings,260,HIGH,100
turquoise feather necklace,260,HIGH,100
buffalo turquoise ring,260,HIGH,100
turquoise and amethyst ring,260,HIGH,100
citrine and gold bracelet,260,HIGH,100
tigers eye wedding ring,260,HIGH,100
tiger eye necklace gold,260,HIGH,100
moonstone sapphire ring,260,HIGH,100
turquoise charm bracelet,260,HIGH,100
tigers eye gold necklace,260,HIGH,100
turquoise gemstone earrings,260,HIGH,100
moonstone earrings dangle,260,HIGH,100
chunky turquoise bracelet,260,HIGH,100
white gold and turquoise ring,260,HIGH,100
turquoise hoop earrings silver,260,HIGH,100
moonstone and gold earrings,260,HIGH,100
white moonstone bracelet,260,HIGH,93
turquoise sun necklace,260,HIGH,100
white buffalo turquoise pendant,260,HIGH,100
blue moonstone pendant,260,HIGH,100
red turquoise necklace,260,HIGH,100
tiffany turquoise jewelry,260,HIGH,83
citrine teardrop earrings,260,HIGH,100
moonstone teardrop earrings,260,HIGH,100
kendra scott citrine necklace,260,HIGH,100
mens 925 rings,260,HIGH,100
orange turquoise jewelry,260,HIGH,100
emerald cut turquoise ring,260,HIGH,100
turquoise jewelry tiffany,260,HIGH,83
antique citrine necklace,260,HIGH,98
turquoise and silver hoop earrings,260,HIGH,100
moonstone stretch bracelet,260,HIGH,80
spiny oyster turquoise ring,260,HIGH,100
chunky turquoise earrings,260,HIGH,100
tigers eye silver ring,260,HIGH,100
cripple creek turquoise,260,HIGH,100
womens 925 silver rings,260,HIGH,100
turquoise teardrop ring,260,HIGH,100
turquoise squash blossom earrings,260,HIGH,100
sonoran turquoise jewelry,260,HIGH,100
garnet and turquoise ring,260,HIGH,100
navajo turquoise cuff bracelet,260,HIGH,100
copper and turquoise ring,260,HIGH,100
carnelian ring gold,260,HIGH,100
antique turquoise engagement rings,260,HIGH,100
citrine jewelry men,260,HIGH,100
vintage turquoise engagement rings,260,HIGH,100
faux squash blossom necklace,260,HIGH,100
tiffany & co turquoise jewelry,260,HIGH,83
gold tiger eye necklace,260,HIGH,100
turquoise butterfly pendant,260,HIGH,100
vintage native american turquoise jewelry,260,HIGH,100
victorian moonstone ring,260,HIGH,100
turquoise diamond wedding band,260,HIGH,100
moonstone and silver bracelet,260,HIGH,100
lander turquoise,260,HIGH,100
kate spade turquoise necklace,260,HIGH,77
native american heishi necklace,260,HIGH,100
turquoise lightning bolt ring,260,MEDIUM,51
zuni needlepoint necklace,260,HIGH,100
nicky butler moonstone ring,260,HIGH,71
silver turquoise hoop earrings,260,HIGH,100
zuni needlepoint earrings,260,HIGH,90
925 nv ring price,260,LOW,23
ear cuff turquoise,260,HIGH,100
925 bge diamond ring,260,LOW,5
925 cfj thai ring,260,LOW,4
925 cubic zirconia,260,LOW,12
925 dqcz,260,LOW,19
925 ring for men,260,HIGH,100
925 ring men,260,HIGH,100
925 sai ring,260,LOW,13
925 silver and diamond ring,260,HIGH,100
925 silver ring diamond,260,HIGH,100
925 silver ring for women,260,HIGH,100
925 silver ring women,260,HIGH,100
amber and turquoise,260,MEDIUM,54
aztec turquoise necklace,260,HIGH,73
bisbee turquoise bracelet,260,HIGH,100
chimayo turquoise,260,LOW,18
citrine chip necklace,260,HIGH,81
citrine earrings dangle,260,HIGH,100
citrine rings in white gold,260,HIGH,100
cost of turquoise stone,260,HIGH,100
dangle moonstone earrings,260,HIGH,100
dark blue turquoise,260,HIGH,77
david yurman bracelet tiger eye,260,HIGH,100
desert bloom turquoise,260,MEDIUM,54
diamond ring with turquoise band,260,HIGH,90
dry creek turquoise pendant,260,HIGH,96
earrings turquoise blue,260,HIGH,100
feather turquoise necklace,260,HIGH,100
fred harvey thunderbird ring,260,LOW,29
gold ring tiger,260,HIGH,100
goldette squash blossom necklace,260,HIGH,100
green moonstone bracelet,260,HIGH,77
h925 silver ring,260,LOW,19
heart turquoise pendant,260,HIGH,100
inlaid turquoise,260,HIGH,100
james avery citrine ring,260,MEDIUM,53
men ring 925,260,HIGH,100
men's vintage tiger eye ring,260,MEDIUM,53
moonstone alexandrite ring,260,HIGH,100
moonstone cross pendant,260,HIGH,79
navajo jacla necklace,260,HIGH,79
needlepoint turquoise ring,260,HIGH,73
nose stud turquoise,260,HIGH,100
orange and turquoise jewelry,260,HIGH,100
pandora moonstone necklace,260,LOW,13
price of turquoise stone,260,HIGH,100
red and turquoise necklace,260,HIGH,100
red bracelet eye,260,HIGH,100
red coral and turquoise rings,260,HIGH,87
sapphire citrine ring,260,HIGH,100
silver 925 diamond ring,260,HIGH,100
silver and turquoise drop earrings,260,HIGH,100
silver diamond ring with 925,260,HIGH,100
silver rings for women 925,260,HIGH,100
silver turquoise drop earrings,260,HIGH,100
sleeping beauty necklaces,260,HIGH,100
spirit bead necklace,260,HIGH,100
spiritual bead,260,MEDIUM,38
squash blossom turquoise earrings,260,HIGH,100
sterling silver green turquoise ring,260,HIGH,89
thunderbird turquoise jewelry,260,MEDIUM,61
tiffany and co turquoise earrings,260,HIGH,98
turquoise gem earrings,260,HIGH,100
turquoise necklace earring set,260,HIGH,100
turquoise nose ring stud,260,HIGH,100
turquoise rectangle ring,260,HIGH,85
turquoise squash,260,HIGH,98
turquoise western,260,HIGH,96
victorian turquoise earrings,260,HIGH,97
vintage indian turquoise jewelry,260,HIGH,100
vintage mens tiger eye rings,260,MEDIUM,53
vintage turquoise heishi necklace,260,HIGH,100
vintage zuni earrings,260,HIGH,84
zuni hoop earrings,260,HIGH,97
zuni necklaces,260,HIGH,100
zuni needlepoint ring,260,HIGH,93
zuni petit point ring,260,HIGH,72
personalised silver necklace,210,HIGH,100
silver friendship bracelets,210,HIGH,99
silver t bar necklace,210,HIGH,100
silver eternity ring,210,HIGH,100
sparkling wishbone heart ring,210,HIGH,100
wholesale silver chains,210,HIGH,100
aquamarine engagement ring set,210,HIGH,100
small silver stud earrings,210,HIGH,100
genuine emerald rings,210,HIGH,100
sapphire bridal set,210,HIGH,100
personalized silver necklace,210,HIGH,100
delicate silver necklace,210,HIGH,99
sapphire infinity ring,210,HIGH,100
real emerald engagement rings,210,HIGH,100
blue topaz drop earrings,210,HIGH,100
fine silver chain,210,HIGH,100
lab created emerald necklace,210,HIGH,72
tiffany birthstone necklace,210,HIGH,99
genuine sapphire rings,210,HIGH,100
black sapphire necklace,210,HIGH,100
blue topaz pendant necklace,210,HIGH,100
huggie hoop earrings silver,210,HIGH,100
yellow sapphire bracelet,210,HIGH,100
silver bar earrings,210,HIGH,100
turtle anklet,210,HIGH,100
sapphire anklet,210,HIGH,100
mens designer leather bracelet,210,HIGH,100
white topaz necklace,210,HIGH,100
real silver cuban link chain,210,HIGH,100
sapphire rings for sale,210,HIGH,100
peridot promise ring,210,HIGH,100
effy aquamarine ring,210,HIGH,100
citrine birthstone necklace,210,HIGH,100
buy loose gemstones,210,HIGH,100
real silver stud earrings,210,HIGH,100
plain silver wedding band,210,HIGH,100
handmade jewelry websites,210,HIGH,100
blue sapphire drop earrings,210,HIGH,100
aquamarine hoop earrings,210,HIGH,100
feather ring silver,210,HIGH,100
3mm silver chain,210,HIGH,100
parti sapphire engagement ring,210,HIGH,99
november birthstone engagement ring,210,HIGH,100
tanzanite drop earrings,210,HIGH,100
blue tanzanite ring,210,HIGH,100
sterling silver findings,210,HIGH,100
thick silver chain necklace,210,HIGH,100
yellow stone earrings,210,HIGH,100
square sapphire ring,210,HIGH,100
5mm silver chain,210,HIGH,100
dainty emerald necklace,210,HIGH,100
short silver necklace,210,HIGH,100
amethyst studs,210,HIGH,100
emerald hoops,210,HIGH,100
small emerald ring,210,HIGH,100
small silver necklace,210,HIGH,100
emerald wedding set,210,HIGH,100
citrine pendant gold,210,HIGH,100
silver cut jewelry,210,HIGH,100
citrine cocktail ring,210,HIGH,100
pure silver bracelet for men,210,HIGH,100
alexandrite stackable ring,210,HIGH,100
artisan rings,210,HIGH,100
celtic earrings silver,210,HIGH,100
peridot pendant gold,210,HIGH,100
sapphire choker,210,HIGH,100
white gold amethyst necklace,210,HIGH,100
rose gold moonstone ring,210,HIGH,100
purple stone earrings,210,HIGH,100
bohemian rings,210,HIGH,99
heavy silver chain,210,HIGH,99
peridot studs,210,HIGH,100
silver celtic ring,210,HIGH,100
high quality sterling silver rings,210,HIGH,100
aquamarine stone bracelet,210,HIGH,99
silver crystal necklace,210,HIGH,100
sterling silver stretch bracelets,210,HIGH,100
g necklace silver,210,HIGH,100
silver post earrings,210,HIGH,100
june birthstone engagement rings,210,HIGH,100
amethyst heart pendant,210,HIGH,100
sterling silver key ring,210,HIGH,100
morganite tennis bracelet,210,HIGH,100
silver wrist chain,210,HIGH,100
amethyst butterfly necklace,210,HIGH,100
sterling silver id bracelet,210,HIGH,100
pandora tennis bracelet silver,210,HIGH,100
heart shaped emerald ring,210,HIGH,100
pink stone bracelet,210,HIGH,100
small sapphire ring,210,HIGH,100
raw stone rings,210,HIGH,100
square hoop earrings silver,210,HIGH,100
emerald cut pendant,210,HIGH,100
pure silver ring for men,210,HIGH,100
flat silver necklace,210,HIGH,100
dainty sapphire ring,210,HIGH,100
real sterling silver rings,210,HIGH,100
citrine studs,210,HIGH,100
peridot band,210,HIGH,100
cheap sterling silver earrings,210,HIGH,100
silver skull bracelet,210,HIGH,100
tanzanite cross necklace,210,HIGH,100
rose gold sapphire engagement rings,210,HIGH,100
teardrop sapphire ring,210,HIGH,100
citrine band ring,210,HIGH,100
cushion cut aquamarine ring,210,HIGH,100
silver ear cuff earrings,210,HIGH,100
silver medical bracelet,210,HIGH,100
tiffany tanzanite,210,HIGH,100
silver sapphire earrings,210,HIGH,100
initial necklace silver pandora,210,HIGH,100
black emerald ring,210,HIGH,100
channel set earrings,210,HIGH,100
semi precious stone rings,210,HIGH,100
liquid silver bracelet,210,HIGH,100
unique sterling silver bracelets,210,HIGH,100
silver and rose gold bracelet,210,HIGH,100
925 silver jewerly,210,HIGH,100
alex and ani birthstone bracelet,210,HIGH,100
silver rhinestone earrings,210,HIGH,100
emerald cut blue sapphire ring,210,HIGH,100
pink tourmaline and diamond ring,210,HIGH,100
gold over silver chain,210,HIGH,100
3 stone sapphire and diamond ring,210,HIGH,100
flat silver chain,210,HIGH,100
crystal stone necklace,210,HIGH,100
red garnet bracelet,210,HIGH,100
horseshoe earrings silver,210,HIGH,100
emerald cut white sapphire ring,210,HIGH,100
stone stud earrings,210,HIGH,100
silver twist ring,210,HIGH,100
pandora blue earrings,210,HIGH,100
silver sparkly earrings,210,HIGH,100
dainty opal ring,210,HIGH,100
silver anxiety ring,210,HIGH,100
carnelian crystal bracelet,210,HIGH,100
small sterling silver stud earrings,210,HIGH,100
sterling silver feather earrings,210,HIGH,100
stone hoop earrings,210,HIGH,100
thin sterling silver chain,210,HIGH,100
green malachite bracelet,210,HIGH,100
boho anklet,210,HIGH,100
swarovski silver earrings,210,HIGH,100
silver mesh bracelet,210,HIGH,100
oval sapphire and diamond ring,210,HIGH,100
boho silver rings,210,HIGH,100
black stone ring for men,210,HIGH,99
small sterling silver earrings,210,HIGH,100
925 silver bracelet men,210,HIGH,100
rainbow moonstone bracelet,210,HIGH,100
925 sterling silver multi layer necklace,210,HIGH,100
citrine stone necklace,210,HIGH,100
unique silver jewlery,210,HIGH,100
tsavorite engagement ring,210,HIGH,100
black onyx hoop earrings,210,HIGH,99
orange topaz ring,210,HIGH,100
silver fashion rings,210,HIGH,95
natural tanzanite stone,210,HIGH,100
real garnet ring,210,HIGH,100
semi precious stone earrings,210,HIGH,100
sterling silver gold plated chain,210,HIGH,100
3 stone earrings,210,HIGH,100
silver evil eye pendant,210,HIGH,100
black agate bracelet,210,HIGH,100
hammered silver bracelet,210,HIGH,100
blue sapphire diamond necklace,210,HIGH,100
garnet locket,210,HIGH,93
silver locket for men,210,HIGH,100
silver dog tag chain,210,HIGH,100
white stone bracelet,210,HIGH,100
knuckle rings silver,210,HIGH,100
gemstone anklet,210,HIGH,100
black gem necklace,210,HIGH,100
gold and silver necklace together,210,HIGH,100
silver anchor pendant,210,HIGH,99
blue and silver earrings,210,HIGH,100
topaz stone ring,210,HIGH,100
marquise cut sapphire ring,210,HIGH,100
raw amethyst ring,210,HIGH,100
mens silver rings cheap,210,HIGH,97
genuine gemstone jewelry,210,HIGH,100
tanzanite stone ring,210,HIGH,100
large silver rings,210,HIGH,100
unique opal rings,210,HIGH,100
14k silver chain,210,HIGH,100
multi gemstone earrings,210,HIGH,100
999 silver necklace,210,HIGH,100
black gemstone necklace,210,HIGH,100
silver round earrings,210,HIGH,100
kunzite necklace,210,HIGH,100
spessartite garnet ring,210,HIGH,100
3 stone pendant,210,HIGH,100
sterling silver cubic zirconia necklace,210,HIGH,92
garnet choker,210,HIGH,100
bohemian beads,210,HIGH,93
turtle ring silver,210,HIGH,100
green and silver earrings,210,HIGH,100
stone choker necklace,210,HIGH,100
etsy sterling silver earrings,210,HIGH,100
kate middleton sapphire ring,210,HIGH,100
silver ring for girlfriend,210,HIGH,100
mens fire opal ring,210,HIGH,100
rainbow moonstone pendant,210,HIGH,100
star sapphire pendant,210,HIGH,100
boho gold necklace,210,HIGH,100
blue agate bracelet,210,HIGH,100
silver love ring,210,HIGH,100
oval stone ring,210,HIGH,100
antique silver earrings,210,HIGH,100
chakra stone necklace,210,HIGH,100
blue gemstone bracelet,210,HIGH,100
real tiger eye bracelet,210,HIGH,100
chrysoprase bracelet,210,HIGH,100
bali silver,210,HIGH,90
big silver necklace,210,HIGH,100
heart stone ring,210,HIGH,100
large moonstone pendant,210,HIGH,100
genuine gemstone beads,210,HIGH,100
silver plated rings,210,HIGH,100
emerald green jewellery set,210,HIGH,100
silver boho jewellery,210,HIGH,100
silver elephant ring,210,HIGH,100
kohl's sterling silver rings,210,HIGH,99
natural pearls price,210,HIGH,100
silver leverback earrings,210,HIGH,100
handmade crystal jewelry,210,HIGH,93
amethyst pendant silver,210,HIGH,100
oval amethyst ring,210,HIGH,100
sapphire ring price,210,HIGH,100
gold boho jewellery,210,HIGH,100
morganite stone ring,210,HIGH,100
blue sapphire silver ring,210,HIGH,100
45cm necklace,210,HIGH,99
black moonstone ring,210,HIGH,100
blue agate necklace,210,HIGH,100
green agate necklace,210,HIGH,100
antique silver bracelet,210,HIGH,100
silver ring with pink stone,210,HIGH,100
claire's sterling silver earrings,210,HIGH,100
925 sterling silver diamond ring price,210,HIGH,100
best silver bracelets for guys,210,HIGH,100
oxidized silver earrings,210,HIGH,100
spinel bracelet,210,HIGH,100
brown stone earrings,210,HIGH,100
handmade african jewelry,210,HIGH,100
jtv black spinel rings,210,HIGH,100
raw citrine necklace,210,HIGH,100
indian silver earrings,210,HIGH,100
emerald cut opal ring,210,HIGH,100
bali hoop earrings,210,HIGH,100
silver ring with turquoise stone,210,HIGH,100
14k vermeil,210,HIGH,100
vintage amethyst necklace,210,HIGH,100
zultanite earrings,210,HIGH,100
silver ring design for men,210,HIGH,97
spoon pendant,210,HIGH,100
cabochon ruby ring,210,HIGH,100
gold gemstone earrings,210,HIGH,100
citrine diamond,210,HIGH,100
red coral pendant,210,HIGH,100
red and silver earrings,210,HIGH,100
black agate necklace,210,HIGH,100
handcrafted jewelry websites,210,HIGH,100
gemstone earrings gold,210,HIGH,100
seraphinite bracelet,210,HIGH,100
blue apatite necklace,210,HIGH,100
white topaz birthstone,210,HIGH,99
green tiger eye bracelet,210,HIGH,99
purple spinel ring,210,HIGH,100
green silver ring,210,HIGH,100
14k gold over sterling silver,210,HIGH,100
amethyst wand,210,HIGH,100
crystal quartz bracelet,210,HIGH,100
18k gold over sterling silver,210,HIGH,99
bali ring,210,HIGH,97
blue lace agate pendant,210,HIGH,100
brown gemstone ring,210,HIGH,100
red carnelian bracelet,210,HIGH,100
handmade indian jewelry,210,HIGH,100
silver prom necklace,210,HIGH,100
s925 earrings,210,HIGH,100
coral stone ring,210,HIGH,99
sapphire ring cost,210,HIGH,100
sodalite pendant,210,HIGH,100
prehnite necklace,210,HIGH,100
chunky stone necklace,210,HIGH,100
tiffany silver mesh bracelet,210,HIGH,100
ruby zoisite bracelet,210,HIGH,100
handmade leather bracelets,210,HIGH,100
fire agate bracelet,210,HIGH,100
round earrings silver,210,HIGH,100
gemstone beads near me,210,HIGH,98
boho cross necklace,210,HIGH,100
handmade silver chain,210,HIGH,97
shia necklace,210,HIGH,89
handmade silver hoop earrings,210,HIGH,90
gucci silver bracelet for men,210,HIGH,100
jasper stone ring,210,HIGH,100
bohemian jewelry rings,210,HIGH,99
rhodonite pendant,210,HIGH,100
handmade artisan jewelry,210,HIGH,100
coral gemstone ring,210,HIGH,99
unusual gemstones,210,HIGH,87
women's handmade jewelry,210,HIGH,99
owl ring silver,210,HIGH,100
marquise gemstone,210,HIGH,100
handmade turquoise earrings,210,HIGH,100
ring artisan,210,HIGH,100
silver ring bracelet,210,HIGH,100
green tourmaline gemstone,210,HIGH,84
women's handcrafted jewelry,210,HIGH,99
handmade silver cuff bracelet,210,HIGH,75
boho turquoise earrings,210,HIGH,100
moon opal,210,HIGH,69
gold necklace boho,210,HIGH,100
serendibite ring,210,MEDIUM,57
silver hair jewellery,210,HIGH,100
red coral gemstone ring,210,HIGH,99
oxidized ring,210,HIGH,100
balinese silver,210,HIGH,90
handmade dangle earrings,210,HIGH,100
women handmade jewelry,210,HIGH,99
silver ring designs for male,210,HIGH,97
rhodolite garnet price,210,HIGH,97
handmade gothic jewelry,210,HIGH,99
hippie boho earrings,210,HIGH,70
boho jewelry gold,210,HIGH,100
handmade polymer clay earrings,210,HIGH,100
balinese hoop earrings,210,HIGH,100
handmade minimalist jewelry,210,LOW,2
silver bali hoop earrings,210,HIGH,100
handmade rings for women,210,HIGH,100
balinese silver hoop earrings,210,HIGH,100
balinese rings,210,HIGH,97
etsy handmade bracelets,210,MEDIUM,47
artisan pendants,210,MEDIUM,51
handmade waist beads,210,LOW,24
handmade jewelry sites,210,HIGH,100
handmade amethyst necklace,210,MEDIUM,56
boho necklace gold,210,HIGH,100
bohemian unique engagement rings,210,HIGH,99
boho hippie earrings,210,HIGH,70
boho style anklets,210,HIGH,100
gold boho statement necklace,210,HIGH,98
green stone ring for men,210,HIGH,100
handcrafted african jewelry,210,HIGH,100
handcrafted beaded jewelry,210,HIGH,74
handcrafted crystal jewelry,210,HIGH,93
handcrafted leather bracelet,210,HIGH,100
handmade fashion jewellery,210,MEDIUM,55
handmade glass ring,210,LOW,33
handmade jade necklace,210,LOW,32
handmade jewelry women,210,HIGH,99
handmade polymer clay jewellery,210,HIGH,68
handmade seashell jewelry,210,HIGH,100
handmade shell jewellery,210,HIGH,100
handmade statement jewellery,210,MEDIUM,38
handmade sterling silver chain,210,HIGH,100
handmade women's rings,210,HIGH,100
harmony ball bali,210,LOW,17
leather bracelet handmade,210,HIGH,100
silver dollar pawn and jewelry,210,LOW,0
stone set jewellery,210,HIGH,76
women hand made jewellery,210,HIGH,99
women's hand made jewellery,210,HIGH,99
emerald lab grown diamond,210,HIGH,100
engagement moissanite,210,HIGH,100
healing necklace,210,HIGH,100
swiss blue topaz earrings,210,HIGH,100
moissanite stones for sale,210,HIGH,100
crystal anklet,210,HIGH,100
moissanite diamonds for sale,210,HIGH,100
effy london blue topaz ring,210,HIGH,99
gold birthstone necklace for mom,210,HIGH,100
pink sapphire band,210,HIGH,100
emerald engagement,210,HIGH,100
2 birthstone necklace for mom,210,HIGH,100
gema necklace swarovski,210,HIGH,100
december birthstone necklace gold,210,HIGH,97
pearl cocktail ring,210,HIGH,100
healing bead bracelets,210,HIGH,99
natural gemstone engagement rings,210,HIGH,98
two birthstone necklace for mom,210,HIGH,100
birthstone rings for mom 4 stones,210,HIGH,100
3 birthstone jewelry,210,HIGH,100
gold mothers ring 3 stones,210,HIGH,100
moissanite cocktail rings,210,HIGH,100
sterling silver diamond hoop earrings,210,HIGH,100
swarovski emerald necklace,210,HIGH,100
three stone birthstone ring,210,HIGH,100
crystal statement earrings,210,HIGH,100
lab created pink sapphire,210,HIGH,100
mama necklace with birthstones,210,HIGH,100
high quality moissanite,210,HIGH,99
mothers birthstone necklace 2 stones,210,HIGH,100
flat back sterling silver earrings,210,HIGH,100
alexandrite birthstone necklace,210,HIGH,100
kyanite necklace,210,HIGH,100
david yurman citrine earrings,210,HIGH,100
david yurman silver hoop earrings,210,HIGH,100
swarovski wrap bracelet,210,HIGH,100
sterling silver chunky hoops,210,HIGH,100
silver mini hoop earrings,210,HIGH,99
clear quartz pendant,210,HIGH,100
strawberry quartz bracelet,210,HIGH,100
dark blue sapphire ring,210,HIGH,100
long crystal necklace,210,HIGH,100
3 birthstone ring for mom,210,HIGH,100
rose gold peridot ring,210,HIGH,100
birthstone necklace 4 stones,210,HIGH,100
swarovski flower earrings,210,HIGH,100
emerald cut aquamarine engagement ring,210,HIGH,100
green gemstone engagement rings,210,HIGH,100
swarovski blue ring,210,HIGH,99
modern gemstone rings,210,HIGH,100
birthstone jewelry near me,210,HIGH,100
name and birthstone bracelet,210,HIGH,100
swarovski teardrop earrings,210,HIGH,100
kay jewelers garnet ring,210,HIGH,100
flat back silver earrings,210,HIGH,100
cartier sapphire,210,HIGH,100
large sterling silver hoops,210,HIGH,100
swarovski cuff bracelet,210,HIGH,100
wholesale sterling silver earrings,210,HIGH,100
cool silver earrings,210,HIGH,100
mother daughter birthstone jewelry,210,HIGH,100
emerald ring with diamond halo,210,HIGH,100
black and gold statement earrings,210,HIGH,100
black and silver engagement rings,210,HIGH,100
everyday silver earrings,210,HIGH,100
cheap sapphire engagement rings,210,HIGH,100
birthstone cross necklace for mom,210,HIGH,100
swarovski birthstone bracelet,210,HIGH,100
raw crystal jewelry,210,HIGH,100
gold crystal ring,210,HIGH,100
wide silver hoop earrings,210,HIGH,100
pyrite crystal bracelet,210,HIGH,100
lepidolite necklace,210,HIGH,100
black obsidian pendant,210,HIGH,100
star stud earrings silver,210,HIGH,100
crystal drop earrings silver,210,HIGH,100
swarovski circle necklace,210,HIGH,100
silver diamond band ring,210,HIGH,100
rose cut moissanite,210,HIGH,100
gemstone cocktail rings,210,HIGH,100
mens crystal jewelry,210,HIGH,100
silver wrap ring,210,HIGH,100
rose quartz bead bracelet,210,HIGH,100
lindy star sapphire,210,HIGH,100
mothers ring with 3 birthstones,210,HIGH,100
december birthstone gold necklace,210,HIGH,97
large peridot ring,210,HIGH,100
radiant cut emerald ring,210,HIGH,100
channel set emerald ring,210,HIGH,100
white moissanite,210,HIGH,99
statement diamond earrings,210,HIGH,100
mejuri silver earrings,210,HIGH,100
silver and sapphire earrings,210,HIGH,100
gold birthstone rings for mom,210,HIGH,100
chunky crystal necklace,210,HIGH,100
pearl stud earrings silver,210,HIGH,100
tiffany and co birthstone necklace,210,HIGH,99
mens crystal rings,210,HIGH,100
swarovski black bracelet,210,HIGH,100
gold mothers necklace with birthstones,210,HIGH,100
peridot band ring,210,HIGH,100
protection crystal bracelet,210,HIGH,100
citrine solitaire ring,210,HIGH,100
vintage 3 stone mothers ring,210,HIGH,100
jcpenney sterling silver earrings,210,HIGH,80
silver celtic knot ring,210,HIGH,100
matching silver wedding bands,210,HIGH,100
pandora march birthstone ring,210,HIGH,100
march birthstone ring gold,210,HIGH,100
real citrine ring,210,HIGH,100
hyo silver wedding rings,210,HIGH,100
empath protection bracelet,210,HIGH,100
emerald cut with trapezoid side stones,210,HIGH,100
alexandrite band ring,210,HIGH,100
pink opal engagement ring,210,HIGH,100
closed jump rings,210,HIGH,100
gold crystal bracelet,210,HIGH,100
triple hoop earrings silver,210,HIGH,100
real black obsidian necklace,210,HIGH,100
name bracelet with birthstone,210,HIGH,100
crystal collar necklace,210,HIGH,100
birthstone name bracelet,210,HIGH,100
unique statement rings,210,HIGH,100
sterling silver heart hoop earrings,210,HIGH,100
dangle pearl earrings silver,210,HIGH,100
sterling silver chain ring,210,HIGH,100
silver eternity band,210,HIGH,100
selenite pendant,210,HIGH,100
moss agate ring silver,210,HIGH,100
sterling silver twisted hoop earrings,210,HIGH,100
emerald and diamond,210,HIGH,100
crystal ankle bracelet,210,HIGH,100
crystal bridal earrings,210,HIGH,100
14k gold gemstone rings,210,HIGH,100
sunstone earrings,210,HIGH,100
november birthstone ring gold,210,HIGH,100
925 sterling silver rings cheap,210,HIGH,100
swarovski bridal jewellery,210,HIGH,100
swarovski red earrings,210,HIGH,100
small crystal necklace,210,HIGH,100
chrystina earrings,210,HIGH,97
crystal cross pendant,210,HIGH,100
clover station necklace,210,HIGH,100
swarovski silver ring,210,HIGH,100
cheap silver wedding rings,210,HIGH,100
sterling silver chandelier earrings,210,HIGH,100
14k gold blue topaz ring,210,HIGH,100
birthstone ring necklace,210,HIGH,100
crystal stretch bracelets,210,HIGH,100
sterling silver blue sapphire ring,210,HIGH,100
milky aquamarine ring,210,HIGH,100
real diamond cocktail rings,210,HIGH,99
black opal and diamond ring,210,HIGH,100
eliot danori earrings,210,HIGH,100
tanzanite silver ring,210,HIGH,97
unique silver engagement rings,210,HIGH,100
yellow crystal necklace,210,HIGH,100
mickey mouse birthstone earrings,210,HIGH,100
black obsidian earrings,210,HIGH,100
star hoop earrings silver,210,HIGH,100
gorjana birthstone,210,HIGH,100
pisces birthstone ring,210,HIGH,100
blue zircon bracelet,210,HIGH,100
green silver earrings,210,HIGH,100
alexandrite stacking ring,210,HIGH,100
birthstone necklace near me,210,HIGH,100
champagne citrine ring,210,HIGH,99
swarovski teardrop necklace,210,HIGH,100
dragonfly necklace swarovski,210,HIGH,99
clear crystal bracelet,210,HIGH,98
london sapphire,210,HIGH,93
birthstone gift for grandma,210,HIGH,100
aquamarine signet ring,210,HIGH,100
925 sterling silver huggie earrings,210,HIGH,100
silver sparkle earrings,210,HIGH,100
emerald cut alexandrite ring,210,HIGH,100
pandora december birthstone ring,210,HIGH,100
baccarat heart necklace,210,HIGH,100
clear quartz crystal bracelet,210,HIGH,100
silver crystal drop earrings,210,HIGH,100
simon sebbag earrings,210,HIGH,96
silver earring stack sets,210,HIGH,100
silver sunflower earrings,210,HIGH,100
amber earrings silver,210,HIGH,100
natural citrine bracelet,210,HIGH,100
purple sapphire stone,210,HIGH,100
flower cocktail ring,210,HIGH,98
tigers eye engagement ring,210,HIGH,100
silver dangle earrings simple,210,HIGH,99
cats eye stone ring,210,HIGH,99
quartz crystal bracelets,210,HIGH,100
silver sunflower ring,210,HIGH,100
black hills silver rings,210,HIGH,99
moissanite cuts,210,HIGH,100
silver triple hoop earrings,210,HIGH,100
charm earrings silver,210,HIGH,100
mom ring with 3 birthstones,210,HIGH,100
blue silver earrings,210,HIGH,100
silver beaded hoop earrings,210,HIGH,100
givenchy crystal bracelet,210,HIGH,93
silver beaded earrings,210,HIGH,100
real black onyx ring,210,HIGH,100
pisces birthstone jewelry,210,HIGH,100
silver hoop earrings near me,210,HIGH,99
best gemstones for rings,210,HIGH,100
siberian amethyst ring,210,HIGH,100
gold and emerald,210,HIGH,100
march birthstone gold ring,210,HIGH,100
silver charm earrings,210,HIGH,100
affordable sterling silver earrings,210,HIGH,100
art deco silver earrings,210,HIGH,74
sterling silver pinky ring mens,210,HIGH,100
silver teardrop hoop earrings,210,HIGH,100
citrine infinity ring,210,HIGH,100
opal and citrine ring,210,HIGH,100
swarovski iconic swan necklace,210,LOW,7
sterling silver octopus ring,210,HIGH,100
silver heart earrings dangle,210,HIGH,99
bold statement earrings,210,HIGH,100
silver cuff ring,210,HIGH,100
mens opal ring gold,210,HIGH,100
diamond cluster cocktail ring,210,HIGH,100
gold flower statement earrings,210,HIGH,100
silver green earrings,210,HIGH,100
real silver earrings for women,210,HIGH,100
turquoise stud earrings sterling silver,210,HIGH,100
silver barbell earrings,210,HIGH,100
mens december birthstone rings,210,HIGH,100
necklace with crystal stone,210,HIGH,100
blue zircon stud earrings,210,HIGH,99
sunflower earrings silver,210,HIGH,100
stackable birthstone rings for women,210,HIGH,100
mint tourmaline,210,HIGH,100
best stones for rings,210,HIGH,100
swarovski crystal wrap bracelet,210,HIGH,100
december birthstone wedding band,210,HIGH,100
sterling silver filigree earrings,210,HIGH,100
crystal avenue earrings,210,HIGH,79
green and silver ring,210,HIGH,100
blue tigers eye ring,210,HIGH,100
swarovski silver stud earrings,210,HIGH,100
black opal diamond ring,210,HIGH,100
sterling silver birthstone jewelry,210,HIGH,100
mickey birthstone earrings,210,HIGH,100
zuni turquoise earrings,210,HIGH,100
luag jewelry,210,HIGH,99
sterling silver ball ring,210,HIGH,100
silver amber earrings,210,HIGH,100
art deco garnet ring,210,HIGH,100
cuff bracelet swarovski,210,HIGH,100
sterling silver rose earrings,210,HIGH,99
sterling silver frog ring,210,HIGH,100
howlite crystal bracelet,210,HIGH,96
sapphire month birthstone,210,HIGH,95
red swarovski crystal earrings,210,HIGH,100
quartz crystal ring,210,HIGH,100
heart dangle earrings silver,210,HIGH,99
hello kitty sterling silver earrings,210,HIGH,100
green earrings silver,210,HIGH,100
be createful rhinestones,210,HIGH,76
silver filigree hoop earrings,210,HIGH,100
stainless silver rings,210,HIGH,100
swarovski dragonfly necklace,210,HIGH,99
large crystal ring,210,MEDIUM,48
silver and crystal necklace,210,HIGH,100
rhodium plated sterling silver earrings,210,HIGH,100
aurora borealis crystal necklace,210,HIGH,99
silver necklace with crystal,210,HIGH,100
sodalite crystal necklace,210,HIGH,82
emerald cocktail ring vintage,210,HIGH,100
swarovski crystal cuff bracelet,210,HIGH,100
art deco earrings silver,210,HIGH,74
silver owl ring,210,HIGH,100
women morganite ring,210,HIGH,100
december birthstone wedding rings,210,HIGH,100
labradorite silver ring,210,HIGH,100
vintage crystal jewelry,210,HIGH,98
crystal ring gold,210,HIGH,100
teardrop necklace swarovski,210,HIGH,100
silver swirl ring,210,HIGH,100
indian rings silver,210,HIGH,100
cartier dinner rings,210,HIGH,92
angel aura quartz pendant,210,HIGH,99
tiffany sterling silver hoop earrings,210,HIGH,99
chunky silver heart ring,210,HIGH,100
red silver earrings,210,HIGH,100
swarovski beaded bracelet,210,HIGH,97
tiny crystal necklace,210,HIGH,100
champagne crystal earrings,210,HIGH,100
solitaire citrine ring,210,HIGH,100
star earrings swarovski,210,HIGH,100
silver and amber earrings,210,HIGH,100
princess cut citrine ring,210,HIGH,100
jade cabochon ring,210,HIGH,100
black onyx statement ring,210,HIGH,100
emerald cut opal,210,HIGH,100
sterling silver square ring,210,HIGH,100
vintage citrine engagement ring,210,HIGH,100
triple hoop silver earrings,210,HIGH,100
anklet crystal,210,HIGH,100
citrine and diamond,210,HIGH,100
cocktail gemstone rings,210,HIGH,100
crystal baguette ring,210,HIGH,100
ga01925mex,210,HIGH,74
amethyst and sapphire,210,HIGH,99
lever back earrings silver,210,HIGH,100
rose quartz mens ring,210,HIGH,100
blue ring swarovski,210,HIGH,99
mens silver ring designs,210,HIGH,97
tiffany necklace birthstones,210,HIGH,99
purple birthstone month,210,HIGH,95
rose quartz cross necklace,210,HIGH,93
tiffany and co starfish earrings,210,HIGH,100
dichroic earrings,210,HIGH,100
blue apatite pendant,210,MEDIUM,64
h 925 ring,210,MEDIUM,40
yin yang ring silver,210,HIGH,100
march birthstone rings pandora,210,HIGH,100
gem cocktail rings,210,HIGH,100
orange calcite necklace,210,HIGH,77
padparadscha gem,210,HIGH,99
women august birthstone ring,210,HIGH,100
black bracelet swarovski,210,HIGH,100
etsy rose quartz bracelet,210,HIGH,94
beaded hoop earrings silver,210,HIGH,100
green stone ring men,210,HIGH,100
silver jade earrings,210,HIGH,68
swarovski costume jewelry,210,HIGH,76
mens ring citrine,210,HIGH,100
today's birthstone,210,MEDIUM,51
bali hoop earrings silver,210,HIGH,100
vintage emerald cocktail ring,210,HIGH,100
swarovski cuff bangle,210,HIGH,100
antique crystal jewelry,210,HIGH,98
birthstone gems by month,210,HIGH,100
silver half moon earrings,210,HIGH,100
sterling silver ring price,210,HIGH,71
baccarat crystal heart necklace,210,HIGH,100
sterling silver abalone earrings,210,HIGH,100
white birthstone,210,HIGH,100
red aventurine bracelet,210,MEDIUM,49
vintage swarovski brooches,210,LOW,27
green calcite necklace,210,MEDIUM,37
rhinestone silver earrings,210,HIGH,100
blue calcite ring,210,HIGH,73
atlantis crystal necklace,210,HIGH,91
lavender amethyst bracelet,210,HIGH,81
silver red earrings,210,HIGH,100
chakra chip bracelet,210,HIGH,81
floral cocktail ring,210,HIGH,98
howlite crystal necklace,210,MEDIUM,46
old silver rings,210,MEDIUM,35
best turquoise jewelry,210,HIGH,100
turquoise jewelry earrings,210,HIGH,100
effy turquoise ring,210,HIGH,100
moonstone jewelry near me,210,HIGH,100
sleeping beauty turquoise bracelet,210,HIGH,100
small turquoise earrings,210,HIGH,100
turquoise evil eye necklace,210,HIGH,100
moonstone heart necklace,210,HIGH,100
citrine tennis necklace,210,HIGH,100
gold tiger necklace,210,HIGH,100
turquoise signet ring,210,HIGH,100
jtv turquoise clearance,210,HIGH,99
rainbow moonstone earrings,210,HIGH,100
topaz and citrine necklace,210,HIGH,100
van cleef carnelian necklace,210,HIGH,100
genuine turquoise bracelet,210,HIGH,100
moonstone tennis bracelet,210,HIGH,100
tiger necklace gold,210,HIGH,100
van cleef turquoise alhambra,210,HIGH,100
long turquoise earrings,210,HIGH,100
citrine cross necklace,210,HIGH,100
turquoise earrings amazon,210,HIGH,100
authentic turquoise rings,210,HIGH,100
turquoise pinky ring,210,HIGH,100
tiffany turquoise heart necklace,210,HIGH,100
gold ring with turquoise stone,210,HIGH,100
moonstone pendant silver,210,HIGH,100
citrine topaz necklace,210,HIGH,100
turquoise van cleef bracelet,210,HIGH,100
blue turquoise ring,210,HIGH,100
heart moonstone necklace,210,HIGH,100
dainty moonstone necklace,210,MEDIUM,42
white buffalo turquoise necklace,210,HIGH,100
turquoise pendant necklace silver,210,HIGH,100
real turquoise stud earrings,210,HIGH,100
turquoise star necklace,210,HIGH,100
turquoise earrings western,210,HIGH,100
oyster turquoise ring,210,HIGH,100
monica vinader moonstone ring,210,HIGH,100
real turquoise jewelry near me,210,HIGH,100
navajo mens turquoise bracelet,210,HIGH,100
gold citrine pendant,210,HIGH,100
real turquoise earrings studs,210,HIGH,100
carnelian pendant necklace,210,HIGH,100
platinum moonstone ring,210,HIGH,100
tiffany citrine necklace,210,HIGH,100
otteson turquoise,210,HIGH,89
dainty turquoise bracelet,210,HIGH,100
navajo cuff bracelet,210,HIGH,100
purple turquoise earrings,210,HIGH,100
pearl and moonstone necklace,210,HIGH,100
moonstone eternity band,210,HIGH,100
moonstone heart ring,210,HIGH,98
white moonstone necklace,210,HIGH,100
tigers eye mens jewelry,210,HIGH,100
mens tiger eye ring gold,210,HIGH,100
vca turquoise,210,HIGH,100
citrine gemstone necklace,210,HIGH,100
turquoise teardrop necklace,210,HIGH,100
turquoise elephant necklace,210,HIGH,85
opal and turquoise necklace,210,HIGH,100
emerald cut citrine pendant,210,HIGH,100
white turquoise necklace,210,HIGH,100
turquoise heart jewelry,210,HIGH,100
blue turquoise bracelet,210,HIGH,100
moonstone teardrop necklace,210,HIGH,100
pearl and moonstone ring,210,HIGH,100
moonstone cuff bracelet,210,HIGH,100
moonstone and pearl necklace,210,HIGH,100
persian turquoise earrings,210,HIGH,100
turquoise and pearl bracelet,210,HIGH,100
turquoise cabochon ring,210,HIGH,100
silver bracelet with turquoise stone,210,HIGH,100
turquoise opal necklace,210,HIGH,100
sterling turquoise ring,210,HIGH,100
anna beck turquoise ring,210,HIGH,100
turquoise and pearl jewelry,210,HIGH,100
citrine statement necklace,210,HIGH,88
ruby and turquoise ring,210,HIGH,100
heart moonstone ring,210,HIGH,98
turquoise blue bracelet,210,HIGH,100
turquoise and opal necklace,210,HIGH,100
evil eye necklace turquoise,210,HIGH,100
teardrop turquoise necklace,210,HIGH,100
turquoise seed bead necklace,210,HIGH,100
amazon tiger eye bracelet,210,HIGH,100
purple mohave turquoise,210,HIGH,100
silver moonstone pendant,210,HIGH,100
composite turquoise,210,HIGH,99
sterling silver turquoise cuff bracelet,210,HIGH,100
925 sterling silver skull rings,210,HIGH,98
yurman citrine earrings,210,HIGH,100
turquoise men's jewelry,210,HIGH,100
turquoise heart necklace tiffany,210,HIGH,100
moonstone pearl necklace,210,HIGH,100
old pawn native american jewelry,210,HIGH,100
large turquoise bracelet,210,HIGH,100
citrine silver bracelet,210,HIGH,98
citrine earrings david yurman,210,HIGH,100
raw citrine jewelry,210,HIGH,100
rose gold and moonstone ring,210,HIGH,100
turquoise jewelry store,210,HIGH,93
silver necklace with turquoise pendant,210,HIGH,100
large turquoise pendant necklace,210,HIGH,100
tiffany and co turquoise heart necklace,210,HIGH,100
turquoise tassel necklace,210,HIGH,93
carnelian intaglio ring,210,HIGH,100
cloud mountain turquoise,210,HIGH,100
turquoise beaded hoop earrings,210,HIGH,100
faceted citrine beads,210,HIGH,96
purple turquoise stone,210,HIGH,98
peach moonstone earrings,210,HIGH,89
tibetan turquoise earrings,210,HIGH,82
country turquoise jewelry,210,HIGH,100
slab earrings,210,HIGH,100
citrine gem necklace,210,HIGH,100
tiger eye silver bracelet,210,HIGH,100
turquoise marquise ring,210,HIGH,100
citrine cross pendant,210,HIGH,100
zuni turquoise necklace,210,HIGH,100
sterling silver turquoise hoop earrings,210,HIGH,98
black moonstone pendant,210,HIGH,67
red mountain turquoise,210,HIGH,99
high quality citrine bracelet,210,HIGH,100
tiny turquoise earrings,210,HIGH,100
robins egg turquoise,210,HIGH,93
zuni turquoise hoop earrings,210,HIGH,79
teardrop moonstone pendant,210,HIGH,100
zuni rings vintage,210,HIGH,99
vintage navajo turquoise necklace,210,HIGH,100
tiger eye ring mens gold,210,HIGH,100
turquoise pearl bracelet,210,HIGH,100
tiger eye bracelet amazon,210,HIGH,100
bisbee turquoise pendant,210,HIGH,100
moonstone pearl ring,210,HIGH,100
pearl moonstone necklace,210,HIGH,100
tiffany heart necklace turquoise,210,HIGH,100
yellow turquoise jewelry,210,HIGH,100
tiffany necklace turquoise heart,210,HIGH,100
vintage 925 sterling silver rings,210,HIGH,99
navajo turquoise bead necklace,210,HIGH,100
925 nvc,210,LOW,5
925 vintage ring,210,MEDIUM,52
antique 925 sterling silver rings,210,HIGH,99
antique moonstone gold ring,210,HIGH,81
carnelian necklace pendant,210,HIGH,100
carved turquoise ring,210,HIGH,79
charles loloma ring,210,MEDIUM,53
citrine and silver bracelet,210,HIGH,98
citrine princess cut ring,210,HIGH,100
citrine vintage engagement ring,210,HIGH,100
copper and turquoise necklace,210,HIGH,99
copper turquoise necklace,210,HIGH,99
david yurman mens bracelet beads,210,HIGH,100
diamond citrine,210,HIGH,100
egyptian turquoise ring,210,HIGH,88
fake turquoise rings,210,HIGH,99
gold mens tiger eye ring,210,HIGH,100
green tiger eye ring,210,MEDIUM,52
h925 cz,210,LOW,4
hoop earrings with turquoise bead,210,HIGH,100
huge moonstone pendant,210,HIGH,100
iranian turquoise necklace,210,HIGH,88
js 925 ring,210,LOW,26
light citrine ring,210,HIGH,96
lucky brand turquoise ring,210,MEDIUM,35
marquise turquoise ring,210,HIGH,100
men carnelian ring,210,HIGH,98
men's tiger eye ring gold,210,HIGH,100
moonstone and silver pendant,210,HIGH,100
moonstone black ring,210,HIGH,100
moonstone pendant large,210,HIGH,100
moonstone ring vampire diaries,210,LOW,6
navajo slave bracelet,210,HIGH,100
navajo squash blossom earrings,210,HIGH,68
navajo turquoise cluster earrings,210,HIGH,100
orange carnelian jewelry,210,HIGH,100
purple turquoise pendant,210,HIGH,88
rose quartz and citrine bracelet,210,HIGH,100
royston turquoise bracelet,210,HIGH,100
royston turquoise necklace,210,HIGH,100
sapphire and turquoise,210,HIGH,99
sapphire turquoise,210,HIGH,99
silver and citrine bracelet,210,HIGH,98
silver tiger eye bracelet,210,HIGH,100
silver turquoise pendant necklace,210,HIGH,100
sleeping beauty turquoise stone,210,HIGH,100
sterling and turquoise rings,210,HIGH,100
sterling silver and turquoise cuff bracelet,210,HIGH,100
sterling silver thunderbird ring,210,MEDIUM,36
tiger eye bracelet silver,210,HIGH,100
tigers eye jewelry men,210,HIGH,100
turquoise arrowhead pendant,210,HIGH,100
turquoise dragonfly pendant,210,HIGH,100
turquoise heart stone,210,HIGH,100
turquoise j,210,LOW,14
turquoise nugget pendant,210,MEDIUM,57
turquoise stone ring gold,210,HIGH,100
turquoise stone ring silver,210,HIGH,100
turquoise stone silver bracelet,210,HIGH,100
victorian citrine ring,210,HIGH,76
vintage 925,210,LOW,20
vintage 925 ring,210,MEDIUM,52
vintage native american turquoise cuff bracelet,210,HIGH,74
vintage sleeping beauty turquoise ring,210,HIGH,82
yellow turquoise necklace,210,MEDIUM,60
aquamarine rings for sale,170,HIGH,100
grandma necklace with grandkids birthstones,170,HIGH,100
aquamarine heart necklace,170,HIGH,100
raw stone engagement rings,170,HIGH,100
montana blue sapphire ring,170,HIGH,100
tanzanite pendant necklace,170,HIGH,100
amethyst engagement ring set,170,HIGH,100
silver feather necklace,170,HIGH,100
moss agate ring engagement,170,HIGH,100
mom necklace silver,170,HIGH,100
rose gold birthstone necklace,170,HIGH,100
dior ring silver,170,HIGH,100
natural emerald pendant,170,HIGH,100
emerald anklet,170,HIGH,100
30 inch silver chain,170,HIGH,100
engraved birthstone necklace,170,HIGH,100
yellow sapphire pendant,170,HIGH,100
boho magic spinner rings,170,HIGH,95
bohemian engagement rings,170,HIGH,100
morganite wedding band,170,HIGH,100
aquamarine bracelet white gold,170,HIGH,100
green amethyst engagement ring,170,HIGH,100
b necklace silver,170,HIGH,100
fine silver necklace,170,HIGH,100
delicate silver bracelet,170,HIGH,100
emerald cut morganite ring,170,HIGH,100
real emerald pendant,170,HIGH,100
purple amethyst necklace,170,HIGH,100
925 sterling silver wholesale,170,HIGH,100
silver wishbone ring,170,HIGH,100
sterling silver ball bracelet,170,HIGH,100
925 silver wholesale,170,HIGH,100
bridesmaid earrings silver,170,HIGH,100
silver st christopher pendant,170,HIGH,100
peridot heart necklace,170,HIGH,100
green moss agate engagement ring,170,HIGH,100
pear shaped emerald engagement ring,170,HIGH,100
2mm silver chain,170,HIGH,100
tiffany j necklace,170,HIGH,99
raw emerald necklace,170,HIGH,100
sterling silver jewerly online,170,HIGH,100
vermeil bracelet,170,HIGH,100
aquamarine halo ring,170,HIGH,100
30 inch sterling silver chain,170,HIGH,100
aquamarine necklace and earring set,170,HIGH,100
childrens silver earrings,170,HIGH,100
blue sapphire heart necklace,170,HIGH,100
tanzanite studs,170,HIGH,100
tiffany heart tag pendant,170,HIGH,94
gold plated silver necklace,170,HIGH,100
effy citrine ring,170,HIGH,100
sapphire bangle bracelet,170,HIGH,100
hippie engagement rings,170,HIGH,100
rose gold amethyst necklace,170,HIGH,100
amethyst anklet,170,HIGH,100
1 carat emerald ring,170,HIGH,100
silver letter pendant,170,HIGH,100
tanzanite wedding ring set,170,HIGH,100
plain silver necklace,170,HIGH,80
11 inch anklet,170,HIGH,100
real silver hoops,170,HIGH,100
yellow topaz bracelet,170,HIGH,100
14k gold emerald necklace,170,HIGH,100
simple emerald ring,170,HIGH,100
rose de france amethyst ring,170,HIGH,100
custom silver chain,170,HIGH,100
pear cut emerald ring,170,HIGH,100
tree of life pendant silver,170,HIGH,100
handmade silver bracelets,170,HIGH,100
rose gold and silver engagement rings,170,HIGH,100
cat earrings silver,170,HIGH,100
ombre birthstone ring,170,HIGH,100
unique birthstone rings,170,HIGH,100
lemon quartz ring,170,HIGH,99
tanzanite hoop earrings,170,HIGH,100
pendant settings for loose stones,170,HIGH,100
garnet cocktail ring,170,HIGH,100
square cut emerald ring,170,HIGH,100
pear shaped aquamarine ring,170,HIGH,100
lab created blue sapphire ring,170,HIGH,100
black gemstone engagement ring,170,HIGH,100
aquamarine stone earrings,170,HIGH,100
18k gold emerald ring,170,HIGH,100
real carnelian necklace,170,HIGH,99
h necklace silver,170,HIGH,100
mens silver jewerly,170,HIGH,100
morganite ring tiffany,170,HIGH,100
blue emerald ring,170,HIGH,100
real gemstone rings,170,HIGH,100
unique handmade earrings,170,HIGH,100
vintage chunky silver bracelet,170,HIGH,100
unique stone engagement rings,170,HIGH,100
morganite eternity band,170,HIGH,100
silver crystal earrings,170,HIGH,100
silver anchor necklace,170,HIGH,100
citrine rings for sale,170,HIGH,100
3 carat aquamarine ring,170,HIGH,100
tiffany aquamarine bracelet,170,HIGH,100
silver bar pendant,170,HIGH,100
emerald green stone ring,170,HIGH,100
peridot cocktail ring,170,HIGH,100
raw aquamarine ring,170,HIGH,100
green topaz ring,170,HIGH,100
14k emerald ring,170,HIGH,100
gemstone band rings,170,HIGH,100
rainbow stone ring,170,HIGH,100
sterling silver coin necklace,170,HIGH,100
silver plated earrings,170,HIGH,100
simple sapphire rings,170,HIGH,100
silver heart stud earrings,170,HIGH,99
garnet stone bracelet,170,HIGH,100
silver leaf necklace,170,HIGH,100
citrine stone bracelet,170,HIGH,100
moonstone choker,170,HIGH,100
emerald cut tanzanite ring,170,HIGH,100
emerald green pendant,170,HIGH,100
small heart necklace silver,170,HIGH,100
silver knot necklace,170,HIGH,100
raw sapphire ring,170,HIGH,100
opal stone bracelet,170,HIGH,100
silver ring design,170,HIGH,100
silver ring necklace,170,HIGH,99
silver skull necklace,170,HIGH,100
garnet band,170,HIGH,100
silver dragon bracelet,170,HIGH,99
unique aquamarine rings,170,HIGH,99
onyx stone necklace,170,HIGH,100
poodle necklace,170,HIGH,100
hammered silver necklace,170,HIGH,100
real moonstone bracelet,170,HIGH,100
blue green sapphire ring,170,HIGH,99
genuine alexandrite,170,HIGH,100
unique peridot rings,170,HIGH,100
oxidized earrings,170,HIGH,100
natural stone wedding rings,170,HIGH,100
gold silver earrings,170,HIGH,100
white gold gemstone ring,170,HIGH,100
alexandrite stone necklace,170,HIGH,100
silver moon pendant,170,HIGH,100
925 tennis bracelet,170,HIGH,100
amethyst chain,170,HIGH,100
emerald ring designs,170,HIGH,100
gold boho rings,170,HIGH,100
silver circle ring,170,HIGH,99
green peridot ring,170,HIGH,100
simple silver jewlery,170,HIGH,100
red opal ring,170,HIGH,98
boho hoop earrings,170,HIGH,100
silver fringe earrings,170,HIGH,100
925 sterling silver spinner rings,170,HIGH,100
simple silver chain,170,HIGH,100
round emerald ring,170,HIGH,100
antique silver necklace,170,HIGH,100
5 carat sapphire,170,HIGH,100
unakite bracelet,170,HIGH,100
blue sapphire solitaire ring,170,HIGH,80
sterling silver fashion rings,170,HIGH,100
pink garnet ring,170,HIGH,99
handmade gold rings,170,HIGH,100
mystic topaz bracelet,170,HIGH,100
heart shaped opal ring,170,HIGH,100
raw gemstone jewelry,170,HIGH,100
black tourmaline crystal bracelet,170,HIGH,100
green tourmaline bracelet,170,HIGH,100
chrysocolla necklace,170,HIGH,100
tiffany round link bracelet,170,HIGH,87
natural amethyst ring,170,HIGH,100
aquamarine crystal bracelet,170,HIGH,100
indicolite tourmaline ring,170,HIGH,100
goro necklace,170,HIGH,99
green amethyst bracelet,170,HIGH,100
natural stones for jewelry making,170,HIGH,100
etsy sterling silver necklace,170,HIGH,100
green gemstone bracelet,170,HIGH,100
black tourmaline crystal necklace,170,HIGH,100
gold stone earrings,170,HIGH,100
oval gemstone ring,170,HIGH,100
boho dangle earrings,170,HIGH,100
green stone earrings gold,170,HIGH,100
tiffany cross necklace elsa peretti,170,HIGH,100
green stone pendant necklace,170,HIGH,100
green tourmaline pendant,170,HIGH,100
silver saddle ring,170,HIGH,90
versace silver ring,170,HIGH,100
boho bangles,170,HIGH,99
925 silver ring price,170,HIGH,90
handcrafted artisan jewelry,170,MEDIUM,62
silver rosary chain,170,HIGH,100
silver stone necklace,170,HIGH,100
charoite bracelet,170,HIGH,100
ametrine pendant,170,HIGH,100
sun and moon friendship necklace,170,HIGH,97
silver thumb ring for men,170,HIGH,100
boho silver necklace,170,HIGH,100
labradorite crystal bracelet,170,HIGH,100
green aventurine pendant,170,HIGH,100
boho pendants,170,HIGH,100
gemstones for sale near me,170,HIGH,75
agate stone bracelet,170,HIGH,100
silver bracelet for men design,170,HIGH,100
vintage boho earrings,170,HIGH,100
opal pendant silver,170,HIGH,100
silver om pendant,170,HIGH,100
aventurine pendant,170,HIGH,100
oxidized jewellery set,170,HIGH,100
raw citrine ring,170,HIGH,100
mens boho bracelets,170,HIGH,100
gemstone settings,170,HIGH,95
red jasper pendant,170,HIGH,100
kunzite pendant,170,HIGH,100
carnelian stone bracelet,170,HIGH,100
s925 bracelet,170,HIGH,99
pink moonstone ring,170,HIGH,100
semi precious birthstones,170,HIGH,100
blue apatite ring,170,HIGH,100
two stone ring design,170,HIGH,100
coloured stone earrings,170,HIGH,100
silver ring with red stone,170,HIGH,100
vermeil on silver,170,MEDIUM,57
handmade pearl earrings,170,HIGH,100
handmade clay earrings,170,HIGH,98
handmade sea glass jewelry,170,HIGH,100
white howlite bracelet,170,HIGH,97
chunky boho necklace,170,HIGH,100
pink sapphire birthstone,170,HIGH,95
tanzanite cabochon,170,HIGH,99
unakite necklace,170,HIGH,100
handmade leather earrings,170,HIGH,100
custom handmade jewelry,170,HIGH,82
yellow jasper bracelet,170,HIGH,99
blue topaz stone price,170,HIGH,100
3 stone ring design,170,HIGH,100
handmade turquoise rings,170,HIGH,98
the rare gemstone company,170,HIGH,99
birthstone for,170,HIGH,83
three stone ring design,170,HIGH,100
italy 925 silver bracelet price,170,HIGH,99
pearl and alexandrite,170,HIGH,100
etsy boho jewelry,170,HIGH,97
handmade mexican bracelets,170,HIGH,100
handcrafted gold rings,170,HIGH,100
aquamarine tiffany bracelet,170,HIGH,100
yellow diamond gemstone,170,HIGH,79
handcrafted silver bracelets,170,HIGH,100
aurora borealis gemstone,170,HIGH,91
boho moonstone ring,170,HIGH,98
handmade evil eye bracelet,170,HIGH,87
morganite crystal bracelet,170,HIGH,94
pearl alexandrite,170,HIGH,100
925k sterling silver,170,HIGH,84
handmade personalized jewelry,170,HIGH,100
handmade personalised jewellery,170,HIGH,100
handmade wire earrings,170,HIGH,100
handmade wood earrings,170,HIGH,99
boho beaded jewelry,170,HIGH,100
affordable handmade jewelry,170,LOW,19
bohemian garnet bracelet,170,HIGH,100
bohemian inspired jewelry,170,LOW,11
boho bracelets men,170,HIGH,100
boho coin necklace,170,HIGH,100
boho vintage earrings,170,HIGH,100
cool hippie rings,170,LOW,20
custom handcrafted jewelry,170,HIGH,82
dangle earrings boho,170,HIGH,100
gold ring handmade,170,HIGH,100
handcrafted clay earrings,170,HIGH,98
handcrafted custom jewelry,170,HIGH,82
handcrafted luxury jewelry,170,HIGH,100
handcrafted pearl earrings,170,HIGH,100
handcrafted wooden earrings,170,HIGH,99
handmade bracelet silver,170,HIGH,100
handmade earrings with pearls,170,HIGH,100
handmade evil eye bracelets,170,HIGH,87
handmade israeli jewelry,170,HIGH,100
handmade puerto rican jewelry,170,HIGH,75
handmade unique earrings,170,HIGH,100
handmade wire bracelet,170,HIGH,98
leather handmade earrings,170,HIGH,100
mimosa handcrafted jewelry,170,HIGH,83
moonstone boho ring,170,HIGH,98
pearl earrings handmade,170,HIGH,100
pearl handmade earrings,170,HIGH,100
vintage hippie rings,170,MEDIUM,39
wire earrings handmade,170,HIGH,100
wooden handmade earrings,170,HIGH,99
yellow peridot,170,MEDIUM,53
mothers necklace 2 stones,170,HIGH,100
best moissanite,170,HIGH,99
swarovski gema earrings,170,HIGH,100
birthstone necklace for girlfriend,170,HIGH,100
crystal tennis necklace,170,HIGH,100
kays birthstone rings,170,HIGH,100
bridal statement earrings,170,HIGH,100
april birthstone earrings,170,HIGH,100
birth stones necklace,170,HIGH,100
birthstone necklace for mom pandora,170,HIGH,100
white statement earrings,170,HIGH,100
5 birthstone ring,170,HIGH,100
best birthstone jewelry,170,HIGH,99
9 stone mothers ring,170,HIGH,100
raw crystal rings,170,HIGH,100
march birthstone engagement ring,170,HIGH,100
rose gold statement earrings,170,HIGH,100
brilliant earth sapphire,170,HIGH,71
emerald statement earrings,170,HIGH,100
3 birthstone necklace for mom,170,HIGH,100
real rose quartz necklace,170,HIGH,100
green crystal earrings,170,HIGH,100
citrine stackable ring,170,HIGH,100
turquoise birthstone necklace,170,HIGH,100
swarovski crystal hoop earrings,170,HIGH,100
custom sterling silver rings,170,HIGH,100
rose quartz pendant necklace,170,HIGH,100
moissanite dealers near me,170,HIGH,100
loose moissanite diamonds,170,HIGH,100
sapphire band white gold,170,HIGH,100
blue sapphire band,170,HIGH,99
pink cocktail ring,170,HIGH,100
orange statement earrings,170,HIGH,92
red crystal earrings,170,HIGH,100
crystal napkin rings,170,HIGH,100
birthstone necklace for daughter,170,HIGH,100
moss agate and diamond engagement ring,170,HIGH,100
crystal ear cuff,170,HIGH,99
silver stud earrings tiffany,170,HIGH,99
swarovski bridal earrings,170,HIGH,100
grandchildren birthstone bracelet,170,HIGH,100
aquamarine and diamond band,170,HIGH,100
amethyst jewelry near me,170,HIGH,100
london blue topaz wedding band,170,HIGH,99
birth stones rings,170,HIGH,100
august birthstone engagement rings,170,HIGH,100
pear sapphire engagement rings,170,HIGH,99
white gold opal engagement ring,170,HIGH,100
swarovski emerald ring,170,HIGH,100
sterling silver moissanite engagement rings,170,HIGH,100
crystal butterfly necklace,170,HIGH,100
colorful statement earrings,170,HIGH,100
gold earrings for wedding,170,HIGH,100
flat back earrings sterling silver,170,HIGH,100
rainbow crystal necklace,170,HIGH,100
sterling silver everyday rings,170,HIGH,100
lab created white sapphire sterling silver,170,HIGH,100
lab alexandrite ring,170,HIGH,100
london blue topaz and diamond ring,170,HIGH,100
blue topaz rose gold ring,170,HIGH,100
healing crystal earrings,170,HIGH,100
4 carat moissanite,170,HIGH,100
watermelon tourmaline engagement ring,170,HIGH,100
custom three stone rings,170,HIGH,100
grandkids birthstone bracelet,170,HIGH,100
sterling silver oval hoop earrings,170,HIGH,100
three stone cushion cut ring,170,HIGH,92
leo birthstone ring,170,HIGH,100
black crystal ring,170,HIGH,100
grandchildren birthstone jewelry,170,HIGH,100
swarovski yellow earrings,170,HIGH,100
white crystal bracelet,170,HIGH,100
swarovski bow necklace,170,HIGH,100
birthstone rings for mom 5 stones,170,HIGH,100
swarovski band ring,170,HIGH,100
blue topaz bracelet sterling silver,170,HIGH,100
peridot baguette ring,170,HIGH,100
tiffany cocktail ring,170,HIGH,100
princess cut sapphire,170,HIGH,100
swarovski heart pendant,170,HIGH,100
swarovski gold hoop earrings,170,HIGH,100
chunky sterling silver hoop earrings,170,HIGH,100
chatham alexandrite,170,HIGH,100
unique amethyst rings,170,HIGH,100
d color moissanite,170,HIGH,100
clear crystal necklace,170,HIGH,100
crystal flower earrings,170,HIGH,100
swarovski crystal choker,170,HIGH,100
simple birthstone rings,170,HIGH,100
blue sapphire halo ring,170,HIGH,100
december birthstone jewelry set,170,HIGH,100
4 carat emerald,170,HIGH,100
simple sapphire engagement rings,170,HIGH,100
birthstone signet ring,170,HIGH,100
tiffany stud earrings silver,170,HIGH,99
gold ring with aquamarine stone,170,HIGH,100
sagittarius birthstone ring,170,HIGH,100
extra large sterling silver hoop earrings,170,HIGH,100
genuine moonstone ring,170,HIGH,100
long earrings for wedding,170,HIGH,100
october birthstone engagement ring,170,HIGH,100
chunky sterling silver earrings,170,HIGH,100
grandma ring with grandkids birthstones,170,HIGH,100
sterling silver statement earrings,170,HIGH,100
solid sterling silver rings,170,HIGH,100
lab grown tanzanite,170,HIGH,100
personalized sterling silver rings,170,HIGH,99
blue topaz and pearl earrings,170,HIGH,100
14k gold statement ring,170,HIGH,100
rose quartz necklace real,170,HIGH,100
sterling silver bar earrings,170,HIGH,100
dreamland jewelry sterling silver rings,170,HIGH,99
blue topaz wedding set,170,HIGH,100
citrine hoop earrings,170,HIGH,99
rhinestone chandelier earrings,170,HIGH,100
hypoallergenic silver hoop earrings,170,HIGH,100
large blue topaz ring,170,HIGH,100
blue topaz heart ring,170,HIGH,100
flat screw back earrings,170,HIGH,100
morganite eternity ring,170,HIGH,100
emerald moissanite,170,HIGH,100
silver hoop set,170,HIGH,100
green quartz engagement ring,170,HIGH,100
large citrine pendant,170,HIGH,100
birthstone necklace rose gold,170,HIGH,100
pearl statement ring,170,HIGH,100
crystal ball necklace,170,HIGH,100
moon crystal necklace,170,HIGH,98
square aquamarine ring,170,HIGH,100
citrine stacking ring,170,HIGH,100
amethyst drop earrings silver,170,HIGH,100
bee ring silver,170,HIGH,100
violet sapphire ring,170,HIGH,100
clear quartz earrings,170,HIGH,97
crystal chip bracelets,170,HIGH,93
modern silver rings,170,HIGH,82
morganite anniversary band,170,HIGH,100
mothers ring with 5 birthstones,170,HIGH,100
emerald cut sapphire and diamond ring,170,HIGH,100
initial birthstone ring,170,HIGH,100
pyrite stone bracelet,170,HIGH,99
tanzanite rose gold ring,170,HIGH,100
antique cocktail ring,170,HIGH,100
swarovski red heart necklace,170,HIGH,100
silver rose earrings,170,HIGH,100
grandkid birthstone jewelry,170,HIGH,100
purple garnet ring,170,HIGH,100
yellow topaz and diamond ring,170,HIGH,100
barbed wire hoop earrings,170,HIGH,98
pear shaped amethyst ring,170,HIGH,100
crystal wrap bracelet,170,HIGH,100
montana silver rings,170,HIGH,100
pandora october birthstone ring,170,HIGH,100
2 carat ruby,170,HIGH,100
brushed silver earrings,170,HIGH,100
citrine necklace silver,170,HIGH,100
black agate ring,170,HIGH,100
pandora august birthstone ring,170,HIGH,100
stone earrings gold,170,HIGH,100
white topaz stone,170,HIGH,98
dragonfly stud earrings,170,HIGH,100
brushed silver ring,170,HIGH,100
rainbow crystal bracelet,170,HIGH,100
david yurman statement rings,170,HIGH,100
oval citrine ring,170,HIGH,95
crystal lariat necklace,170,HIGH,100
clear quartz engagement ring,170,HIGH,100
topaz and emerald ring,170,HIGH,100
green gem bracelet,170,HIGH,100
emerald gold band,170,HIGH,100
long sterling silver earrings,170,HIGH,100
silver sparkly hoop earrings,170,HIGH,100
swarovski multicolor necklace,170,HIGH,100
amethyst for men,170,HIGH,99
purple tanzanite rings,170,HIGH,100
david yurman lemon citrine ring,170,HIGH,100
moss agate silver ring,170,HIGH,100
black gold amethyst ring,170,HIGH,94
green stone wedding rings,170,HIGH,100
scorpio birthstone ring,170,HIGH,100
haverhill birthstone bracelet,170,HIGH,74
black gemstone earrings,170,HIGH,100
crystal cluster earrings,170,HIGH,100
swarovski chain bracelet,170,HIGH,100
radiant cut sapphire,170,HIGH,100
tiny sterling silver stud earrings,170,HIGH,100
large sterling silver rings,170,HIGH,100
tiffany silver earrings studs,170,HIGH,99
silver bee ring,170,HIGH,100
clear crystal earrings,170,HIGH,100
black diamond silver ring,170,HIGH,100
heart earrings and necklace set,170,HIGH,100
crystal eternity ring,170,HIGH,100
stackable eternity birthstone rings,170,HIGH,100
angel birthstone necklace,170,HIGH,100
birthstone rings near me,170,HIGH,100
sterling silver signet ring womens,170,HIGH,100
citrine sun necklace,170,HIGH,100
silver triangle earrings,170,HIGH,100
large silver ball earrings,170,HIGH,98
silver cluster ring,170,HIGH,100
thick silver band ring,170,HIGH,100
alex and ani spoon rings,170,HIGH,81
black swarovski necklace,170,HIGH,100
charm ring silver,170,HIGH,100
natural crystal rings,170,HIGH,100
silver ball hoop earrings,170,HIGH,100
hermes silver earrings,170,HIGH,100
swarovski butterfly ring,170,HIGH,100
sterling silver claddagh earrings,170,HIGH,90
his and hers birthstone ring,170,HIGH,100
thin sterling silver hoop earrings,170,HIGH,100
amethyst healing bracelet,170,HIGH,81
silver princess cut ring,170,HIGH,100
peridot signet ring,170,HIGH,100
real black opal ring,170,HIGH,100
november birthstone ring pandora,170,HIGH,96
rose quartz earrings silver,170,HIGH,100
cocktail engagement ring,170,HIGH,99
crystal vine earrings,170,HIGH,100
raw rose quartz necklace,170,HIGH,100
sparkly hoop earrings silver,170,HIGH,100
swarovski black ring,170,HIGH,100
lalique cabochon ring,170,HIGH,100
sterling silver aquamarine earrings,170,HIGH,100
jade stone earrings,170,HIGH,91
pandora september birthstone ring,170,HIGH,100
blue topaz pendant gold,170,HIGH,100
painite engagement ring,170,HIGH,100
silver viking ring,170,HIGH,100
blue agate earrings,170,HIGH,100
colored stone earrings,170,HIGH,100
emerald cut amethyst,170,HIGH,100
swarovski heart necklace silver,170,HIGH,100
blue tourmaline necklace,170,HIGH,100
rutilated quartz bracelet,170,HIGH,100
october jewellery,170,HIGH,100
kendra scott crystal necklace,170,HIGH,100
argento vivo sterling silver earrings,170,HIGH,100
strawberry quartz necklace,170,HIGH,100
initial and birthstone ring,170,HIGH,100
vintage amethyst rings for sale,170,HIGH,100
blue chalcedony necklace,170,HIGH,100
black obsidian crystal necklace,170,HIGH,100
blue green tourmaline ring,170,HIGH,100
blue kyanite bracelet,170,HIGH,100
silver cuban ring,170,HIGH,100
silverrings,170,HIGH,100
large crystal pendant necklace,170,HIGH,98
10 carat emerald ring,170,HIGH,100
shamrock earrings silver,170,HIGH,100
mother of pearl statement earrings,170,HIGH,100
emerald jewellers,170,HIGH,100
unique sterling silver dangle earrings,170,HIGH,100
black and silver hoop earrings,170,HIGH,100
brown crystal earrings,170,HIGH,99
georg jensen silver ring,170,HIGH,99
citrine signet ring,170,HIGH,100
swarovski red necklace,170,HIGH,99
cuban ring silver,170,HIGH,100
silver ring with purple stone,170,HIGH,100
sterling silver barbell earrings,170,HIGH,100
november jewellery,170,HIGH,100
peridot diamond,170,HIGH,99
crystal necklace near me,170,HIGH,97
pink stone rings sterling silver,170,HIGH,100
green spinel ring,170,HIGH,100
long silver ring,170,HIGH,100
ladies sterling silver earrings,170,HIGH,100
emerald baguette,170,HIGH,100
blue crystal earrings swarovski,170,HIGH,100
sterling silver gemstone earrings,170,HIGH,89
triquetra earrings,170,HIGH,100
james avery birthstone earrings,170,HIGH,100
wrap around ring silver,170,HIGH,100
1 carat tanzanite,170,HIGH,100
blue topaz jewellery set,170,HIGH,100
white star sapphire ring,170,HIGH,100
september jewellery,170,HIGH,100
december jewellery,170,HIGH,100
quartz crystal earrings,170,HIGH,97
women's earrings sterling silver,170,HIGH,100
libyan desert glass necklace,170,HIGH,98
aquamarine cocktail ring vintage,170,HIGH,100
silver eagle ring,170,HIGH,98
rutilated quartz pendant,170,HIGH,100
crystal chip necklace,170,HIGH,94
silver pyramid ring,170,LOW,33
10k silver ring,170,HIGH,92
black necklace swarovski,170,HIGH,100
sterling silver bee ring,170,HIGH,100
turquoise earrings pandora,170,HIGH,87
vintage aquamarine cocktail ring,170,HIGH,100
orange crystal bracelet,170,HIGH,89
green beryl ring,170,HIGH,100
kohl's silver earrings,170,HIGH,84
healing beads necklace,170,HIGH,76
citrine and amethyst bracelet,170,HIGH,100
lavender quartz ring,170,HIGH,100
silver clover earrings,170,HIGH,100
pandora silver band ring,170,HIGH,100
purple and silver earrings,170,HIGH,100
kohls primrose rings,170,HIGH,84
crystal collection jewelry,170,LOW,16
mens topaz jewelry,170,HIGH,100
square emerald cut,170,HIGH,100
jacket earrings silver,170,HIGH,100
earrings for women sterling silver,170,HIGH,100
silver and crystal earrings,170,HIGH,100
indian sapphire,170,HIGH,78
gold hoop earrings swarovski,170,HIGH,100
sterling silver half hoop earrings,170,HIGH,100
angelite crystal bracelet,170,HIGH,87
sterling silver gothic earrings,170,HIGH,100
tourmaline cabochon,170,HIGH,100
silver rope hoop earrings,170,HIGH,100
crystal rhinestone choker necklace,170,HIGH,98
green crystal beads,170,HIGH,100
black tourmaline mens ring,170,HIGH,100
silver ring designs,170,HIGH,100
swarovski blue crystal necklace,170,HIGH,100
s925 ale 56,170,HIGH,99
platinum cocktail rings,170,HIGH,83
blue topaz gold pendant,170,HIGH,100
healing stone earrings,170,HIGH,100
sterling silver shell earrings,170,HIGH,100
black tourmaline ring mens,170,HIGH,100
purple silver earrings,170,HIGH,100
mixed gold and silver earrings,170,HIGH,100
vintage black stone ring,170,HIGH,99
swarovski crystal teardrop earrings,170,HIGH,100
turquoise rhinestones,170,HIGH,100
swarovski stardust necklace,170,HIGH,100
smoky quartz mens ring,170,HIGH,100
crystal earrings silver,170,HIGH,100
rock crystal beads,170,HIGH,90
smoky quartz silver ring,170,HIGH,100
coloured crystal necklace,170,HIGH,99
swarovski necklace amazon,170,HIGH,100
peach tourmaline,170,HIGH,100
blue tourmaline pendant,170,HIGH,100
women opal wedding rings,170,HIGH,100
women 925 sterling silver,170,HIGH,98
opalite pendant,170,HIGH,100
rose quartz silver earrings,170,HIGH,100
half dollar ring,170,HIGH,100
price of yellow sapphire,170,HIGH,97
green citrine ring,170,HIGH,97
swarovski black crystal necklace,170,HIGH,98
citrine oval ring,170,HIGH,95
colorful crystal necklace,170,HIGH,99
tiny sterling silver earrings,170,HIGH,100
statement sterling silver earrings,170,HIGH,100
spessartite garnet price,170,HIGH,100
black silver hoop earrings,170,HIGH,100
pear shaped opal,170,HIGH,100
argentium silver earrings,170,HIGH,100
sterling silver lever back earrings,170,HIGH,100
extra large statement earrings,170,HIGH,100
labradorite stone ring,170,HIGH,100
amethyst chip bracelet,170,HIGH,90
hammered silver disc earrings,170,HIGH,99
silver purple earrings,170,HIGH,100
seafoam tourmaline,170,HIGH,99
gold statement rings for women,170,HIGH,100
gold diamond cocktail ring,170,HIGH,90
swarovski bezel necklace,170,HIGH,100
silver moonstone,170,HIGH,91
silver jacket earrings,170,HIGH,100
rose gold rhinestone,170,HIGH,100
rachel ashwell earrings cubic zirconia sterling silver,170,MEDIUM,62
amazon birthstone bracelets,170,HIGH,100
glass crystal rhinestones,170,HIGH,100
van cleef earrings silver,170,HIGH,100
gold and diamond cocktail rings,170,HIGH,90
van cleef rock crystal bracelet,170,HIGH,100
target silver earrings,170,HIGH,100
cocktail ring as engagement ring,170,HIGH,99
925 fas ring,170,LOW,24
silver topaz,170,MEDIUM,34
cocktail ring pink,170,HIGH,100
amethyst and rose quartz necklace,170,HIGH,73
birthstone for december 1st,170,HIGH,97
danburite bracelet,170,HIGH,80
color of sapphire stone,170,HIGH,100
silver marcasite ring,170,MEDIUM,54
pandora ring november birthstone,170,HIGH,96
madagascar rose quartz bracelet,170,HIGH,87
citrine and rose quartz bracelet,170,HIGH,100
lithium quartz bracelet,170,MEDIUM,48
tiffany and co elephant necklace,170,HIGH,100
birthstone for june 2,170,HIGH,100
david yurman turquoise earrings,170,HIGH,100
moonstone promise ring,170,HIGH,100
turquoise and diamond earrings,170,HIGH,100
real moonstone jewelry,170,HIGH,100
citrine and diamond earrings,170,HIGH,100
turquoise engagement ring set,170,HIGH,100
women's moonstone necklace,170,HIGH,100
van cleef turquoise earrings,170,HIGH,100
citrine diamond earrings,170,HIGH,100
custom turquoise jewelry,170,HIGH,100
white gold moonstone ring,170,HIGH,100
turquoise wrap bracelet,170,HIGH,100
jtv turquoise rings,170,HIGH,99
citrine and diamond bracelet,170,HIGH,100
turquoise stretch bracelet,170,HIGH,100
spiritual protection jewelry,170,MEDIUM,60
rose gold turquoise ring,170,HIGH,100
real turquoise wedding ring,170,HIGH,100
tiffany turquoise ring,170,HIGH,94
turquoise wedding rings his and hers,170,HIGH,100
squash blossom necklace for sale,170,HIGH,100
authentic native american turquoise jewelry,170,MEDIUM,63
moonstone band ring,170,HIGH,100
14k gold turquoise necklace,170,HIGH,100
silver citrine necklace,170,HIGH,100
topaz and citrine jewelry,170,HIGH,100
david yurman turquoise cable bracelet,170,HIGH,100
dainty turquoise ring,170,HIGH,100
vintage moonstone engagement ring,170,HIGH,100
mens silver turquoise bracelet,170,HIGH,100
carnelian signet ring,170,HIGH,100
african turquoise bracelet,170,HIGH,100
small turquoise stud earrings,170,HIGH,100
etsy moonstone necklace,170,HIGH,100
mens turquoise rings for sale,170,HIGH,100
turquoise septum ring,170,HIGH,100
white turquoise ring,170,HIGH,100
turquoise accessories,170,HIGH,100
turquoise pendant necklace gold,170,HIGH,100
genuine turquoise drop earrings,170,HIGH,100
white buffalo turquoise bracelet,170,HIGH,100
turquoise earrings near me,170,HIGH,100
amethyst and citrine necklace,170,HIGH,99
mens tiger ring,170,HIGH,100
native made turquoise jewelry,170,HIGH,100
red carnelian necklace,170,HIGH,100
golden hills turquoise earrings,170,HIGH,100
turquoise enamel ring,170,HIGH,100
green turquoise bracelet,170,HIGH,100
silver necklace with turquoise stone,170,HIGH,100
navajo mens turquoise necklace,170,HIGH,100
chunky turquoise ring,170,HIGH,100
emerald and moonstone ring,170,HIGH,100
citrine topaz jewelry,170,HIGH,100
adjustable turquoise ring,170,HIGH,100
turquoise ball earrings,170,HIGH,100
tiny turquoise stud earrings,170,HIGH,100
yellow gold turquoise ring,170,HIGH,100
turquoise jewelry stores near me,170,HIGH,99
ladies turquoise rings,170,HIGH,100
gold carnelian necklace,170,HIGH,100
carnelian gold necklace,170,HIGH,100
carnelian bead bracelet,170,HIGH,100
vintage turquoise,170,HIGH,98
turquoise and emerald ring,170,HIGH,100
moon magic moonstone necklace,170,HIGH,93
gold and turquoise wedding band,170,HIGH,100
mens native american turquoise bracelet,170,HIGH,97
turquoise and gold drop earrings,170,HIGH,100
montana silversmith turquoise necklace,170,HIGH,96
gold bracelet with turquoise stone,170,HIGH,100
turquoise bracelets amazon,170,HIGH,100
large citrine necklace,170,HIGH,100
carnelian necklace gold,170,HIGH,100
van cleef tiger eye necklace,170,HIGH,100
mens carnelian ring,170,HIGH,100
peach moonstone necklace,170,HIGH,100
kendra scott turquoise jewelry,170,HIGH,99
turquoise turtle earrings,170,HIGH,100
carnelian heart pendant,170,HIGH,97
turquoise necklaces amazon,170,HIGH,100
natural turquoise bracelet,170,HIGH,100
moonstone lariat necklace,170,HIGH,100
personalized turquoise jewelry,170,HIGH,100
turquoise and gold wedding band,170,HIGH,100
men's carnelian bracelet,170,HIGH,92
rose gold and turquoise ring,170,HIGH,100
diamond and citrine earrings,170,HIGH,100
native american sterling silver rings,170,HIGH,99
925 sterling silver promise ring,170,HIGH,100
grey moonstone ring,170,HIGH,83
carnelian drop earrings,170,HIGH,100
garnet and moonstone ring,170,HIGH,100
vintage navajo jewelry for sale,170,HIGH,100
van cleef and arpels turquoise earrings,170,HIGH,100
925 sterling silver cubic zirconia ring,170,HIGH,100
turquoise adjustable ring,170,HIGH,100
turquoise thunderbird necklace,170,HIGH,96
925 ec ring with diamonds,170,HIGH,88
tiger eye earrings gold,170,HIGH,100
old navajo jewelry,170,HIGH,94
turquoise ear crawler,170,HIGH,100
native american inlay jewelry,170,HIGH,100
authentic indian turquoise jewelry,170,MEDIUM,63
faux turquoise earrings,170,HIGH,100
native turquoise earrings,170,HIGH,100
art deco moonstone ring,170,HIGH,100
tiger eye charm,170,HIGH,100
mens square turquoise ring,170,HIGH,100
turquoise bear pendant,170,HIGH,100
carnelian gemstone jewelry,170,HIGH,100
carnelian bracelet men,170,HIGH,92
square moonstone ring,170,HIGH,91
red turquoise earrings,170,HIGH,100
turquoise y necklace,170,HIGH,100
turquoise jewelry kendra scott,170,HIGH,99
men's squash blossom necklace,170,HIGH,100
spiritual bracelets for women,170,HIGH,100
silver turquoise cross necklace,170,HIGH,100
silver turquoise jewelry native american,170,HIGH,99
sterling silver turquoise,170,HIGH,100
turquoise inlay cuff bracelet,170,HIGH,100
hermes turquoise bracelet,170,HIGH,100
turquoise bear necklace,170,HIGH,97
black moonstone earrings,170,LOW,31
tigers eye choker,170,HIGH,100
large turquoise cuff bracelet,170,HIGH,100
turquoise and silver cross necklace,170,HIGH,100
yellow gold and turquoise ring,170,HIGH,100
sterling silver and turquoise,170,HIGH,100
carnelian bracelet for men,170,HIGH,92
navajo pearl lariat necklace,170,HIGH,100
tiger eye stretch bracelet,170,HIGH,100
citrine jewelry for sale,170,LOW,25
moonstone chandelier earrings,170,HIGH,75
effie c zuni jewelry,170,HIGH,100
native american silver and turquoise jewelry,170,HIGH,99
native american turquoise choker necklace,170,HIGH,100
moonstone art deco ring,170,HIGH,100
tiffany and co turquoise ring,170,HIGH,94
silver necklace turquoise stone,170,HIGH,100
best places to buy turquoise jewelry,170,HIGH,100
gold necklace with turquoise pendant,170,HIGH,100
moonstone silver jewelry,170,HIGH,98
antique moonstone earrings,170,HIGH,89
large turquoise bead necklace,170,HIGH,100
vintage turquoise and diamond ring,170,HIGH,100
moonstone and amethyst necklace,170,HIGH,94
robin's egg blue turquoise jewelry,170,HIGH,100
gray moonstone ring,170,HIGH,83
orange carnelian ring,170,MEDIUM,52
tiger mens ring,170,HIGH,100
peach moonstone pendant,170,HIGH,70
sonoran mountain turquoise,170,HIGH,100
gm 925 ring,170,MEDIUM,45
moonstone and white gold ring,170,HIGH,100
turquoise heishi bead necklace,170,HIGH,100
moonstone necklace for women,170,HIGH,100
navajo turquoise and coral ring,170,HIGH,99
925 italy earrings,170,HIGH,88
925 nvc 6 ring,170,MEDIUM,63
925 silver ring cost,170,HIGH,90
925 sterling silver cz ring,170,HIGH,100
925 sterling silver moonstone ring,170,HIGH,100
925 sterling silver ring cubic zirconia,170,HIGH,100
925 sterling silver spoon ring,170,HIGH,100
925 tggc ring,170,LOW,15
alexandrite and moonstone,170,HIGH,100
alexandrite moonstone,170,HIGH,100
amazon mens turquoise rings,170,HIGH,100
amethyst citrine necklace,170,HIGH,99
antique citrine jewelry,170,HIGH,84
antique citrine pendant,170,HIGH,100
antique turquoise and diamond ring,170,HIGH,100
bella moonstone ring,170,HIGH,100
bge 925 ring price,170,LOW,26
black tiger eye ring,170,LOW,31
boulder turquoise earrings,170,HIGH,99
cabochon turquoise stone,170,HIGH,100
carnelian bracelet price,170,HIGH,87
carnelian chip bracelet,170,LOW,30
chalk turquoise,170,LOW,15
chandelier moonstone earrings,170,HIGH,75
citrine amethyst necklace,170,HIGH,99
citrine antique jewelry,170,HIGH,84
citrine chip bracelet,170,HIGH,79
citrine earrings with diamonds,170,HIGH,100
citrine pendant sterling silver,170,HIGH,95
citrine point pendant,170,HIGH,100
citrine sterling silver pendant,170,HIGH,95
diamond citrine earrings,170,HIGH,100
emerald moonstone ring,170,HIGH,100
fake turquoise earrings,170,HIGH,100
fake turquoise stone,170,HIGH,100
garnet moonstone ring,170,HIGH,100
gold and turquoise wedding ring,170,HIGH,100
gold tiger eye earrings,170,HIGH,100
green moonstone pendant,170,MEDIUM,58
h stern citrine ring,170,HIGH,100
hermes bracelet turquoise,170,HIGH,100
labradorite and moonstone bracelet,170,MEDIUM,51
large oval moonstone ring,170,HIGH,99
mens carnelian bracelet,170,HIGH,92
mens silver moonstone ring,170,MEDIUM,40
milor italy 925 ring,170,MEDIUM,34
moon stone silver,170,HIGH,91
moonstone amethyst necklace,170,HIGH,94
moonstone engagement ring vintage,170,HIGH,100
moonstone garnet ring,170,HIGH,100
moonstone mala bracelet,170,HIGH,88
moonstone mala necklace,170,HIGH,88
moonstone vintage engagement ring,170,HIGH,100
native american bear claw ring,170,HIGH,90
navajo cluster bracelet,170,HIGH,100
navajo men's turquoise necklace,170,HIGH,100
navajo silver turquoise bracelet,170,HIGH,100
navajo thunderbird necklace,170,HIGH,93
orange moonstone ring,170,HIGH,82
paparazzi jewelry turquoise,170,HIGH,80
patagonia turquoise,170,HIGH,95
practical magic tigers eye necklace,170,HIGH,100
ralph lauren turquoise bracelet,170,HIGH,80
rectangle moonstone ring,170,HIGH,100
robert leekya,170,MEDIUM,42
royston turquoise squash blossom necklace,170,HIGH,100
silver and moonstone jewellery,170,HIGH,98
sleeping beauty turquoise cuff bracelet,170,HIGH,97
sleeping beauty turquoise price,170,HIGH,99
spiritual bracelet charms,170,HIGH,74
squash blossom turquoise jewelry,170,HIGH,100
sterling silver citrine pendant,170,HIGH,95
sterling silver tiger eye necklace,170,HIGH,81
tiger eye gold earrings,170,HIGH,100
turquoise and coral squash blossom necklace,170,HIGH,100
turquoise and tiger eye bracelet,170,HIGH,100
turquoise bear claw pendant,170,HIGH,69
turquoise concho necklace,170,HIGH,100
turquoise hermes bracelet,170,HIGH,100
turquoise jade,170,MEDIUM,60
turquoise mens rings for sale,170,HIGH,100
turquoise pageant earrings,170,MEDIUM,64
turquoise ring rose gold,170,HIGH,100
turquoise ring wrap,170,HIGH,71
turquoise stone silver necklace,170,HIGH,100
van cleef tigers eye necklace,170,HIGH,100
victorian citrine necklace,170,MEDIUM,58
vintage citrine pendant,170,HIGH,100
vintage turquoise cluster ring,170,HIGH,100
white gold and moonstone ring,170,HIGH,100
whitewater turquoise,170,HIGH,99
wood and turquoise necklace,170,HIGH,82
zuni cluster ring,170,HIGH,94
zuni needlepoint bracelet,170,HIGH,99
zuni petit point bracelet,170,HIGH,74
zuni petit point earrings,170,HIGH,100
personalised silver bracelet,140,HIGH,100
garnet rings for sale,140,HIGH,100
sapphire stackable ring,140,HIGH,99
unusual silver rings,140,HIGH,94
gold necklace with emerald stone,140,HIGH,100
real silver name necklace,140,HIGH,100
adjustable silver chain,140,HIGH,100
silver chain top,140,HIGH,100
tanzanite bracelet white gold,140,HIGH,100
aquamarine bridal set,140,HIGH,100
mens chunky silver bracelets,140,HIGH,100
teal sapphire necklace,140,HIGH,100
topaz pendant necklace,140,HIGH,100
gucci interlocking necklace,140,HIGH,100
wholesale silver rings,140,HIGH,100
white sapphire eternity band,140,HIGH,100
emerald locket,140,HIGH,100
plain silver chain,140,HIGH,96
pandora silver anklet,140,HIGH,100
sapphire stone necklace,140,HIGH,100
peacock sapphire ring,140,HIGH,100
garnet necklace and earring set,140,HIGH,100
sapphire locket,140,HIGH,100
john hardy bali,140,HIGH,99
gucci silver heart necklace,140,HIGH,100
real sterling silver chain,140,HIGH,100
silver mama necklace,140,HIGH,100
citrine jewelry set,140,HIGH,100
26 inch silver chain,140,HIGH,100
blue topaz stackable ring,140,HIGH,100
green onyx necklace,140,HIGH,100
4mm silver chain,140,HIGH,100
sterling silver beads wholesale,140,HIGH,100
silver solitaire ring,140,HIGH,100
pear shaped sapphire engagement ring,140,HIGH,100
aquamarine anklet,140,HIGH,100
14 inch silver chain,140,HIGH,100
white stone earrings,140,HIGH,100
topaz drop earrings,140,HIGH,97
opal anklet,140,HIGH,100
tiny silver hoop earrings,140,HIGH,100
boho wedding earrings,140,HIGH,100
aquamarine crystal necklace,140,HIGH,100
large silver cross pendant,140,HIGH,100
silver cartilage hoop,140,HIGH,100
silver necklace and bracelet set,140,HIGH,100
gold ring with sapphire stone,140,HIGH,100
bulk gemstone beads,140,HIGH,100
925 sterling silver rings wholesale,140,HIGH,100
n necklace silver,140,HIGH,100
black sapphire bracelet,140,HIGH,100
ysl bracelet silver,140,HIGH,100
rose gold and silver necklace,140,HIGH,100
aquamarine baguette ring,140,HIGH,100
silver climber earrings,140,HIGH,100
silver hanging earrings,140,HIGH,100
real silver anklets,140,HIGH,100
vivienne westwood silver bracelet,140,HIGH,100
ysl silver bracelet,140,HIGH,100
opal hoops,140,HIGH,100
modern emerald ring,140,HIGH,100
cheap silver earrings,140,HIGH,100
silver helix hoop,140,HIGH,100
morganite halo ring,140,HIGH,100
cheap sapphire rings,140,HIGH,100
silver band bracelet,140,HIGH,100
modern sapphire rings,140,HIGH,100
silver and rose gold necklace,140,HIGH,100
white opal bracelet,140,HIGH,100
online silver jwellery,140,HIGH,100
silver christmas earrings,140,LOW,0
silver ball drop earrings,140,HIGH,100
gucci ghost pendant,140,HIGH,100
8mm silver chain,140,HIGH,99
alexandrite wedding set,140,HIGH,100
green onyx bracelet,140,HIGH,100
elephant earrings silver,140,HIGH,100
natural citrine ring,140,HIGH,100
healing gemstone bracelets,140,HIGH,100
opal moon necklace,140,HIGH,99
silver necklace with blue stone,140,HIGH,100
jcpenney sterling silver rings,140,HIGH,100
simple opal ring,140,HIGH,100
long drop earrings silver,140,HIGH,100
amethyst crystal pendant,140,HIGH,100
blue lapis bracelet,140,HIGH,100
stone beads bulk,140,HIGH,100
silver moon jewelry,140,HIGH,99
csarite ring,140,HIGH,99
moonstone studs,140,HIGH,100
purple stone bracelet,140,HIGH,99
pandora heart earrings silver,140,HIGH,100
silver cross jewellery,140,HIGH,100
10mm silver chain,140,HIGH,100
silver ring with emerald stone,140,HIGH,100
lab created tanzanite,140,HIGH,100
yellow topaz pendant,140,HIGH,100
ceylon blue sapphire ring,140,HIGH,100
boho bridal earrings,140,HIGH,100
sterling silver earrings sale,140,HIGH,100
vintage chunky silver rings,140,HIGH,100
chakra crystal bracelet,140,HIGH,100
asscher cut emerald ring,140,HIGH,100
authentic pearls,140,HIGH,100
raw stone jewelry,140,HIGH,100
blue opal pendant,140,HIGH,100
14k opal ring,140,HIGH,100
handmade gold earrings,140,HIGH,100
silver bracelet with blue stone,140,HIGH,100
oval morganite ring,140,HIGH,99
bvlgari silver ring,140,HIGH,100
blue aquamarine ring,140,HIGH,100
silver crystal bracelet,140,HIGH,100
rainbow topaz ring,140,HIGH,100
14k white gold sapphire ring,140,HIGH,100
tanzanite ring price,140,HIGH,100
rose gold gemstone rings,140,HIGH,100
solid gold opal ring,140,HIGH,100
blue stone ring for men,140,HIGH,100
lemon quartz earrings,140,HIGH,100
silver sparkly necklace,140,HIGH,100
silver plated bracelet,140,HIGH,100
14k gold moonstone ring,140,HIGH,100
silver rhinestone necklace,140,HIGH,100
small opal ring,140,HIGH,100
best silver bracelets,140,HIGH,100
tourmaline stone necklace,140,HIGH,100
silver cocktail rings,140,HIGH,100
trillion cut tanzanite,140,HIGH,100
blue garnet ring,140,HIGH,100
mountain pendant,140,HIGH,100
sterling silver crystal ring,140,HIGH,100
pandora snake ring,140,HIGH,88
boho choker necklace,140,HIGH,100
crystal stone rings,140,HIGH,100
92.5 sterling silver,140,HIGH,69
opal ring set,140,HIGH,100
gemstone stretch bracelets,140,HIGH,100
emerald cut topaz ring,140,HIGH,100
jtv amethyst rings,140,HIGH,100
rainbow stone bracelet,140,HIGH,100
multi stone earrings,140,HIGH,100
14k sapphire ring,140,HIGH,99
australian fire opal ring,140,HIGH,100
tiffany citrine ring,140,HIGH,100
silver butterfly pendant,140,HIGH,100
emerald stone ring for men,140,HIGH,100
handmade diamond ring,140,HIGH,100
dyadema bracelet,140,HIGH,95
lavender amethyst ring,140,HIGH,100
obsidian stone necklace,140,HIGH,100
multi gemstone drop earrings,140,HIGH,100
pietersite bracelet,140,HIGH,100
handmade greek jewelry,140,HIGH,88
14k amethyst ring,140,HIGH,100
mint garnet,140,HIGH,99
women's boho jewelry,140,HIGH,100
turquoise stones for jewelry making,140,HIGH,100
etsy gemstone rings,140,HIGH,100
pink kunzite ring,140,HIGH,100
blue stone pendant necklace,140,HIGH,100
ammolite necklace,140,HIGH,99
john hardy jewelry bali,140,HIGH,99
lapis lazuli crystal necklace,140,HIGH,99
mystic topaz pendant,140,HIGH,100
diamond stone ring,140,HIGH,100
aqeeq stone ring,140,HIGH,99
boho earrings wedding,140,HIGH,100
mens boho necklace,140,HIGH,100
artisan bracelet,140,HIGH,100
silver bali earrings,140,HIGH,100
rainbow tourmaline bracelet,140,HIGH,100
handmade earrings near me,140,HIGH,98
handmade rings with stones,140,HIGH,99
healing crystal pendant,140,HIGH,100
sugilite necklace,140,HIGH,100
handmade bohemian jewelry,140,HIGH,78
ygi 925,140,LOW,22
handmade hoop earrings,140,HIGH,100
boho beaded earrings,140,HIGH,100
botswana agate bracelet,140,HIGH,100
boho pendant necklace,140,HIGH,100
sliver jewellery,140,HIGH,100
raw stone necklace,140,HIGH,100
handmade gemstone rings,140,HIGH,99
aquamarine crystal ring,140,HIGH,98
black silver jewlery,140,HIGH,100
tibetan knot bracelet,140,HIGH,100
sterling silver artisan jewelry,140,HIGH,88
garnet diamond,140,HIGH,100
blue stone necklace pendant,140,HIGH,100
handmade wooden jewelry,140,HIGH,99
crystal stone jewellery,140,HIGH,100
handmade glass bead necklaces,140,HIGH,100
925 silver chain price,140,HIGH,100
natural stone pendant,140,HIGH,100
pandora stone ring,140,HIGH,98
cherry quartz bracelet,140,HIGH,89
original birthstones,140,HIGH,82
bohemian vintage engagement rings,140,HIGH,100
hand woven bracelets,140,HIGH,100
handmade glass jewelry,140,HIGH,97
long bohemian necklaces,140,HIGH,100
pure silver 925,140,HIGH,90
handmade chain necklace,140,HIGH,94
yellow sapphire silver ring,140,HIGH,100
handmade wooden rings,140,HIGH,100
handcrafted gold earrings,140,HIGH,100
sterling silver bali beads,140,HIGH,87
handmade glass pendants,140,HIGH,100
raw carnelian necklace,140,MEDIUM,35
homemade jewelry for sale,140,LOW,16
handmade leather jewelry,140,HIGH,68
handmade copper earrings,140,HIGH,100
luxury handmade jewelry,140,HIGH,98
handmade ceramic beads,140,HIGH,99
boho opal ring,140,HIGH,100
balinese silver earrings,140,HIGH,100
bohemian turquoise jewelry,140,HIGH,100
silver fashion,140,MEDIUM,35
black onyx birthstone,140,MEDIUM,34
handmade body jewelry,140,HIGH,76
gemstone lab near me,140,LOW,22
artisan sterling jewelry,140,HIGH,88
boho shell necklace,140,HIGH,100
aesthetic handmade jewelry,140,LOW,30
boho charm bracelet,140,HIGH,100
boho charm necklace,140,HIGH,100
boho fringe necklace,140,MEDIUM,57
boho gemstone necklace,140,HIGH,100
boho necklace for men,140,HIGH,100
boho necklace pendant,140,HIGH,100
boho seashell necklace,140,HIGH,100
boho stone necklace,140,HIGH,100
etsy artisan jewelry,140,HIGH,70
etsy handmade rings,140,HIGH,100
handcrafted diamond ring,140,HIGH,100
handcrafted gemstone rings,140,HIGH,99
handcrafted wood jewelry,140,HIGH,99
handcrafted wood rings,140,HIGH,100
handmade brass ring,140,MEDIUM,51
handmade earrings gold,140,HIGH,100
handmade gem rings,140,HIGH,99
handmade jade jewelry,140,MEDIUM,47
handmade necklace chain,140,HIGH,94
handmade painted earrings,140,HIGH,100
hippie stone rings,140,LOW,24
hippie style necklace,140,HIGH,70
jewel rock bali,140,LOW,22
most durable gemstones,140,LOW,26
ring ring bali,140,LOW,0
silver earrings from bali,140,HIGH,100
vintage bohemian engagement rings,140,HIGH,100
wooden rings handmade,140,HIGH,100
statement earrings wedding,140,HIGH,100
two stone mothers ring,140,HIGH,100
unique mothers rings 2 stones,140,HIGH,100
three birthstone bracelet,140,HIGH,100
4 birthstone bracelet,140,HIGH,100
swiss blue topaz necklace,140,HIGH,100
crystal bow earrings,140,HIGH,100
swarovski lucent ring,140,HIGH,100
levian blueberry sapphire ring,140,HIGH,100
tiffany birthstone,140,HIGH,100
butterfly birthstone necklace,140,HIGH,100
birthstone charm necklace for mom,140,HIGH,100
sapphire birthstone bracelet,140,HIGH,100
long crystal earrings,140,HIGH,100
kay jewelers birthstone rings for mom,140,HIGH,86
pear emerald engagement rings,140,HIGH,100
birthstone hoop earrings,140,HIGH,100
birthstone charm bracelet for mom,140,HIGH,100
birthstone jewelry sets,140,HIGH,100
best silver hoop earrings,140,HIGH,100
swarovski emerald earrings,140,HIGH,100
natural moissanite ring,140,HIGH,100
disney birthstone necklace,140,HIGH,100
blue topaz earrings white gold,140,HIGH,100
large gold statement earrings,140,HIGH,100
swarovski angel necklace,140,HIGH,100
zales mother's birthstone ring,140,HIGH,100
pear and emerald cut ring,140,HIGH,100
real rose quartz bracelet,140,HIGH,100
swarovski men necklace,140,HIGH,100
initial and birthstone necklace for mom,140,HIGH,100
silver diamond studs,140,HIGH,100
kendra scott grayson necklace,140,HIGH,100
swarovski infinity heart necklace,140,HIGH,99
moldavite crystal necklace,140,HIGH,100
solid gold birthstone necklace,140,HIGH,100
rose gold amethyst engagement ring,140,HIGH,100
blue topaz hoop earrings,140,HIGH,100
london blue topaz tennis bracelet,140,HIGH,100
swarovski lucent cocktail ring,140,HIGH,100
harry winston emerald,140,HIGH,100
real birthstone rings,140,HIGH,100
oval aquamarine engagement ring,140,HIGH,100
heart shaped birthstone necklace,140,HIGH,100
march birthstone necklace gold,140,HIGH,100
swarovski leather bracelet,140,HIGH,100
modern silver earrings,140,HIGH,91
heart shaped amethyst ring,140,HIGH,100
unique mothers rings 5 stones,140,HIGH,100
moss agate rose gold ring,140,HIGH,100
mens signet ring with stone,140,HIGH,100
rose gold blue sapphire ring,140,HIGH,100
platinum opal ring,140,HIGH,100
emerald necklace and earrings,140,HIGH,99
3 birthstone bracelet for mom,140,HIGH,100
emerald with baguettes,140,HIGH,100
kendra scott silver hoop earrings,140,HIGH,100
silver baguette ring,140,HIGH,99
sterling silver engagement ring sets,140,HIGH,100
gold birthstone jewelry,140,HIGH,100
chakra healing bracelets,140,HIGH,100
blue sapphire band ring,140,HIGH,100
blue sapphire heart ring,140,HIGH,100
pink crystal ring,140,HIGH,100
gemstone huggie earrings,140,HIGH,100
black sapphire wedding band,140,HIGH,100
swarovski crystal engagement rings,140,HIGH,100
3 gemstone ring,140,HIGH,100
angelite bracelet,140,HIGH,100
sterling silver emerald earrings,140,HIGH,77
swarovski evil eye pendant,140,HIGH,100
real citrine necklace,140,HIGH,100
citrine band,140,HIGH,100
citrine and diamond engagement ring,140,HIGH,100
kate spade silver earrings,140,HIGH,100
opal and diamond wedding band,140,HIGH,100
thick sterling silver hoop earrings,140,HIGH,100
turtle earrings silver,140,HIGH,100
chanel crystal earrings,140,HIGH,100
kendra scott birthstone earrings,140,HIGH,100
crystal energy bracelets,140,HIGH,99
crystal nose ring,140,HIGH,99
gold ring with opal stone,140,HIGH,100
cheap silver engagement rings,140,HIGH,100
swarovski slake bracelet,140,HIGH,99
amethyst crystal earrings,140,HIGH,100
crystal heart pendant,140,HIGH,100
swarovski dulcis ring,140,HIGH,100
earrings mejuri,140,HIGH,100
plain sterling silver ring,140,HIGH,100
birthstone necklace for new mom,140,HIGH,100
purple crystal bracelet,140,HIGH,99
swarovski wedding rings set,140,HIGH,100
silver spike earrings,140,HIGH,99
dark sapphire ring,140,HIGH,100
oval blue sapphire ring,140,HIGH,100
sterling stud earrings,140,HIGH,100
rhinestones for sale,140,HIGH,100
austrian crystal earrings,140,HIGH,100
yellow crystal earrings,140,HIGH,100
gold and silver stud earrings,140,HIGH,100
amethyst and diamond band,140,HIGH,100
black opal mens wedding band,140,HIGH,100
peridot wedding ring set,140,HIGH,100
silver finger rings,140,HIGH,100
heart pendant with birthstones,140,HIGH,98
custom family birthstone necklace,140,HIGH,100
personalized family birthstone necklace,140,HIGH,100
turquoise crystal necklace,140,HIGH,100
mother's charm necklace with birthstones,140,HIGH,100
sterling silver conch earrings,140,HIGH,100
build your own birthstone ring,140,HIGH,76
citrine gemstone ring,140,HIGH,100
red stone engagement ring,140,HIGH,100
crystal band ring,140,HIGH,100
double gemstone ring,140,HIGH,100
natural crystal bracelets,140,HIGH,100
blue topaz necklace silver,140,HIGH,100
pink sapphire and diamond engagement ring,140,HIGH,100
waterproof silver rings,140,HIGH,99
prasiolite engagement ring,140,HIGH,100
swarovski purple earrings,140,HIGH,100
princess cut amethyst ring,140,HIGH,100
silver stacking earrings,140,HIGH,100
oval tanzanite ring,140,HIGH,100
kohls birthstone jewelry,140,MEDIUM,63
blue and white sapphire ring,140,HIGH,99
helzberg birthstone rings,140,HIGH,92
austrian crystal necklace,140,HIGH,100
dainty crystal necklace,140,HIGH,100
solitaire gemstone ring,140,HIGH,100
crystal point necklace,140,HIGH,100
kendra scott silver hoops,140,HIGH,100
chunky silver thumb ring,140,HIGH,89
garnet gemstone ring,140,HIGH,100
white gold cocktail rings,140,HIGH,100
montana silver earrings,140,HIGH,100
sterling silver cocktail rings,140,HIGH,100
gucci heart ring silver,140,HIGH,100
emerald cut black diamond,140,HIGH,100
nice silver hoop earrings,140,HIGH,100
gold ring with garnet stone,140,HIGH,100
rose quartz silver necklace,140,HIGH,100
lavender opal ring,140,HIGH,100
silver half hoop earrings,140,HIGH,100
swarovski red bracelet,140,HIGH,100
monogram ring silver,140,HIGH,100
antique opal rings for sale,140,HIGH,100
earring climbers silver,140,HIGH,100
larimar stud earrings,140,HIGH,100
light blue statement earrings,140,HIGH,100
oval garnet ring,140,HIGH,100
10k gold birthstone ring,140,HIGH,100
yellow topaz stud earrings,140,HIGH,100
pandora july birthstone ring,140,HIGH,100
emerald and topaz ring,140,HIGH,100
cushion cut amethyst ring,140,HIGH,100
sterling earrings studs,140,HIGH,100
mens silver huggie earrings,140,HIGH,100
kay jewelers sterling silver rings,140,HIGH,94
swarovski double heart necklace,140,HIGH,99
kendra scott grayson bracelet,140,HIGH,95
tiffany 1837 hoop earrings,140,HIGH,100
princess cut opal ring,140,HIGH,100
swarovski statement earrings,140,HIGH,100
silver twist earrings,140,HIGH,100
925 hoop earrings,140,HIGH,100
swarovski clover necklace,140,HIGH,100
crystal rings near me,140,HIGH,100
formal earrings for wedding,140,HIGH,100
grey spinel engagement ring,140,HIGH,100
large thick silver hoop earrings,140,HIGH,100
black obsidian engagement ring,140,HIGH,100
moissanite stone ring,140,HIGH,99
amethyst signet ring,140,HIGH,100
tiffany atlas ring silver,140,HIGH,87
silver drop earrings for wedding,140,HIGH,100
ysl earrings silver,140,HIGH,100
alexandrite stone engagement ring,140,HIGH,100
swarovski crystals for crafts,140,HIGH,100
quartz crystal pendant,140,HIGH,100
pear shaped citrine ring,140,HIGH,100
pale blue sapphire,140,HIGH,100
blue topaz earrings 14k gold,140,HIGH,100
tanzanite birthstone ring,140,HIGH,100
formal statement earrings,140,HIGH,100
turquoise cocktail ring,140,HIGH,100
hook earrings silver,140,HIGH,100
hammered sterling silver earrings,140,HIGH,100
mom heart necklace with birthstones,140,HIGH,100
chunky silver rings with stones,140,HIGH,100
tiffany silver knot earrings,140,HIGH,98
swarovski charm necklace,140,HIGH,100
june and december birthstone ring,140,HIGH,100
birth month rings,140,HIGH,100
citrine heart ring,140,HIGH,100
sterling silver heart stud earrings,140,HIGH,100
gemstone chip beads,140,HIGH,100
sterling silver knuckle rings,140,HIGH,100
blue topaz bracelet silver,140,HIGH,100
pink birthstone ring,140,HIGH,100
initial necklace swarovski,140,HIGH,100
swarovski angel bracelet,140,HIGH,100
large topaz ring,140,HIGH,100
small silver dangle earrings,140,HIGH,100
moissanite baguette,140,HIGH,100
silver dangle hoop earrings,140,HIGH,100
amazonite crystal necklace,140,HIGH,100
925 silver hoops,140,HIGH,100
silver morganite ring,140,HIGH,100
november birthstone jewelry set,140,HIGH,100
brushed silver hoop earrings,140,HIGH,99
swarovski pave ring,140,HIGH,100
october birthstone ring gold,140,HIGH,100
virgo birthstone ring,140,HIGH,100
silver formal earrings,140,HIGH,100
swarovski wedding sets,140,HIGH,100
sterling silver square earrings,140,HIGH,100
bridal drop earrings silver,140,HIGH,100
citrine diamond engagement ring,140,HIGH,100
silver mesh ring,140,HIGH,100
march birthstone gold necklace,140,HIGH,100
oval silver earrings,140,HIGH,100
silver screw back earrings,140,HIGH,100
silver jewlery rings,140,HIGH,100
crystal stone jewelry,140,HIGH,100
crystal bracelet for good luck,140,HIGH,99
london blue topaz price,140,HIGH,100
red topaz ring,140,HIGH,100
vintage gemstone jewelry,140,HIGH,100
herkimer diamond pendant,140,HIGH,100
lilac sapphire,140,HIGH,99
cartier silver earrings,140,HIGH,100
silver geometric earrings,140,HIGH,100
silver flower stud earrings,140,HIGH,100
orange topaz earrings,140,HIGH,100
large silver heart earrings,140,HIGH,98
silver coin earrings,140,HIGH,100
sterling silver double hoop earrings,140,HIGH,100
chain link ring silver,140,HIGH,100
baguette ring silver,140,HIGH,99
real gold birthstone rings,140,HIGH,100
wide band rings with stones,140,HIGH,100
pandora january birthstone ring,140,HIGH,100
real yellow topaz ring,140,HIGH,100
flat silver hoop earrings,140,HIGH,100
swarovski hello kitty bracelet,140,HIGH,99
october birthstone wedding rings,140,HIGH,100
swarovski crystal choker necklace,140,HIGH,100
amber crystal necklace,140,HIGH,91
formal earrings silver,140,HIGH,100
sterling silver chunky earrings,140,HIGH,100
pandora june birthstone ring,140,HIGH,100
silver rope ring,140,HIGH,100
dark blue stone ring,140,HIGH,100
obsidian stone bracelet,140,HIGH,100
oval earrings silver,140,HIGH,100
silver cross earrings women's,140,HIGH,99
bridal necklace swarovski,140,HIGH,100
5mm rhinestones,140,HIGH,100
august and december birthstone ring,140,HIGH,100
swarovski multicolor bracelet,140,HIGH,100
silver moon and star earrings,140,HIGH,100
crystal gemstone jewelry,140,HIGH,100
coach silver hoop earrings,140,HIGH,100
dark silver ring,140,HIGH,100
sterling silver morganite ring,140,HIGH,91
silver conch earrings,140,HIGH,100
silver teardrop ring,140,HIGH,97
citrine bead bracelet,140,HIGH,99
orange garnet ring,140,HIGH,100
february birthstone ring pandora,140,HIGH,99
rock crystal ring,140,HIGH,100
sparkles rhinestones,140,HIGH,100
silver dangle necklace,140,HIGH,100
silver titanium earrings,140,HIGH,100
silver christmas tree earrings,140,LOW,8
crystal flower necklace,140,HIGH,98
sterling silver hoop nose ring,140,HIGH,100
sterling silver oval ring,140,HIGH,100
silver bamboo hoop earrings,140,HIGH,100
chanel cc earrings silver,140,HIGH,100
couple birthstone rings personalized,140,HIGH,100
hematite crystal bracelet,140,HIGH,100
hummingbird stud earrings,140,HIGH,100
rose quartz silver bracelet,140,HIGH,99
blue topaz pendant silver,140,HIGH,100
hot pink sapphire,140,HIGH,99
oval emerald,140,HIGH,100
macrame crystal necklace,140,HIGH,99
green aventurine earrings,140,HIGH,100
blue topaz silver earrings,140,HIGH,100
strawberry quartz ring,140,HIGH,100
november birthstone jewellery set,140,HIGH,100
gemstone statement rings,140,HIGH,100
crystal rhinestone necklace,140,HIGH,100
silver swirl earrings,140,HIGH,100
blue calcite bracelet,140,HIGH,94
gold birthstone jewellery,140,HIGH,100
tiffany band ring silver,140,HIGH,100
red bracelet swarovski,140,HIGH,100
titanium silver earrings,140,HIGH,100
madewell silver earrings,140,HIGH,100
etsy moldavite,140,HIGH,100
flat hoop earrings silver,140,HIGH,100
cocktail rings white gold,140,HIGH,100
swarovski crystal wedding rings,140,HIGH,100
citrine pinky ring,140,HIGH,100
baublebar statement earrings,140,MEDIUM,37
sea glass stud earrings,140,HIGH,100
james avery silver hoop earrings,140,HIGH,100
swarovski crystal swan necklace,140,HIGH,100
mens november birthstone rings,140,HIGH,100
silver dolphin earrings,140,HIGH,100
blue kyanite ring,140,HIGH,100
bow crystal earrings,140,HIGH,100
cartier earrings silver,140,HIGH,100
breast milk ring with birthstone,140,HIGH,100
wire wrapped crystal necklace,140,HIGH,98
swarovski rosary bracelet,140,HIGH,100
yellow opal ring,140,HIGH,100
birthstone watch,140,HIGH,81
teddy bear birthstone necklace,140,HIGH,87
vintage cocktail rings for sale,140,HIGH,100
big thick silver hoop earrings,140,HIGH,100
smoky quartz drop earrings,140,HIGH,100
tiffany silver band ring,140,HIGH,100
platinum ring with blue sapphire,140,HIGH,100
yellow topaz earrings studs,140,HIGH,100
natural zircon ring,140,HIGH,100
ibb cn 925 diamond ring,140,HIGH,99
nordstrom silver earrings,140,HIGH,100
sterling silver split rings,140,HIGH,100
rainbow hematite bracelet,140,HIGH,100
silver septum,140,HIGH,97
silver scarf ring,140,HIGH,100
silver cherry earrings,140,HIGH,100
moonstone diamond,140,HIGH,99
rhodonite crystal necklace,140,MEDIUM,61
december birthstone gift,140,HIGH,100
peach moonstone ring,140,HIGH,100
silver wing earrings,140,HIGH,100
affordable silver earrings,140,HIGH,100
stone diamond ring,140,HIGH,100
rhodonite crystal bracelet,140,HIGH,84
lepidolite pendant,140,HIGH,100
swarovski exist earrings,140,HIGH,100
silver mens stud earrings,140,HIGH,100
november birthstone mens ring,140,HIGH,100
february birthstone mens ring,140,HIGH,98
double heart necklace swarovski,140,HIGH,99
silver ear stacks,140,HIGH,100
native american sterling silver earrings,140,HIGH,100
black onyx crystal bracelet,140,HIGH,99
mens huggie earrings silver,140,HIGH,100
crystal jewelry shops near me,140,HIGH,100
silver baroque pearl earrings,140,HIGH,99
tiffany snake earrings,140,HIGH,96
james avery cherished birthstone ring,140,HIGH,77
vintage citrine cocktail ring,140,HIGH,100
uncut gem rings,140,HIGH,100
dolphin ring silver,140,HIGH,100
swarovski ladybug necklace,140,HIGH,100
rose quartz crystal earrings,140,MEDIUM,66
citrine and blue topaz ring,140,HIGH,100
women pink sapphire ring,140,HIGH,100
clear quartz crystal pendant,140,HIGH,100
swarovski rainbow bracelet,140,HIGH,100
tribal silver earrings,140,HIGH,100
ebay sterling silver rings,140,HIGH,100
multi hoop earrings silver,140,HIGH,100
silver hoops amazon,140,HIGH,99
small dangle earrings silver,140,HIGH,100
large silver disc earrings,140,HIGH,100
emerald green rhinestones,140,HIGH,100
silver frog earrings,140,HIGH,100
men's february birthstone rings,140,HIGH,98
raw stone necklaces,140,HIGH,100
grey crystal earrings,140,HIGH,73
silver chanel earrings cc,140,HIGH,100
blue tourmaline bracelet,140,HIGH,98
claire's birthstone earrings,140,HIGH,98
birth month jewellery,140,HIGH,100
december birthstone james avery,140,HIGH,79
formal silver earrings,140,HIGH,100
tiffany & co silver rings for women,140,HIGH,100
tiffany and co silver ring 1837 price,140,HIGH,100
pandora citrine ring,140,HIGH,87
citrine and pearl ring,140,HIGH,100
twist earrings silver,140,HIGH,100
square citrine ring,140,HIGH,100
rock crystal bracelet,140,HIGH,97
ball drop earrings silver,140,HIGH,100
mixed crystal bracelet,140,HIGH,98
sterling silver fish hook earrings,140,HIGH,100
star dangle earrings silver,140,HIGH,100
sterling silver western earrings,140,HIGH,100
cherry earrings silver,140,HIGH,100
rhinestone anklets,140,HIGH,100
labradorite stone bracelet,140,HIGH,100
spike rhinestones,140,HIGH,100
sterling silver owl earrings,140,HIGH,100
silver enamel earrings,140,HIGH,89
sterling silver angel earrings,140,HIGH,76
rainbow hematite ring,140,HIGH,100
green sapphire price,140,HIGH,96
heart shaped silver ring,140,HIGH,100
copper and silver ring,140,HIGH,100
3 stone diamond cocktail rings,140,HIGH,100
leafael necklace,140,HIGH,100
labradorite earrings sterling silver,140,HIGH,100
james avery december birthstone,140,HIGH,79
square crystal drop earrings,140,HIGH,100
3 stone citrine ring,140,HIGH,99
aragonite bracelet,140,MEDIUM,59
original december birthstone,140,HIGH,78
brown crystal bracelet,140,HIGH,100
teardrop crystal pendant,140,HIGH,89
healing stone pendant,140,HIGH,100
target sterling silver earrings,140,HIGH,95
multi coloured crystal necklace,140,HIGH,100
seraphinite pendant,140,HIGH,100
akik stone ring,140,HIGH,99
smoky topaz stone,140,HIGH,100
swarovski rainbow ring,140,MEDIUM,57
multicolor crystal earrings,140,HIGH,100
swirl earrings silver,140,HIGH,100
marquise diamond cocktail ring,140,HIGH,100
brown birthstone,140,HIGH,97
crystal beads for jewelry,140,HIGH,100
crystal and stone jewellery,140,HIGH,100
red birthstone month,140,HIGH,68
citrine square ring,140,HIGH,100
1950s cocktail ring,140,HIGH,99
crystal bead earrings,140,HIGH,99
citrine gem ring,140,HIGH,100
12 gemstones of heaven,140,LOW,10
christmas tree earrings silver,140,LOW,8
earrings white stone,140,HIGH,100
taxco earrings,140,HIGH,100
synthetic star sapphire,140,HIGH,100
money stone bracelet,140,HIGH,91
lapis crystal necklace,140,HIGH,99
moon stone engagement ring,140,HIGH,100
ippolita turquoise earrings,140,HIGH,100
moonstone wedding ring set,140,HIGH,100
turquoise huggies,140,HIGH,100
citrine and diamond necklace,140,HIGH,100
citrine diamond necklace,140,HIGH,100
metaphysical jewelry,140,HIGH,100
real moonstone earrings,140,HIGH,100
turquoise locket,140,HIGH,100
moon stone bracelet,140,HIGH,100
tiffany turquoise bracelet,140,HIGH,100
small turquoise necklace,140,HIGH,100
women's turquoise engagement ring,140,HIGH,100
white turquoise bracelet,140,HIGH,100
tigers eye signet ring,140,HIGH,100
turquoise and diamond jewelry,140,HIGH,100
modern turquoise jewelry,140,HIGH,100
turquoise turtle necklace,140,HIGH,100
turquoise network jewelry,140,HIGH,100
spiritual pendants,140,HIGH,98
turquoise evil eye bracelet,140,HIGH,100
david yurman beaded necklace,140,HIGH,100
western engagement rings with turquoise,140,HIGH,100
kendra scott citrine,140,HIGH,100
real turquoise pendant,140,HIGH,99
women's turquoise wedding ring,140,HIGH,100
moonstone ring 14k gold,140,HIGH,100
blue turquoise necklace,140,HIGH,100
moonstone rings near me,140,HIGH,90
authentic turquoise necklace,140,HIGH,100
effy turquoise necklace,140,HIGH,100
natural turquoise ring,140,HIGH,100
turquoise flat back earrings,140,HIGH,100
turquoise thumb ring,140,HIGH,100
mens moonstone bracelet,140,HIGH,100
turquoise hoop earrings large,140,HIGH,100
kendra scott november birthstone necklace,140,HIGH,100
turquoise diamond wedding ring,140,HIGH,100
turquoise engagement rings for women,140,HIGH,100
natural turquoise earrings,140,HIGH,90
buffalo turquoise jewelry,140,HIGH,100
turquoise nipple rings,140,HIGH,89
native american turquoise jewelry near me,140,HIGH,100
turquoise beaded choker,140,HIGH,100
sapphire and turquoise ring,140,HIGH,100
moonstone fertility bracelet,140,HIGH,87
diamond and citrine necklace,140,HIGH,100
large turquoise hoop earrings,140,HIGH,100
genuine turquoise pendant,140,HIGH,100
turquoise color earrings,140,HIGH,100
vca tiger eye bracelet,140,HIGH,100
carnelian choker,140,HIGH,97
women turquoise engagement ring,140,HIGH,100
old pawn squash blossom necklace,140,HIGH,99
moonstone cabochon ring,140,HIGH,100
navajo silver rings,140,HIGH,99
kate spade turquoise earrings,140,HIGH,97
mens sterling silver turquoise cuff bracelets,140,HIGH,99
turquoise cactus necklace,140,HIGH,100
turquoise with gold,140,HIGH,99
turquoise necklace near me,140,HIGH,100
turquoise diamond jewelry,140,HIGH,100
green moonstone ring,140,HIGH,93
vintage turquoise jewelry for sale,140,HIGH,100
egyptian turquoise jewelry,140,HIGH,92
green moonstone necklace,140,HIGH,87
moonstone spinner ring,140,HIGH,100
old pawn turquoise jewelry,140,HIGH,100
sterling squash blossom necklace,140,HIGH,100
gold squash blossom necklace,140,HIGH,100
turquoise dragonfly necklace,140,HIGH,100
native turquoise necklace,140,HIGH,100
lapis and turquoise necklace,140,HIGH,100
tiffany and co turquoise bracelet,140,HIGH,100
barse turquoise bracelet,140,HIGH,94
van cleef turquoise alhambra bracelet,140,HIGH,100
modern turquoise ring,140,HIGH,100
native american jewelry for women,140,HIGH,92
etsy carnelian necklace,140,HIGH,90
raw moonstone jewelry,140,HIGH,87
tiffany bracelet turquoise,140,HIGH,100
womens turquoise wedding ring,140,HIGH,100
mexican turquoise earrings,140,HIGH,68
unique turquoise wedding rings,140,HIGH,100
contemporary turquoise jewelry,140,HIGH,100
gothic moonstone ring,140,HIGH,87
sterling turquoise earrings,140,HIGH,100
peridot and citrine,140,HIGH,100
cabochon moonstone ring,140,HIGH,100
vintage sterling silver turquoise bracelet,140,HIGH,100
turquoise loose stones,140,HIGH,100
diamond turquoise wedding ring,140,HIGH,100
antique moonstone jewelry,140,HIGH,100
vintage turquoise pendant,140,HIGH,100
white moonstone pendant,140,MEDIUM,51
james avery turquoise necklace,140,HIGH,100
turquoise and amethyst necklace,140,HIGH,93
orange turquoise ring,140,HIGH,100
large turquoise stone,140,HIGH,100
turquoise square ring,140,HIGH,94
long turquoise pendant necklace,140,HIGH,100
navajo sterling silver rings,140,HIGH,100
zuni turquoise cuff bracelet,140,HIGH,100
turquoise bib necklace,140,HIGH,100
antique moonstone engagement ring,140,HIGH,100
natural turquoise pendant,140,HIGH,100
natural moonstone pendant,140,MEDIUM,58
amethyst and turquoise necklace,140,HIGH,93
chunky turquoise statement necklace,140,HIGH,99
madeira citrine pendant,140,HIGH,75
bear claw turquoise necklace,140,HIGH,96
old pawn navajo jewelry,140,HIGH,97
oval turquoise pendant,140,HIGH,100
men's navajo turquoise bracelet,140,HIGH,100
turquoise bird necklace,140,HIGH,93
mens white buffalo turquoise rings,140,HIGH,100
moonstone bezel ring,140,HIGH,100
turquoise cross necklace western,140,HIGH,100
rainbow moonstone ring sterling silver,140,HIGH,100
navajo turquoise squash blossom necklace,140,HIGH,100
925 cn fzn,140,LOW,4
925 tggc silver ring,140,LOW,11
925cn fzn,140,LOW,4
adornia moonstone ring,140,MEDIUM,40
anthropologie turquoise earrings,140,HIGH,100
antique gold moonstone ring,140,HIGH,94
antique moonstone and diamond ring,140,HIGH,83
antique turquoise pendant,140,HIGH,100
art deco moonstone necklace,140,HIGH,76
bamboo mountain turquoise,140,HIGH,96
bella turquoise bracelet,140,MEDIUM,38
bezel moonstone ring,140,HIGH,100
bezel set moonstone ring,140,HIGH,100
bge 925 silver ring,140,LOW,26
big turquoise jewelry,140,HIGH,100
big turquoise stone,140,HIGH,100
bisbee turquoise squash blossom necklace,140,HIGH,100
blue topaz for november birthstone,140,HIGH,100
bvlgari ring 925 sterling silver,140,HIGH,87
ca 925 ring,140,LOW,8
carnelian agate ring,140,MEDIUM,65
carnelian bangle bracelet,140,HIGH,93
carnelian necklace sterling silver,140,HIGH,99
carnelian sterling silver necklace,140,HIGH,99
carnelian stone earrings,140,HIGH,96
carved moonstone pendant,140,MEDIUM,64
carved moonstone ring,140,HIGH,100
chinese turquoise jewelry,140,HIGH,99
citrine bracelet for wealth,140,HIGH,92
delbert gordon ring,140,HIGH,100
diamond and turquoise jewelry,140,HIGH,100
google turquoise,140,LOW,3
grey moonstone bracelet,140,HIGH,87
h925 engagement ring,140,MEDIUM,64
healing bracelet stones,140,HIGH,100
heart shaped turquoise stone,140,MEDIUM,62
james avery ring 925,140,HIGH,95
kingman spiderweb turquoise,140,HIGH,100
lander blue turquoise ring,140,HIGH,100
large rainbow moonstone pendant,140,HIGH,100
large turquoise jewelry,140,HIGH,100
largest turquoise stone,140,HIGH,100
lavender turquoise,140,HIGH,100
leekya deyuse necklace,140,HIGH,68
lena wald turquoise ring,140,MEDIUM,59
mens green turquoise ring,140,HIGH,88
mexican turquoise necklace,140,HIGH,100
moonstone necklace heart,140,HIGH,96
moonstone square ring,140,HIGH,100
native american turquoise and coral jewelry,140,HIGH,96
navajo sterling silver cuff bracelets,140,HIGH,100
navajo sterling silver necklace,140,HIGH,100
neptn bracelet,140,HIGH,100
orange turquoise necklace,140,HIGH,93
pixie turquoise,140,HIGH,97
red moonstone necklace,140,HIGH,67
red tiger eye ring,140,HIGH,88
ring says 925 inside,140,LOW,11
sacred buffalo turquoise,140,HIGH,84
silver ring marked 925,140,LOW,30
silver ring stamped 925,140,LOW,30
solitaire moonstone ring,140,HIGH,100
sonoran rose turquoise,140,HIGH,100
sterling silver carnelian necklace,140,HIGH,99
sunstone and moonstone jewelry,140,HIGH,99
tanzanite zircon and turquoise,140,HIGH,88
tibetan coral and turquoise necklace,140,HIGH,82
tiffany and co 1837 ring 925,140,HIGH,94
tiffany and co citrine ring,140,HIGH,100
tiger eye crystal ring,140,HIGH,78
tiger eye heart pendant,140,HIGH,100
tiger eye jewelry for women,140,HIGH,100
tiger necklace pendants,140,HIGH,100
triangle turquoise necklace,140,HIGH,94
trillion cut citrine ring,140,HIGH,99
triple moonstone ring,140,HIGH,99
turquoise and lapis necklace,140,HIGH,100
turquoise and red ring,140,HIGH,85
turquoise ball necklace,140,HIGH,100
turquoise cactus ring,140,HIGH,100
turquoise locket necklace,140,HIGH,88
turquoise tanzanite and zircon,140,HIGH,88
turquoise triangle necklace,140,HIGH,94
victorian turquoise necklace,140,HIGH,87
vintage alhambra pendant carnelian,140,HIGH,100
white turquoise pendant,140,HIGH,69
morganite engagement ring set,110,HIGH,100
custom sapphire ring,110,HIGH,100
personalised name necklace silver,110,HIGH,100
grandmother jewelry with birthstones,110,HIGH,100
alexandrite rings for sale,110,HIGH,100
moonstone engagement ring set,110,HIGH,100
buy emerald ring,110,HIGH,100
real opal engagement ring,110,HIGH,100
teal montana sapphire ring,110,HIGH,100
sterling silver friendship bracelet,110,HIGH,100
real aquamarine necklace,110,HIGH,100
john hardy sapphire bracelet,110,HIGH,100
initial earrings silver,110,HIGH,100
peach morganite engagement ring,110,HIGH,100
silver crucifix necklace mens,110,HIGH,100
peacock sapphire engagement ring,110,HIGH,100
handmade silver necklace,110,HIGH,99
silver padlock necklace,110,HIGH,100
blue stone pendant,110,HIGH,100
pear sapphire ring,110,HIGH,100
artisan engagement rings,110,HIGH,100
raw moonstone ring,110,HIGH,100
pure silver rings for women,110,HIGH,100
blue topaz cocktail ring,110,HIGH,99
emerald gemstone necklace,110,HIGH,100
blue topaz studs,110,HIGH,100
irish made jewellery,110,HIGH,100
silver toggle bracelet,110,HIGH,100
small silver studs,110,HIGH,99
heart shaped sapphire ring,110,HIGH,100
opal stone engagement ring,110,HIGH,100
silver bridal earrings,110,HIGH,100
morganite pear engagement ring,110,HIGH,100
genuine aquamarine ring,110,HIGH,100
pure silver bracelet for women,110,HIGH,100
sterling silver tragus earrings,110,HIGH,100
sterling silver necklace set,110,HIGH,100
cushion cut morganite ring,110,HIGH,100
morganite and diamond engagement ring,110,HIGH,100
small silver bracelet,110,HIGH,100
large silver stud earrings,110,HIGH,100
silver cubic zirconia earrings,110,HIGH,100
pure silver anklets,110,HIGH,98
white topaz bracelet,110,HIGH,100
blue sapphire studs,110,HIGH,100
gemstone wedding sets,110,HIGH,100
moonstone crystal necklace,110,HIGH,100
gold plated silver earrings,110,HIGH,100
teardrop emerald ring,110,HIGH,100
tiffany smile necklace silver,110,HIGH,100
silver findings,110,HIGH,100
boho wedding jewelry,110,HIGH,100
emerald statement ring,110,HIGH,100
round sapphire ring,110,HIGH,100
14k yellow gold sapphire and diamond ring,110,HIGH,100
effy tanzanite,110,HIGH,100
2 carat white sapphire ring,110,HIGH,100
aquamarine choker,110,HIGH,100
2 carat aquamarine ring,110,HIGH,100
silver hoop earrings with charm,110,HIGH,100
silver chain design,110,HIGH,100
best silver earrings,110,HIGH,100
6mm silver chain,110,HIGH,100
raw opal ring,110,HIGH,100
tree of life earrings silver,110,HIGH,100
silver stud earrings set,110,HIGH,100
large silver necklace,110,HIGH,100
red garnet earrings,110,HIGH,100
silver biker rings,110,HIGH,100
peridot stone bracelet,110,HIGH,100
sterling silver padlock necklace,110,HIGH,100
short silver chain,110,HIGH,98
raw sapphire necklace,110,HIGH,100
silver chain with cross pendant,110,HIGH,100
pandora silver stud earrings,110,HIGH,100
engagement ring stones other than diamonds,110,HIGH,100
green stone pendant,110,HIGH,100
twisted silver ring,110,HIGH,100
topaz cocktail ring,110,HIGH,100
moonstone and diamond engagement ring,110,HIGH,100
ruby stone bracelet,110,HIGH,100
sterling silver adjustable bracelet,110,HIGH,100
silver cross earrings mens,110,HIGH,100
silver ear climber earrings,110,HIGH,100
peacock tanzanite,110,HIGH,98
crystal stone bracelet,110,HIGH,100
bohomoon rings,110,HIGH,98
black silver earrings,110,HIGH,100
rose gold and silver earrings,110,HIGH,100
real silver chain for women,110,HIGH,100
labradorite crystal necklace,110,HIGH,100
malachite crystal necklace,110,HIGH,95
vivienne westwood sterling silver necklace,110,HIGH,100
onyx stone bracelet,110,HIGH,100
hippie wedding rings,110,HIGH,100
5 carat aquamarine ring,110,HIGH,100
real malachite necklace,110,HIGH,100
silver friendship rings,110,HIGH,100
aquarius birthstone ring,110,HIGH,100
welo opal ring,110,HIGH,100
green quartz necklace,110,HIGH,100
green amethyst pendant,110,HIGH,100
raw moonstone necklace,110,HIGH,100
yellow stone bracelet,110,HIGH,100
boho stud earrings,110,HIGH,97
synthetic opal ring,110,HIGH,100
rainbow opal ring,110,HIGH,100
silver bridal jewellery,110,HIGH,99
unique handmade rings,110,HIGH,99
orange stone earrings,110,HIGH,100
small silver pendant,110,HIGH,100
etsy silver chain,110,HIGH,100
fire topaz ring,110,HIGH,100
local handmade jewellery,110,HIGH,100
square stone ring,110,HIGH,99
baguette stone ring,110,HIGH,100
boho choker,110,HIGH,100
sterling silver boho earrings,110,HIGH,100
galaxy opal ring,110,HIGH,100
jasper stone bracelet,110,HIGH,100
balbina pendant necklace,110,HIGH,100
natural turquoise beads,110,HIGH,100
boho nose ring,110,HIGH,100
jasper stone necklace,110,HIGH,100
garnet crystal bracelet,110,HIGH,99
silver fashion jewellery,110,HIGH,100
morganite stone price,110,HIGH,100
real birthstones,110,HIGH,100
boho style earrings,110,HIGH,100
silver elephant pendant,110,HIGH,100
7 chakra stones bracelet,110,HIGH,100
grey sapphire ring,110,HIGH,100
silver diamond jewellery,110,HIGH,99
handmade sterling silver necklace,110,HIGH,100
boho wrap bracelet,110,HIGH,100
semi precious stones for jewelry making,110,HIGH,99
handmade wooden wedding rings,110,HIGH,100
blue stone jewelry name,110,HIGH,100
homemade engagement ring,110,HIGH,87
silver forest earrings near me,110,HIGH,100
orange opal ring,110,HIGH,100
white silver ring,110,HIGH,100
rings made of stone,110,HIGH,100
multicolor stone bracelet,110,HIGH,100
ruby stone ring for men,110,HIGH,100
silver gemstone jewellery,110,HIGH,100
2 stone ring design,110,HIGH,100
vintage boho jewellery,110,HIGH,100
morganite birthstone,110,HIGH,87
artisan of bali jewelry,110,HIGH,84
blue sapphire and emerald ring,110,HIGH,100
women opal engagement ring,110,HIGH,100
silver bracelet price,110,HIGH,100
silver chain cost,110,HIGH,92
s925 silver ring price,110,HIGH,95
handmade jewelry for sale,110,HIGH,100
etsy boho earrings,110,HIGH,100
14k italy silver chain,110,HIGH,99
blue goldstone bracelet,110,HIGH,100
halo sterling silver ring,110,HIGH,81
stone dangle earrings,110,HIGH,100
bohemian layered necklaces,110,HIGH,100
gold stone pendant,110,HIGH,99
charoite pendant,110,HIGH,100
phosphosiderite bracelet,110,HIGH,100
handmade pendant,110,HIGH,98
made jewellery,110,HIGH,80
handmade mexican jewelry,110,HIGH,100
boho statement rings,110,HIGH,100
boho chandelier earrings,110,HIGH,100
bohemian beaded bracelets,110,HIGH,100
malachite stone ring,110,HIGH,100
hand made jewelry for sale,110,HIGH,100
handmade mens necklace,110,HIGH,100
vintage boho necklace,110,HIGH,100
women's bohemian jewelry,110,HIGH,100
opal ring price,110,HIGH,97
handmade christmas earrings,110,MEDIUM,54
handmade religious jewelry,110,LOW,32
bohemian style necklaces,110,HIGH,100
handmade stone jewelry,110,HIGH,100
blue morganite,110,HIGH,89
mens bohemian necklace,110,HIGH,100
black rutilated quartz bracelet,110,HIGH,100
7 chakra bracelet stones,110,HIGH,100
handmade semi precious stone jewellery,110,LOW,18
silver round ring,110,HIGH,100
handcrafted silver necklace,110,HIGH,99
boho nose stud,110,HIGH,100
hanuman pendant silver,110,HIGH,100
bali pendant,110,HIGH,100
boho sol jewelry,110,HIGH,94
boho earrings sterling silver,110,HIGH,100
earrings boho style,110,HIGH,100
om ring silver,110,HIGH,87
peridot gemstone price,110,HIGH,93
white stone gold ring,110,HIGH,100
handcrafted stone jewelry,110,HIGH,100
handmade chain,110,HIGH,100
handmade gold locket,110,MEDIUM,41
ananda soul jewelry bali,110,HIGH,100
boho jewelry sets,110,HIGH,100
local handcrafted jewelry,110,HIGH,100
local hand made jewelry,110,HIGH,100
fabric bracelets handmade,110,HIGH,71
big stone pendant,110,HIGH,100
african handmade bracelets,110,HIGH,100
artisan jewelry of bali,110,HIGH,84
bali joy jewellery,110,LOW,20
bohemian gypsy jewelry,110,LOW,24
bohemian jewelry for women,110,HIGH,100
bohemian lady jewelry,110,HIGH,100
bohemian necklaces for women,110,HIGH,100
boho fashion earrings,110,HIGH,100
boho gypsy earrings,110,HIGH,98
boho inspired jewelry,110,HIGH,100
boho pearl jewelry,110,HIGH,100
bridal jewelry boho,110,HIGH,100
christmas earrings handmade,110,MEDIUM,54
cool handmade rings,110,HIGH,99
earrings for women handmade,110,HIGH,100
etsy handcrafted jewelry,110,LOW,10
handcrafted jewelry for sale,110,HIGH,100
handcrafted semi precious gemstone jewelry,110,LOW,18
handcrafted sterling silver necklace,110,HIGH,100
handmade amethyst jewelry,110,HIGH,70
handmade copper ring,110,HIGH,96
handmade earrings for women,110,HIGH,100
handmade filigree jewelry,110,HIGH,77
handmade freshwater pearl earrings,110,HIGH,80
handmade lampwork glass beads,110,HIGH,100
handmade natural stone earrings,110,MEDIUM,55
handmade pearl ring,110,HIGH,100
handmade rings with wire,110,HIGH,93
handmade seashell earrings,110,HIGH,100
handmade shell earrings,110,HIGH,100
handmade silver heart earrings,110,MEDIUM,63
handmade swarovski bracelets,110,HIGH,72
handmade trinkets,110,MEDIUM,46
handmade wire necklace,110,HIGH,83
handmade wire ring,110,HIGH,93
hippie wedding band,110,HIGH,100
homemade christmas earrings,110,MEDIUM,54
homemade earrings for women,110,HIGH,100
layered hippie necklace,110,HIGH,76
mexican handcrafted jewelry,110,HIGH,100
pendant bali,110,HIGH,100
pendant handmade,110,HIGH,98
simply clay earrings,110,HIGH,98
stone handmade jewelry,110,HIGH,100
stud earrings boho,110,HIGH,97
wedding jewelry boho,110,HIGH,100
wire handmade rings,110,HIGH,93
kays birthstone necklace,110,HIGH,100
mothers necklace 4 stones,110,HIGH,100
birthstone necklace for wife,110,HIGH,100
lab created emerald cut diamond ring,110,HIGH,100
mothers day rings 5 stones,110,HIGH,100
statement diamond rings for women,110,HIGH,100
birthstone rings for mom stackable,110,HIGH,100
birth necklace for mom,110,HIGH,100
birthstone necklaces for her,110,HIGH,68
blue topaz necklace white gold,110,HIGH,100
birthstone necklace for mom 4 stones,110,HIGH,100
wholesale crystal jewelry,110,HIGH,100
swarovski iconic swan pendant,110,LOW,21
buy moissanite,110,HIGH,100
swarovski dancing necklace,110,HIGH,100
10 stone mothers ring,110,HIGH,100
custom name necklace with birthstone,110,HIGH,100
mother's earrings with birthstones,110,HIGH,100
sapphire engagement ring set,110,HIGH,100
5 stone birthstone ring,110,HIGH,100
10 mm pearl earrings,110,HIGH,100
swarovski eye necklace,110,HIGH,100
blue topaz heart necklace,110,HIGH,99
grandmother rings 3 stones,110,HIGH,100
birthstone fine jewelry,110,HIGH,100
champagne sapphire ring,110,HIGH,100
emerald gem engagement rings,110,HIGH,100
mens gucci ring silver,110,HIGH,100
moissanite stone price,110,HIGH,100
genuine crystal jewelry,110,HIGH,100
blue topaz promise ring,110,HIGH,100
real gold birthstone necklace,110,HIGH,100
blue topaz birthstone necklace,110,HIGH,100
james allen emerald rings,110,HIGH,97
oval moss agate engagement ring,110,HIGH,100
chunky sterling silver hoops,110,HIGH,100
green cocktail ring,110,HIGH,100
swarovski friendship bracelet,110,HIGH,100
pear shaped opal engagement ring,110,HIGH,100
topaz promise ring,110,HIGH,100
monica vinader silver ring,110,LOW,17
gucci mens ring silver,110,HIGH,100
sapphire engagement,110,HIGH,100
lab created pink sapphire ring,110,HIGH,98
silver tungsten wedding bands,110,HIGH,100
emerald green promise ring,110,HIGH,100
triple birthstone ring,110,HIGH,100
zales sterling silver rings,110,HIGH,100
angel aura quartz necklace,110,HIGH,100
citrine heart necklace,110,HIGH,81
swarovski attract stud earrings,110,LOW,28
square sapphire engagement rings,110,HIGH,100
yellow sapphire eternity ring,110,HIGH,100
gold initial necklace with birthstone,110,HIGH,100
blue topaz necklace and earring set,110,HIGH,100
birthstone studs,110,HIGH,100
birthstone bands for mom,110,HIGH,100
mint sapphire engagement ring,110,HIGH,100
sterling silver knot earrings,110,HIGH,100
personalized name necklace with birthstone,110,HIGH,100
australian sapphire engagement ring,110,HIGH,100
morganite wedding ring set,110,HIGH,100
swarovski rose gold tennis bracelet,110,HIGH,100
crystal chain necklace,110,HIGH,100
blue zircon engagement ring,110,HIGH,100
rose gold cocktail ring,110,HIGH,100
silver link earrings,110,HIGH,100
silver claddagh earrings,110,HIGH,100
gold mothers ring 2 stones,110,HIGH,99
real tanzanite rings,110,HIGH,100
angel wing necklace swarovski,110,HIGH,100
birthstone flower necklace,110,HIGH,100
blue topaz band,110,HIGH,100
gemini birthstone ring,110,HIGH,100
family birthstone pendant,110,HIGH,90
tiffany silver hoops,110,HIGH,100
baccarat earrings,110,HIGH,100
sterling silver diamond studs,110,HIGH,100
natural yellow sapphire ring,110,HIGH,100
grandmother ring 6 stones,110,HIGH,100
large crystal necklace,110,HIGH,100
black gold emerald ring,110,HIGH,100
crystal drop necklace,110,HIGH,100
green crystal ring,110,HIGH,100
rose gold citrine ring,110,HIGH,100
square cut sapphire ring,110,HIGH,100
david yurman cocktail ring,110,HIGH,100
multi sapphire ring,110,HIGH,100
pyrite stone ring,110,HIGH,100
neopolitan opal,110,HIGH,100
statement engagement rings,110,HIGH,100
lightweight statement earrings,110,HIGH,100
oval cut emerald ring,110,HIGH,100
heart shaped earrings silver,110,HIGH,100
crystal cuff bracelet,110,HIGH,100
yellow statement earrings,110,HIGH,100
jade crystal necklace,110,HIGH,100
birthstone pendant gold,110,HIGH,100
thick silver earrings,110,HIGH,100
funky silver earrings,110,HIGH,100
wholesale gemstone rings,110,HIGH,100
purple amethyst bracelet,110,HIGH,100
swarovski teddy bear bracelet,110,HIGH,100
jade crystal bracelet,110,HIGH,100
capricorn birthstone ring,110,HIGH,99
citrine baguette ring,110,HIGH,87
tourmaline birthstone necklace,110,HIGH,84
6 carat emerald ring,110,HIGH,100
18k gold sapphire ring,110,HIGH,100
silver necklace and earrings,110,HIGH,100
emerald cut green sapphire ring,110,HIGH,100
birthstone promise rings for her,110,HIGH,100
moonstone diamond engagement ring,110,HIGH,100
aquamarine pear ring,110,HIGH,100
anxiety crystal bracelet,110,HIGH,76
yellow tanzanite,110,HIGH,94
cardinal necklace swarovski,110,HIGH,100
thin sterling silver rings,110,HIGH,100
etsy birthstone jewelry,110,HIGH,100
large silver statement earrings,110,HIGH,100
sterling silver endless hoop earrings,110,HIGH,98
heart shaped garnet ring,110,HIGH,100
jcpenney birthstone necklace,110,HIGH,100
january birthstone necklace gold,110,HIGH,100
dark emerald ring,110,HIGH,100
midi rings silver,110,HIGH,100
rose gold statement ring,110,HIGH,100
blue crystal ring,110,HIGH,100
tiffany opal ring,110,HIGH,100
hammered silver hoops,110,HIGH,100
birthstone flower ring,110,HIGH,98
birthstone jewelry necklace,110,HIGH,100
swarovski hoop earrings silver,110,HIGH,100
mens plain silver ring,110,HIGH,100
matching silver rings,110,HIGH,100
white gold stackable birthstone rings,110,HIGH,100
amethyst halo ring,110,HIGH,98
endless hoop earrings silver,110,HIGH,100
blue kyanite necklace,110,HIGH,100
genuine rose quartz bracelet,110,HIGH,100
hyo silver class rings,110,HIGH,75
january birthstone engagement rings,110,HIGH,100
4 carat sapphire,110,HIGH,100
womens silver hoops,110,HIGH,100
sterling silver bamboo earrings,110,HIGH,100
rectangle sapphire ring,110,HIGH,100
london blue topaz birthstone,110,HIGH,100
heart drop earrings silver,110,HIGH,100
crystal snowflake earrings,110,HIGH,85
emerald ring set,110,HIGH,100
etsy crystal necklace,110,HIGH,99
natural blue sapphire stone,110,HIGH,100
swarovski beads for jewelry making,110,HIGH,100
selenite crystal necklace,110,HIGH,100
hexagon sapphire ring,110,HIGH,100
dark green emerald ring,110,HIGH,100
mothers ring 3 stones gold,110,HIGH,100
birthstone wedding ring sets,110,HIGH,100
sterling silver key chain,110,HIGH,100
crystal pendulum necklace,110,HIGH,100
angelite necklace,110,HIGH,100
2 birthstone earrings,110,HIGH,100
silver diamond rings 925 sterling,110,HIGH,99
august birthstone wedding rings,110,HIGH,100
gold and pearl statement earrings,110,HIGH,100
teardrop birthstone necklace,110,HIGH,100
march birthstone jewelry sets,110,HIGH,100
swarovski silver hoop earrings,110,HIGH,100
sterling silver hoop set,110,HIGH,100
sterling silver birthstone earrings,110,HIGH,100
rose quartz mala beads,110,HIGH,100
balenciaga earrings silver,110,HIGH,100
white zircon ring,110,HIGH,100
cheap birthstone rings,110,HIGH,100
crystal jewellery set,110,HIGH,100
kyanite pendant,110,HIGH,100
sterling silver baguette ring,110,HIGH,100
madeira citrine earrings,110,HIGH,100
carnelian engagement ring,110,HIGH,100
cute sterling silver earrings,110,HIGH,100
cartilage hoop earrings silver,110,HIGH,100
citrine anklet,110,HIGH,100
mens birthstone pendant,110,HIGH,100
flower birthstone ring,110,HIGH,98
zales silver hoop earrings,110,HIGH,100
elegant silver earrings,110,HIGH,100
white quartz necklace,110,HIGH,100
funky silver rings,110,HIGH,100
swarovski wedding necklace,110,HIGH,99
swarovski purple necklace,110,HIGH,100
yellow crystal bracelet,110,HIGH,100
yellow diamond cocktail ring,110,HIGH,98
silver jewlrey,110,HIGH,100
black opal wedding band,110,HIGH,100
october ring,110,HIGH,99
aquamarine statement ring,110,HIGH,100
quartz pendant necklace,110,HIGH,99
sagittarius birthstone jewelry,110,HIGH,100
pink crystal earrings swarovski,110,HIGH,100
teardrop aquamarine ring,110,HIGH,100
chunky thumb ring,110,HIGH,97
pretty silver rings,110,HIGH,100
large stud earrings silver,110,HIGH,100
orange citrine ring,110,HIGH,100
minimalist silver earrings,110,HIGH,99
silver rectangle hoop earrings,110,HIGH,100
sapphire for men,110,HIGH,100
sterling silver love knot earrings,110,HIGH,100
pink morganite stone,110,HIGH,100
orange crystal earrings,110,HIGH,100
crystal ball pendant,110,HIGH,82
may birthstone ring gold,110,HIGH,100
citrine heart pendant,110,HIGH,94
silver chain drop earrings,110,HIGH,100
silver crystal rings,110,HIGH,100
blue topaz birthstone jewelry,110,HIGH,100
rectangle hoop earrings silver,110,HIGH,100
dance costume rhinestones,110,HIGH,100
cushion cut citrine ring,110,HIGH,100
sterling silver infinity earrings,110,HIGH,100
beautiful silver rings,110,HIGH,100
natural gemstone earrings,110,HIGH,100
elegant statement earrings,110,HIGH,100
mens silver diamond earrings,110,HIGH,100
jcpenney silver hoop earrings,110,HIGH,100
modern opal ring,110,HIGH,100
silver cuban link ring,110,HIGH,100
swarovski black crystal earrings,110,HIGH,100
sterling silver halo ring,110,HIGH,81
sterling silver ear climber,110,HIGH,100
opal statement ring,110,HIGH,100
large amethyst necklace,110,HIGH,100
pearl and blue topaz necklace,110,HIGH,100
lemon citrine earrings,110,HIGH,97
mens silver ring with black stone,110,HIGH,100
birthstone friendship bracelets,110,HIGH,100
ruby statement ring,110,HIGH,100
black sterling silver rings,110,HIGH,100
fluorite crystal bracelet,110,HIGH,100
trillion cut sapphire,110,HIGH,100
november birthstone necklace gold,110,HIGH,100
sterling silver celtic earrings,110,HIGH,100
gucci silver ring mens,110,HIGH,100
november birthstone wedding rings,110,HIGH,100
matte silver hoop earrings,110,HIGH,100
march birthstone wedding rings,110,HIGH,100
big silver stud earrings,110,HIGH,100
statement piece earrings,110,HIGH,100
blue green moissanite,110,HIGH,100
crystal bangle bracelets,110,HIGH,100
criss cross ring silver,110,HIGH,100
natural morganite,110,HIGH,100
silver octopus ring,110,HIGH,100
crystal star necklace,110,HIGH,100
swarovski horseshoe necklace,110,HIGH,100
unique silver hoop earrings,110,HIGH,100
copper crystal necklace,110,HIGH,100
white silver earrings,110,HIGH,100
silver twist hoops,110,HIGH,100
sterling silver twist ring,110,HIGH,100
sterling silver hoop earring set,110,HIGH,99
small birthstone rings,110,HIGH,100
yellow gold cocktail ring,110,HIGH,100
chain hoop earrings silver,110,HIGH,100
bs 925 ring,110,HIGH,99
silver chain hoop earrings,110,HIGH,100
silver oval hoops,110,HIGH,100
silver square stud earrings,110,HIGH,100
citrine pendant silver,110,HIGH,100
celestite ring,110,HIGH,100
mickey mouse birthstone necklace,110,HIGH,100
freshwater pearl earrings silver,110,HIGH,100
swarovski big earrings,110,HIGH,100
silver jewlery earrings,110,HIGH,100
primrose sterling silver earrings,110,HIGH,100
black obsidian feng shui bracelet,110,LOW,20
jcpenney silver earrings,110,HIGH,100
etsy crystal jewelry,110,HIGH,100
citrine pear ring,110,HIGH,100
silver flat back stud earrings,110,HIGH,100
swarovski heart pendant necklace,110,HIGH,100
angel wing necklace with birthstone,110,HIGH,100
january birthstone ring gold,110,HIGH,95
givenchy crystal necklace,110,HIGH,100
crystal necklace amazon,110,HIGH,94
silver cross earrings dangle,110,HIGH,100
kendra scott sterling silver earrings,110,HIGH,100
1 carat blue sapphire,110,HIGH,100
twisted hoops silver,110,HIGH,100
yellow topaz wedding ring,110,HIGH,100
sterling silver love ring,110,HIGH,100
etsy crystal bracelets,110,HIGH,100
sterling silver huggie earrings set,110,HIGH,100
topaz earrings silver,110,HIGH,100
teardrop crystal necklace,110,HIGH,100
lalique heart necklace,110,HIGH,100
snake chain earrings,110,HIGH,100
sterling silver tragus stud,110,HIGH,100
good silver earrings,110,HIGH,100
wrapped crystal necklace,110,HIGH,100
green aquamarine ring,110,HIGH,100
malachite stone bracelet,110,HIGH,100
crystal bracelets for protection,110,HIGH,100
swarovski gold drop earrings,110,HIGH,100
blue topaz cross,110,HIGH,100
hello kitty jewelry swarovski,110,HIGH,100
swarovski collar necklace,110,HIGH,100
dainty crystal bracelet,110,HIGH,100
men's august birthstone rings,110,HIGH,100
marcasite hoop earrings,110,HIGH,100
crystal butterfly ring,110,HIGH,94
sterling silver pierced earrings,110,HIGH,100
amazon crystal beads,110,HIGH,100
protection stone bracelet,110,HIGH,100
rainbow fluorite bracelet,110,HIGH,100
yellow topaz wedding band,110,HIGH,100
oval hoops silver,110,HIGH,100
swarovski clover bracelet,110,HIGH,100
march and december birthstone ring,110,HIGH,100
emerald cut citrine,110,HIGH,100
simple silver drop earrings,110,HIGH,100
smoky quartz wedding ring,110,HIGH,100
silver wire earrings,110,HIGH,100
angel aura quartz ring,110,HIGH,99
925 tg ring,110,HIGH,100
june and november birthstone ring,110,HIGH,100
matte silver earrings,110,HIGH,100
tiffany elsa peretti teardrop earrings,110,HIGH,86
taxco silver earrings,110,HIGH,100
ruby crystal bracelet,110,HIGH,100
blue topaz mens necklace,110,HIGH,99
pandora silver earrings studs,110,HIGH,100
april ring,110,HIGH,97
baguette citrine ring,110,HIGH,87
chunky stone rings,110,HIGH,100
chain drop earrings silver,110,HIGH,100
silver owl earrings,110,HIGH,100
tourmalinated quartz ring,110,HIGH,100
kate spade silver hoop earrings,110,HIGH,100
sterling silver dolphin earrings,110,HIGH,100
pandora silver heart earrings,110,HIGH,100
black tourmaline stud earrings,110,HIGH,100
raw crystal pendant,110,HIGH,100
raw peridot ring,110,HIGH,100
sunstone crystal bracelet,110,HIGH,100
minimalist earrings silver,110,HIGH,99
etsy citrine ring,110,HIGH,100
dragon earrings silver,110,HIGH,98
opal drop earrings silver,110,HIGH,100
statement earrings near me,110,HIGH,100
cluster cocktail ring,110,HIGH,100
crystal pouch necklace,110,HIGH,92
helix hoop earrings sterling silver,110,HIGH,100
march birthstone mens ring,110,HIGH,100
september birthstone ring gold,110,HIGH,100
sterling silver sunflower earrings,110,HIGH,100
swarovski gem necklace,110,HIGH,100
the one ring silver,110,HIGH,100
egyptian scarab necklace,110,HIGH,100
silver hoop earrings swarovski,110,HIGH,100
swarovski purple bracelet,110,HIGH,100
round silver ring,110,HIGH,100
sterling silver beaded hoop earrings,110,HIGH,100
sky blue sapphire,110,HIGH,100
silver jade ring,110,HIGH,100
black earrings for wedding,110,HIGH,100
classic elegance ring pandora,110,HIGH,98
june birthstone gift,110,HIGH,100
natural citrine pendant,110,HIGH,100
black obsidian mens ring,110,HIGH,100
march and june birthstone,110,HIGH,100
morganite birthstone month,110,MEDIUM,41
925 ring price,110,MEDIUM,45
mickey birthstone necklace,110,HIGH,100
citrine flower ring,110,HIGH,94
gothic earrings silver,110,HIGH,100
june birthstone wedding rings,110,HIGH,100
march birthstone gift,110,HIGH,70
january birthstone gift,110,MEDIUM,57
silver diamond earrings mens,110,HIGH,100
silver double ring,110,HIGH,100
swarovski bangle bracelet silver,110,HIGH,100
swarovski purple ring,110,HIGH,100
tiny birthstone rings,110,HIGH,100
blue agate pendant,110,HIGH,94
double silver ring,110,HIGH,100
dark green tourmaline ring,110,HIGH,99
silver zircon earrings,110,HIGH,100
gothic silver earrings,110,HIGH,100
white and silver earrings,110,HIGH,100
silver cz earrings,110,HIGH,100
blue sapphire birthstone month,110,HIGH,94
citrine and garnet jewelry,110,HIGH,100
june and september birthstone ring,110,HIGH,100
silver lotus ring,110,HIGH,100
peridot statement ring,110,HIGH,100
white sapphire diamond,110,HIGH,100
swarovski double circle necklace,110,HIGH,100
silver dragon earrings,110,HIGH,98
february jewellery,110,HIGH,100
alexandrite ring price,110,HIGH,100
judith ripka turquoise earrings,110,HIGH,89
silver necklace with earrings,110,HIGH,100
1mm rhinestones,110,HIGH,100
mint green tourmaline,110,HIGH,100
silver stud earrings for guys,110,HIGH,97
rose gold silver earrings,110,HIGH,100
selenite crystal jewelry,110,HIGH,100
925 sterling silver ring with diamond,110,HIGH,99
primrose cubic zirconia sterling silver,110,HIGH,100
charm hoop earrings silver,110,HIGH,100
amazonite stone bracelet,110,HIGH,96
sterling silver bat earrings,110,HIGH,100
silver and white earrings,110,HIGH,100
van cleef silver earrings,110,HIGH,100
sterling silver spiral earrings,110,HIGH,100
birthstone for mom,110,HIGH,97
hoop charm earrings silver,110,HIGH,100
zircon gold ring,110,HIGH,100
hermes earrings silver,110,HIGH,100
pandora birthstone heart charm,110,HIGH,100
lepidolite crystal necklace,110,MEDIUM,57
pandora starfish earrings,110,HIGH,99
citrine and rose gold ring,110,HIGH,100
pandora ring heart silver,110,HIGH,100
rose quartz chip bracelet,110,MEDIUM,54
large silver cross earrings,110,HIGH,95
raw citrine earrings,110,MEDIUM,47
chanel sterling silver earrings,110,HIGH,100
ebay silver rings,110,HIGH,100
crystal anxiety bracelet,110,HIGH,100
citrine peridot ring,110,HIGH,100
swarovski blue crystal bracelet,110,HIGH,100
rose quartz bracelet for men,110,HIGH,100
silver small studs,110,HIGH,99
target silver hoop earrings,110,HIGH,100
swarovski ball necklace,110,HIGH,100
tinkerbell necklace swarovski,110,HIGH,100
amethyst pendulum necklace,110,HIGH,83
birthstones for men,110,HIGH,100
pandora earrings silver studs,110,HIGH,100
rose quartz butterfly necklace,110,HIGH,92
pianegonda ring,110,HIGH,100
white gold silver,110,HIGH,94
march rings,110,HIGH,99
silver elegant earrings,110,HIGH,100
swarovski silver swan necklace,110,HIGH,100
black onyx for men,110,HIGH,100
rose quartz earrings sterling silver,110,HIGH,76
tourmalinated quartz bracelet,110,HIGH,100
preciosa czech glass beads,110,HIGH,78
earrings for wedding party,110,HIGH,100
golden rutilated quartz bracelet,110,HIGH,100
leather crystal necklace,110,HIGH,100
pandora earrings studs silver,110,HIGH,100
sterling silver freshwater pearl earrings,110,HIGH,92
crystal cube earrings,110,HIGH,100
sterling silver citrine earrings,110,HIGH,87
men statement rings,110,HIGH,99
yellow aventurine bracelet,110,HIGH,91
silver heart earrings pandora,110,HIGH,100
butterfly crystal ring,110,HIGH,94
sunstone and moonstone ring,110,HIGH,99
angel aura bracelet,110,HIGH,99
tiffany high tide silver earrings,110,HIGH,78
citrine sun ring,110,HIGH,100
crystal cord necklace,110,HIGH,79
apophyllite jewelry,110,MEDIUM,65
silver drop chain earrings,110,HIGH,100
pear citrine ring,110,HIGH,100
birthstone for november 1,110,HIGH,100
silver hoops near me,110,HIGH,100
cocktail ring green,110,HIGH,100
apophyllite necklace,110,HIGH,100
emerald topaz,110,HIGH,95
hoop earrings for wedding,110,HIGH,100
statement aquamarine ring,110,HIGH,100
crystals and beads for friends,110,LOW,24
strawberry quartz pendant,110,HIGH,67
moonstone birthstone month,110,HIGH,68
statement stone rings,110,HIGH,97
heart shaped citrine ring,110,HIGH,97
men's june birthstone rings,110,HIGH,99
topaz rhinestones,110,HIGH,100
25 mm hoops,110,HIGH,100
birthstone for november 1st,110,HIGH,100
color of aquamarine,110,HIGH,90
spinel diamond,110,HIGH,79
dk 925 ring,110,MEDIUM,50
cocktail ring rose gold,110,HIGH,100
golden healer quartz bracelet,110,HIGH,93
moon stone earrings,110,HIGH,100
high end turquoise jewelry,110,HIGH,100
turquoise rings for sale,110,HIGH,100
ippolita turquoise necklace,110,HIGH,100
effy turquoise earrings,110,HIGH,100
turquoise tuesday jewelry,110,HIGH,100
david yurman turquoise jewelry,110,LOW,23
moonstone hoop earrings,110,HIGH,100
mens silver and turquoise bracelet,110,HIGH,100
turquoise post earrings,110,HIGH,100
real citrine jewelry,110,HIGH,100
citrine and garnet necklace,110,HIGH,100
sweet alhambra heart bracelet,110,HIGH,100
mens turquoise bead bracelet,110,HIGH,100
tiger bead bracelet,110,HIGH,100
genuine moonstone jewelry,110,HIGH,100
western wedding rings with turquoise,110,HIGH,100
david yurman moonstone bracelet,110,HIGH,99
tiger eye van cleef bracelet,110,HIGH,100
turquoise lightning bolt necklace,110,MEDIUM,66
white gold turquoise earrings,110,HIGH,99
women's real turquoise jewelry,110,HIGH,100
pandora turquoise bracelet,110,HIGH,100
turquoise inlay wedding band,110,HIGH,100
jennifer meyer turquoise heart necklace,110,HIGH,100
turquoise and gold pendant,110,HIGH,100
moonstone signet ring,110,HIGH,100
logan hollowell moonstone ring,110,HIGH,100
turquoise heart pendant necklace,110,HIGH,100
real turquoise cross necklace,110,HIGH,100
turquoise alhambra necklace,110,HIGH,100
boho wedding jewellery,110,HIGH,100
temple st clair moonstone ring,110,HIGH,82
turquoise blossom necklace,110,HIGH,100
turquoise drop necklace,110,HIGH,100
red tiger eye beads,110,HIGH,100
turquoise infinity ring,110,HIGH,100
indian turquoise necklace,110,HIGH,100
moonstone cross necklace,110,HIGH,100
pandora moonstone ring,110,HIGH,78
vintage navajo mens rings,110,HIGH,99
women's moonstone jewelry,110,HIGH,100
kenneth jay lane turquoise earrings,110,HIGH,100
moonstone choker necklace,110,HIGH,100
turquoise cartilage earring,110,HIGH,91
devata bracelet,110,HIGH,100
etsy turquoise bracelet,110,HIGH,100
etsy turquoise,110,HIGH,97
men's citrine pendant,110,HIGH,100
turquoise choker necklace western,110,HIGH,100
diamond ring with turquoise accents,110,HIGH,100
925 sterling silver opal ring,110,HIGH,100
sundance turquoise ring,110,HIGH,83
mens leather turquoise bracelet,110,HIGH,100
garnet and citrine jewelry,110,HIGH,100
turquoise skull ring,110,HIGH,99
peridot and citrine bracelet,110,HIGH,85
silver tiger ring,110,HIGH,100
raw moonstone engagement ring,110,HIGH,100
van cleef bracelet turquoise,110,HIGH,100
mens leather and turquoise bracelet,110,HIGH,100
women moonstone jewelry,110,HIGH,100
van cleef carnelian earrings,110,HIGH,100
spiritual jewelry near me,110,HIGH,99
native american made turquoise jewelry,110,HIGH,100
real turquoise bead necklace,110,HIGH,100
pink tiger eye bracelet,110,HIGH,100
turquoise turtle bracelet,110,HIGH,100
navajo silver and turquoise jewelry,110,HIGH,100
kendra scott turquoise drop earrings,110,HIGH,100
etsy moonstone earrings,110,HIGH,100
turquoise and opal jewelry,110,HIGH,100
black moonstone necklace,110,HIGH,100
turquoise jewelry 14k gold,110,HIGH,100
mens turquoise leather bracelet,110,HIGH,100
real tiger eye necklace,110,HIGH,100
citrine and garnet,110,HIGH,100
925 sterling silver sapphire ring,110,HIGH,100
tiger eye gold bracelet,110,HIGH,100
turquoise rock necklace,110,HIGH,100
tiger eye black onyx bracelet,110,HIGH,100
turquoise rondelle necklace,110,HIGH,100
citrine sterling silver necklace,110,HIGH,100
turquoise and aquamarine ring,110,HIGH,99
turquoise bolo necklace,110,HIGH,100
turquoise butterfly earrings,110,HIGH,100
cherokee turquoise jewelry,110,HIGH,98
native american wedding rings turquoise,110,HIGH,96
women real turquoise jewelry,110,HIGH,100
moonstone star necklace,110,HIGH,81
van cleef arpels turquoise alhambra,110,HIGH,100
citrine earrings sterling silver,110,HIGH,87
turquoise hummingbird necklace,110,HIGH,100
turquoise mountain jewelry,110,HIGH,80
vca carnelian bracelet,110,HIGH,100
native american mens turquoise necklace,110,HIGH,100
turquoise pave ring,110,HIGH,100
chunky moonstone ring,110,HIGH,100
tiger eye bracelet gold,110,HIGH,100
turquoise dome ring,110,HIGH,99
irene neuwirth moonstone earrings,110,HIGH,100
tiger eye necklace women's,110,HIGH,100
carnelian wedding ring,110,HIGH,99
turquoise stone ring mens,110,HIGH,100
women's sterling silver turquoise rings,110,HIGH,98
white moonstone earrings,110,HIGH,87
purple turquoise necklace,110,HIGH,100
tiger eye hoop earrings,110,HIGH,100
metaphysical rings,110,MEDIUM,56
silver turquoise,110,HIGH,100
navajo sterling silver,110,HIGH,99
tiger eye cross necklace,110,HIGH,100
zuni cuff bracelet,110,HIGH,100
mens 925 silver earrings,110,HIGH,99
turquoise cabochon earrings,110,HIGH,100
women's squash blossom necklace,110,HIGH,100
orange citrine jewelry,110,HIGH,81
citrine charm bracelet,110,MEDIUM,64
bs 925 ring with diamonds,110,HIGH,100
citrine silver pendant,110,HIGH,100
navajo inlay jewelry,110,HIGH,100
925 women's rings,110,HIGH,100
authentic turquoise jewelry near me,110,HIGH,100
moonstone and peridot ring,110,HIGH,100
turquoise turtle jewelry,110,HIGH,98
turquoise scarab necklace,110,HIGH,92
mens eye ring,110,HIGH,99
925 sterling silver heart ring,110,HIGH,100
turquoise biker rings,110,HIGH,77
buffalo turquoise necklace,110,HIGH,100
white gold and turquoise earrings,110,HIGH,99
turquoise starfish necklace,110,HIGH,97
sterling silver citrine bracelet,110,HIGH,98
men's leather turquoise bracelet,110,HIGH,100
crushed turquoise ring,110,HIGH,100
polished turquoise,110,HIGH,100
citrine riviere necklace,110,HIGH,100
925 sterling silver butterfly ring,110,HIGH,100
round moonstone pendant,110,HIGH,81
pandora 925 ring,110,HIGH,100
fake squash blossom necklace,110,HIGH,100
red turquoise ring,110,HIGH,99
turquoise wrap ring,110,HIGH,100
green moonstone jewelry,110,HIGH,74
turquoise pandora,110,HIGH,100
turquoise dream catcher earrings,110,HIGH,100
november birthstone wedding band,110,HIGH,100
navajo jewelry makers,110,HIGH,93
purple mohave turquoise jewelry,110,HIGH,100
boho earrings studs,110,HIGH,97
raw turquoise pendant,110,HIGH,100
turquoise and gold statement necklace,110,HIGH,94
turquoise and silver beaded necklace,110,HIGH,100
carnelian earrings gold,110,HIGH,88
moonstone and sunstone ring,110,HIGH,99
925 sterling silver ring with diamonds,110,HIGH,99
moonstone statement necklace,110,HIGH,98
native american turquoise cuff bracelet,110,HIGH,100
925 diamonds,110,MEDIUM,35
925 marking on ring,110,LOW,13
925 silver heart ring,110,HIGH,100
925 silver ring purple stone,110,HIGH,80
925 silver ring with purple stone,110,HIGH,80
925 sterling silver aquamarine rings,110,HIGH,98
alhambra necklace turquoise,110,HIGH,100
amazon 925 sterling silver ring,110,HIGH,78
amethyst 925 ring,110,HIGH,100
amethyst citrine bracelet,110,HIGH,100
amethyst ring 925,110,HIGH,100
antique citrine engagement ring,110,HIGH,99
bao canyon turquoise,110,HIGH,81
bear claw squash blossom necklace,110,HIGH,92
boho nose studs,110,HIGH,100
brass turquoise ring,110,HIGH,93
carnelian agate bracelet,110,HIGH,88
carnelian and gold earrings,110,HIGH,88
carnelian gold earrings,110,HIGH,88
carolyn pollack turquoise necklace,110,HIGH,96
carved citrine ring,110,MEDIUM,44
carved tiger eye ring,110,MEDIUM,41
chanel turquoise earrings,110,HIGH,100
citrine ankle bracelet,110,HIGH,100
citrine antique engagement rings,110,HIGH,99
citrine bracelet sterling silver,110,HIGH,98
citrine loose gemstone,110,HIGH,93
citrine necklace sterling silver,110,HIGH,100
citrine pendant men,110,HIGH,100
copper turquoise pendant,110,HIGH,100
crystal moonstone necklace,110,HIGH,100
crystal necklace moonstone,110,HIGH,100
dragonfly turquoise,110,HIGH,99
etsy carnelian bracelet,110,HIGH,72
faceted citrine bracelet,110,HIGH,100
gold carnelian earrings,110,HIGH,88
green tiger eye necklace,110,HIGH,70
hermes clic h bracelet turquoise,110,HIGH,98
jade and tiger's eye bracelet,110,HIGH,100
jtw 925 wedding set,110,HIGH,67
ketoh bracelet,110,MEDIUM,41
large oval turquoise ring,110,HIGH,98
large squash blossom necklace,110,HIGH,99
light blue turquoise stone,110,HIGH,100
light turquoise ring,110,HIGH,99
loose citrine gemstones,110,HIGH,93
marco begaye jewelry,110,MEDIUM,35
men's navajo turquoise necklace,110,HIGH,80
mens gold citrine ring,110,HIGH,100
mens turquoise horseshoe ring,110,LOW,21
mojave turquoise jewelry,110,HIGH,100
moonstone faceted beads,110,HIGH,84
moonstone sunstone ring,110,HIGH,99
most expensive turquoise in the world,110,HIGH,96
mother of pearl squash blossom,110,HIGH,76
native turquoise,110,HIGH,100
navajo turquoise wedding rings,110,HIGH,100
navajo watch bracelet,110,HIGH,67
november birthstone charms,110,HIGH,100
original tiger stone ring,110,LOW,24
paj cz 925,110,LOW,31
peridot moonstone ring,110,HIGH,100
peyote bird squash blossom necklace,110,HIGH,92
pink moonstone pendant,110,HIGH,84
red carnelian pendant,110,HIGH,97
ruby turquoise ring,110,HIGH,100
s925 price,110,LOW,12
seafoam turquoise,110,LOW,15
sierra bella turquoise,110,HIGH,99
silver citrine pendant,110,HIGH,100
silver ring tiger,110,HIGH,100
smoky citrine ring,110,MEDIUM,56
spiritual jewelry for women,110,HIGH,100
spiritual necklaces for women,110,HIGH,100
square citrine earrings,110,HIGH,80
stackable ring set sterling silver,110,HIGH,99
stone mountain turquoise,110,HIGH,99
sunstone moonstone ring,110,HIGH,99
tibetan turquoise ring,110,HIGH,100
tiger choker necklace,110,HIGH,94
tiger eye cross pendant,110,HIGH,100
tiger eye ring band,110,HIGH,85
tiger silver ring,110,HIGH,100
topaz and citrine birthstone,110,HIGH,97
topaz citrine birthstone,110,HIGH,97
turquoise and red jewelry,110,HIGH,100
turquoise bracelet price,110,HIGH,94
turquoise chains,110,HIGH,100
turquoise enamel,110,HIGH,73
turquoise gold wedding band,110,HIGH,100
turquoise green jewelry,110,HIGH,100
turquoise horn necklace,110,MEDIUM,65
turquoise mala bracelet,110,HIGH,100
turquoise moon earrings,110,HIGH,85
turquoise pins brooches,110,HIGH,100
turquoise point,110,LOW,4
turquoise scarab pendant,110,HIGH,100
turquoise stone hoop earrings,110,HIGH,100
turquoise stone stud earrings,110,HIGH,93
vintage mexican silver turquoise jewelry,110,LOW,30
vintage native american cuff bracelet,110,HIGH,99
vintage squash blossom necklace for sale,110,HIGH,100
white moonstone engagement ring,110,HIGH,100
wire wrapped moonstone ring,110,MEDIUM,47
women 925 ring,110,HIGH,100
women ring 925,110,HIGH,100
yves saint laurent turquoise ring,110,HIGH,82
zuni cluster bracelet,110,HIGH,100
ladies silver necklace,90,HIGH,100
mens leather bracelet engraved,90,HIGH,100
solid silver earrings,90,HIGH,100
silver hug ring,90,HIGH,100
platinum emerald anniversary ring,90,HIGH,100
silver jwellery,90,HIGH,100
fine silver bracelet,90,HIGH,100
hand made engagement rings,90,HIGH,100
silver neck chain for men,90,HIGH,100
paperclip chain necklace silver,90,HIGH,100
silver nose pin,90,HIGH,91
buy silver chain,90,HIGH,100
morganite solitaire ring,90,HIGH,97
zodiac coin necklace,90,HIGH,100
silver lightning bolt earrings,90,HIGH,100
aquamarine birthstone earrings,90,HIGH,100
taurus necklace silver,90,HIGH,100
artisan jewelry websites,90,MEDIUM,65
silver dior bracelet,90,HIGH,100
sterling silver t bar necklace,90,HIGH,100
emerald stone bracelet,90,HIGH,100
silver daisy earrings,90,HIGH,100
rainbow moonstone engagement ring,90,HIGH,100
sterling silver dog tag chain,90,HIGH,100
silver name pendant,90,HIGH,100
silver jwellery shopping near me,90,HIGH,100
silver ingot pendant,90,HIGH,100
bali jewelry wholesale,90,HIGH,100
topaz studs,90,HIGH,100
garnet stone earrings,90,HIGH,100
genuine amethyst ring,90,HIGH,100
paw pendant,90,HIGH,100
real stone bracelets,90,HIGH,98
raw aquamarine necklace,90,HIGH,99
hippy earrings,90,HIGH,100
sterling silver crystal necklace,90,HIGH,100
ceylon sapphire and diamond ring,90,HIGH,100
yellow citrine bracelet,90,HIGH,100
ethical gemstones,90,HIGH,82
gold plated vermeil,90,HIGH,100
silver halo ring,90,HIGH,100
moss agate diamond ring,90,HIGH,99
emerald crystal necklace,90,HIGH,100
pandora wishbone heart ring,90,HIGH,98
royal blue sapphire ring,90,HIGH,100
raw gemstone engagement rings,90,HIGH,100
morganite cocktail ring,90,HIGH,100
ethically sourced gemstones,90,HIGH,79
boulder opal engagement ring,90,HIGH,100
silver cubic zirconia necklace,90,HIGH,100
sterling silver earring sets for multiple piercings,90,HIGH,100
black onyx chain,90,HIGH,100
boho peak jewelry,90,HIGH,99
3 carat tanzanite ring,90,HIGH,100
morganite heart ring,90,HIGH,100
sterling silver necklace and bracelet set,90,HIGH,100
angel pendant silver,90,HIGH,100
raw opal necklace,90,HIGH,100
tiffany padlock bracelet,90,HIGH,100
moonstone anklet,90,HIGH,100
ruby stone earrings,90,HIGH,99
tiger stone bracelet,90,HIGH,99
silver bracelet for men with name,90,HIGH,100
silver hook earrings,90,HIGH,100
boho ankle bracelet,90,HIGH,100
etsy silver hoop earrings,90,HIGH,100
blue amethyst ring,90,HIGH,100
bohemian wedding rings,90,HIGH,100
infinity earrings silver,90,HIGH,99
semi precious rings,90,HIGH,100
protection stone necklace,90,HIGH,100
mood stone ring,90,HIGH,99
pink amethyst necklace,90,HIGH,100
opal hamsa necklace,90,HIGH,100
sapphire stone bracelet,90,HIGH,100
real stone beads,90,HIGH,100
gold plated silver bracelet,90,HIGH,100
black garnet ring,90,HIGH,100
authentic gemstones,90,HIGH,94
amazon handmade jewelry,90,HIGH,70
small stone necklace,90,HIGH,100
ring settings for gemstones,90,HIGH,99
artisan wedding rings,90,HIGH,99
artisan wedding bands,90,HIGH,99
handmade beaded jewelry websites,90,HIGH,100
gemstone locket,90,HIGH,100
teal stone ring,90,HIGH,100
silver stone earrings,90,HIGH,100
real stone jewellery,90,HIGH,100
bohemian jewelry near me,90,HIGH,100
pearl stone ring,90,HIGH,100
home made jewelry,90,HIGH,93
silver wrist bracelet,90,HIGH,100
gemstone ring design,90,HIGH,100
amber stone bracelet,90,HIGH,100
aquamarine stone pendant,90,HIGH,100
carnelian crystal ring,90,HIGH,100
vintage boho engagement rings,90,HIGH,100
local handmade jewelry near me,90,HIGH,100
handmade sterling silver bracelets,90,HIGH,100
red stone pendant,90,HIGH,100
handmade pearl necklace,90,HIGH,92
boho pearl necklace,90,HIGH,100
platinum silver ring,90,HIGH,100
italian silver ring,90,HIGH,100
handmade stud earrings,90,HIGH,100
tourmaline stone bracelet,90,HIGH,100
bohemian anklet,90,HIGH,100
5925 ale 54 ring,90,HIGH,100
turquoise stone pendant,90,HIGH,96
opal store,90,HIGH,92
amethyst ring price,90,HIGH,91
black onyx stone ring,90,HIGH,100
blue moonstone bracelet,90,HIGH,100
ruby stone necklace gold,90,HIGH,100
stone band rings,90,HIGH,100
pearl stone necklace,90,HIGH,100
handmade diamond engagement rings,90,HIGH,94
silver necklace price,90,HIGH,93
handmade jewelry online,90,HIGH,97
bohemian bracelet sets,90,HIGH,96
grey stone ring,90,HIGH,100
mens boho jewelry,90,HIGH,100
druzy pendant,90,HIGH,96
large boho earrings,90,HIGH,100
vegan pearls,90,LOW,32
boho leather bracelets,90,HIGH,100
tiffany gemstones,90,HIGH,91
zultanite ring price,90,HIGH,100
boho chic necklaces,90,HIGH,100
handmade jewelry companies,90,HIGH,100
gypsy bohemian rings,90,HIGH,100
homemade jewelry near me,90,HIGH,74
hippie rings sterling silver,90,HIGH,73
artisan made jewelry,90,HIGH,76
dowling brothers bracelets,90,HIGH,100
handmade silver,90,HIGH,99
artisan jewelry store,90,MEDIUM,44
handmade resin jewelry,90,HIGH,100
handmade 14k gold jewelry,90,LOW,20
handmade brass jewelry,90,HIGH,100
bohemian wedding bands,90,HIGH,100
boho jewelry necklace,90,HIGH,100
handmade silver cross necklace,90,HIGH,100
handmade crystal bracelets,90,HIGH,100
handmade metal jewelry,90,HIGH,97
handmade jewelry stores near me,90,HIGH,100
homemade wedding rings,90,HIGH,96
boho bangle bracelets,90,HIGH,88
silver hand ring,90,HIGH,98
boho silver hoop earrings,90,HIGH,100
big boho earrings,90,HIGH,100
silver boho hoop earrings,90,HIGH,100
bohemian ankle bracelet,90,HIGH,100
balinese silver chain,90,HIGH,100
boho ring sets,90,HIGH,100
bohemian pendant necklace,90,HIGH,100
balinese jewelry wholesale,90,HIGH,100
bohemian pearl necklace,90,HIGH,95
handmade costume jewellery,90,HIGH,69
bali silver chain,90,HIGH,100
ubud jewellery,90,LOW,26
handmade gemstone bracelets,90,MEDIUM,53
bali bead bracelet,90,HIGH,93
beads rings handmade,90,HIGH,87
bohemian cuff bracelet,90,HIGH,81
bohemian earrings for women,90,HIGH,100
boho feather necklace,90,HIGH,100
boho handmade earrings,90,HIGH,72
boho jewelry men,90,HIGH,100
boho silver statement necklace,90,HIGH,99
gems ring design,90,HIGH,100
handcrafted bridal jewelry,90,LOW,2
handcrafted diamond engagement rings,90,HIGH,94
handcrafted jewellery online,90,HIGH,97
handcrafted pearl necklace,90,HIGH,92
handcrafted sterling silver bracelets,90,HIGH,100
handmade boho earrings,90,HIGH,72
handmade cat earrings,90,HIGH,99
handmade ceramic earrings,90,HIGH,100
handmade ceramic jewellery,90,HIGH,100
handmade chain jewelry,90,HIGH,74
handmade chakra bracelet,90,HIGH,81
handmade crafts jewellery,90,HIGH,76
handmade enamel earrings,90,HIGH,76
handmade enamel jewellery,90,HIGH,86
handmade gemstone necklace,90,HIGH,84
handmade heart jewelry,90,MEDIUM,48
handmade leather necklace,90,MEDIUM,55
handmade long necklace,90,HIGH,94
handmade mens turquoise ring,90,HIGH,100
handmade metalsmith jewelry,90,HIGH,97
handmade silver cross pendant,90,HIGH,100
handmade silver stacking rings,90,HIGH,96
handmade soldered jewelry,90,HIGH,100
handmade steampunk jewellery,90,LOW,32
handmade swarovski crystal earrings,90,LOW,29
handmade turquoise bracelet,90,MEDIUM,57
handmade vintage earrings,90,MEDIUM,65
handmade vintage jewelry,90,HIGH,79
hippie sun necklace,90,HIGH,99
homemade copper bracelet,90,HIGH,100
homemade cross necklace,90,HIGH,96
homemade wedding band,90,HIGH,96
jewellery ubud bali,90,LOW,26
macrame stone necklace,90,HIGH,100
pearl handmade necklace,90,HIGH,92
silver s925,90,HIGH,80
stone long necklace,90,HIGH,100
turquoise boho bracelet,90,HIGH,100
vintage bohemian necklace,90,HIGH,92
vintage handmade earrings,90,MEDIUM,65
feng shui black obsidian bracelet,90,MEDIUM,64
swarovski sparkling dance necklace,90,HIGH,100
6 birthstone necklace,90,HIGH,100
swarovski gema drop earrings,90,HIGH,100
crystal promise rings,90,HIGH,100
john hardy bamboo earrings,90,HIGH,100
wholesale crystal bracelets,90,HIGH,100
aquamarine infinity ring,90,HIGH,100
colored moissanite engagement rings,90,HIGH,100
sagittarius birthstone necklace,90,HIGH,98
leo birthstone necklace,90,HIGH,98
affordable gemstone engagement rings,90,HIGH,100
authentic crystal jewelry,90,HIGH,100
ottasilver rings,90,HIGH,100
real birthstone necklace,90,HIGH,100
swarovski birthstone earrings,90,HIGH,100
channel set sapphire band,90,HIGH,100
triple birthstone necklace,90,HIGH,100
swarovski curiosa ring,90,HIGH,100
custom opal rings,90,HIGH,100
grandmother's ring 7 stones,90,HIGH,100
mothers day rings 6 stones,90,HIGH,100
august birthstone necklace gold,90,HIGH,100
opal promise rings for her,90,HIGH,100
simple birthstone necklace,90,HIGH,100
blue sapphire hoop earrings,90,HIGH,100
obsidian crystal necklace,90,HIGH,100
sky blue topaz earrings,90,HIGH,100
silver hoops chunky,90,HIGH,100
garnet birthstone earrings,90,HIGH,95
family birthstone ring for mom,90,HIGH,100
blue topaz bracelet white gold,90,HIGH,100
hot pink statement earrings,90,HIGH,100
large crystal earrings,90,HIGH,100
oval opal engagement ring,90,HIGH,97
two birthstone ring for mom,90,HIGH,100
september birthstone engagement rings,90,HIGH,100
designer statement earrings,90,HIGH,100
emerald green statement earrings,90,HIGH,100
levian opal earrings,90,HIGH,100
ruby birthstone earrings,90,HIGH,100
disney birthstone earrings,90,HIGH,91
october necklace,90,HIGH,100
champagne sapphire engagement ring,90,HIGH,100
alexandrite bridal set,90,HIGH,100
van cleef sapphire ring,90,HIGH,100
swarovski crystal tennis necklace,90,HIGH,100
statement gold rings for women,90,HIGH,100
november birthstone pendant,90,HIGH,100
december birthstone pendant,90,HIGH,100
moissanite 1 carat price,90,HIGH,100
white sapphire solitaire ring,90,HIGH,100
ross simons sapphire rings,90,HIGH,100
stackable birthstone necklace,90,HIGH,100
celtic knot earrings sterling silver,90,HIGH,99
crystal heart earrings,90,HIGH,100
silver earrings sale,90,HIGH,100
sterling silver solitaire ring,90,HIGH,100
fine silver earrings,90,HIGH,100
blue topaz band ring,90,HIGH,100
kohls birthstone rings,90,HIGH,93
silver infinity earrings,90,HIGH,99
rose quartz anklet,90,HIGH,100
zales birthstones,90,HIGH,99
birth stones of the months,90,HIGH,99
february birthstone engagement rings,90,HIGH,100
silver rings for sale,90,HIGH,100
tanzanite band,90,HIGH,100
december birthstone stud earrings,90,HIGH,100
birthstone ring for mom 1 stone,90,HIGH,100
jcpenney birthstone jewelry,90,HIGH,80
dainty gemstone rings,90,HIGH,100
ruby crystal necklace,90,HIGH,100
best sterling silver earrings,90,HIGH,100
sterling silver climber earrings,90,HIGH,100
lab created aquamarine,90,HIGH,100
tanzanite halo ring,90,HIGH,100
kate spade cocktail ring,90,HIGH,100
medium silver hoops,90,HIGH,100
michael kors silver earrings,90,HIGH,82
white sapphire band,90,HIGH,100
purple amethyst engagement ring,90,HIGH,100
emerald cut morganite engagement ring,90,HIGH,100
rhinestone statement earrings,90,HIGH,100
personalized name and birthstone necklace,90,HIGH,100
cushion cut tanzanite ring,90,HIGH,100
pure silver hoop earrings,90,HIGH,100
black cocktail ring,90,HIGH,100
silver skull earrings,90,HIGH,97
christmas tree earrings swarovski,90,HIGH,77
swarovski beads wholesale,90,HIGH,100
gold statement earrings wedding,90,HIGH,100
sterling silver skull earrings,90,HIGH,94
simple silver hoop earrings,90,HIGH,100
aaa tanzanite ring,90,HIGH,100
citrine wedding ring set,90,HIGH,100
peridot stone earrings,90,HIGH,100
pink crystal drop earrings,90,HIGH,99
statement sapphire ring,90,HIGH,100
rose quartz crystal ring,90,HIGH,100
silver pearl hoops,90,HIGH,100
2 inch sterling silver hoop earrings,90,HIGH,100
swarovski crystal beads wholesale,90,HIGH,100
large crystal stud earrings,90,HIGH,100
rose quartz drop earrings,90,HIGH,100
purple crystal earrings,90,HIGH,100
adjustable birthstone rings,90,HIGH,100
swarovski baguette ring,90,HIGH,100
baguette style ring,90,HIGH,100
aries birthstone ring,90,HIGH,100
blue stone earrings silver,90,HIGH,100
birthstone jewelry for daughter,90,HIGH,100
bold silver earrings,90,HIGH,100
best birthstone rings,90,HIGH,100
tanzanite cocktail ring,90,HIGH,100
silver pave ring,90,HIGH,100
emerald ring with diamonds around it,90,HIGH,100
swarovski emerald bracelet,90,HIGH,100
yellow gold birthstone rings,90,MEDIUM,65
birthstone jewelry bracelets,90,HIGH,100
silver bubble ring,90,HIGH,100
dainty amethyst ring,90,HIGH,100
silver ball studs,90,HIGH,100
sapphire ring set,90,HIGH,100
dark blue topaz ring,90,HIGH,100
pearl birthstone bracelet,90,HIGH,100
silver pave hoop earrings,90,HIGH,100
star drop earrings silver,90,HIGH,100
real black tourmaline necklace,90,HIGH,100
drop hoop earrings silver,90,HIGH,100
silver drop earrings swarovski,90,HIGH,100
pandora may birthstone ring,90,HIGH,97
earrings for formal dress,90,HIGH,100
tanzanite birthstone necklace,90,HIGH,99
14k birthstone ring,90,HIGH,100
solid sterling silver earrings,90,HIGH,100
libra birthstone ring,90,HIGH,100
swarovski crystal bangle,90,HIGH,100
stackable birthstone bracelets,90,HIGH,100
tiny silver hoops,90,HIGH,100
grandma bracelet with grandkids birthstones,90,HIGH,100
four stone ring,90,HIGH,100
unique statement earrings,90,HIGH,100
sapphire necklace swarovski,90,HIGH,100
solid gold statement ring,90,HIGH,100
silver croissant ring,90,HIGH,96
fuchsia statement earrings,90,HIGH,100
tourmaline birthstone ring,90,HIGH,100
swarovski square earrings,90,HIGH,100
50mm sterling silver hoop earrings,90,HIGH,100
pink sapphire cocktail ring,90,HIGH,100
yellow citrine earrings,90,HIGH,100
star sapphire wedding ring,90,HIGH,99
minimalist birthstone ring,90,HIGH,100
crystal snowflake necklace,90,HIGH,100
aquamarine stud earrings sterling silver,90,HIGH,100
gem bracelets crystals,90,HIGH,100
gemstone pendants wholesale,90,HIGH,100
silver button earrings,90,HIGH,100
crystal butterfly earrings,90,HIGH,100
sterling silver leaf earrings,90,HIGH,100
tsavorite garnet engagement ring,90,HIGH,100
silver earrings huggies,90,HIGH,100
bracelet with 2 birthstones,90,HIGH,100
silver earrings with blue stone,90,HIGH,100
tiffany birthstone ring,90,HIGH,100
evil eye crystal bracelet,90,HIGH,100
rock crystal earrings,90,HIGH,98
chatham sapphire,90,HIGH,93
black sterling silver earrings,90,HIGH,100
unique birthstone jewelry,90,HIGH,100
celestite necklace,90,HIGH,100
judith ripka evil eye,90,HIGH,100
michael kors silver hoop earrings,90,HIGH,100
claddagh crystal necklace,90,HIGH,100
earring stack sets silver,90,HIGH,100
natural crystal jewellery,90,HIGH,100
swarovski crystal pendant necklace,90,HIGH,99
leo birthstone bracelet,90,HIGH,98
qvc sterling silver rings,90,HIGH,100
michael kors ring silver,90,MEDIUM,56
sterling silver daisy earrings,90,HIGH,100
1 inch silver hoop earrings,90,HIGH,100
swarovski blue swan necklace,90,HIGH,100
pandora april birthstone ring,90,HIGH,95
silver hoop earrings chunky,90,HIGH,100
tourmaline october birthstone ring,90,HIGH,100
emerald cut cocktail ring,90,HIGH,100
genuine citrine ring,90,HIGH,100
black onyx and diamond earrings,90,HIGH,100
oval moonstone ring,90,HIGH,98
birthstone cluster ring,90,HIGH,100
fun silver earrings,90,HIGH,100
large blue topaz pendant,90,HIGH,100
mens designer silver rings,90,HIGH,100
black hills gold birthstone rings,90,HIGH,100
pandora pearl drop earrings,90,HIGH,100
stainless steel birthstone rings,90,HIGH,100
emerald set in gold,90,HIGH,99
silver crawler earrings,90,HIGH,100
14k aquamarine ring,90,HIGH,100
big earrings for wedding,90,HIGH,100
square sapphire and diamond ring,90,HIGH,100
personalised name necklace with birthstone,90,HIGH,100
birthstone necklace for granddaughter,90,HIGH,100
925 diamond earrings,90,HIGH,100
swarovski wedding jewellery,90,HIGH,100
heart necklace with name and birthstone,90,HIGH,100
black crystal jewelry,90,HIGH,100
aurora borealis bracelet,90,HIGH,100
august ring,90,HIGH,100
genuine turquoise earrings sterling silver,90,HIGH,98
real black tourmaline bracelet,90,HIGH,100
rhinestone brooches in bulk,90,HIGH,100
granddaughter birthstone necklace,90,HIGH,100
zales sterling silver hoop earrings,90,HIGH,90
jewelry earrings silver,90,HIGH,100
silver hoop huggies,90,HIGH,100
sterling steel earrings,90,HIGH,100
thick sterling silver rings,90,HIGH,100
real crystal necklace shop,90,HIGH,100
unisex silver rings,90,HIGH,100
18k gold opal ring,90,HIGH,100
gold crystal jewelry,90,HIGH,100
matte silver ring,90,HIGH,100
calming bracelet for anxiety,90,HIGH,100
best healing crystal bracelets,90,HIGH,100
family birthstone cross necklace,90,HIGH,82
14 karat gold birthstone earrings,90,HIGH,100
kohl's silver hoop earrings,90,HIGH,95
june and july birthstone ring,90,HIGH,100
white gold statement ring,90,HIGH,72
silver titanium ring,90,HIGH,100
genuine blue topaz,90,HIGH,100
crystal charm necklace,90,HIGH,100
navy blue statement earrings,90,HIGH,100
blue topaz claddagh ring,90,HIGH,100
onyx crystal necklace,90,HIGH,100
chunky statement earrings,90,HIGH,100
red rhinestone necklace,90,HIGH,100
teal statement earrings,90,HIGH,100
alexandrite and pearl necklace,90,HIGH,100
effy multi gemstone earrings,90,HIGH,83
rock crystal pendant,90,HIGH,100
swarovski halo ring,90,HIGH,100
swarovski tennis bracelet price,90,HIGH,93
chunky silver earrings hoops,90,HIGH,100
huggie silver hoops,90,HIGH,100
sterling silver wide hoop earrings,90,HIGH,97
barbed wire heart earrings,90,HIGH,100
versace silver earrings,90,HIGH,100
925 sterling silver hoops,90,HIGH,100
best cut for moissanite,90,HIGH,92
women's november birthstone ring,90,HIGH,100
crystal necklace sterling silver,90,HIGH,100
black and silver drop earrings,90,HIGH,74
elsa peretti earrings silver,90,HIGH,100
silver rhinestone hoop earrings,90,HIGH,100
red fire opal ring,90,HIGH,100
moldavite crystal ring,90,HIGH,100
shungite stone bracelet,90,HIGH,100
crystal gemstone bracelets,90,HIGH,100
10 carat sapphire,90,HIGH,93
swarovski bracelet size,90,HIGH,90
june birthstone necklace gold,90,HIGH,100
square emerald,90,HIGH,100
sterling silver matching rings,90,HIGH,100
elegant earrings for wedding,90,HIGH,100
earring huggies silver,90,HIGH,100
orange fire opal ring,90,HIGH,100
pure silver earrings hoops,90,HIGH,100
alex and ani crystal necklace,90,HIGH,96
emerald cut tanzanite,90,HIGH,100
swarovski elephant necklace,90,HIGH,100
sterling silver pearl hoop earrings,90,HIGH,100
tanzanite silver earrings,90,HIGH,100
best cut for sapphire,90,HIGH,100
sterling silver midi ring,90,HIGH,100
rose quartz band ring,90,HIGH,100
silver versace earrings,90,HIGH,100
brown statement earrings,90,HIGH,100
alexandrite cocktail ring,90,HIGH,100
aoboco jewellery,90,HIGH,69
sterling silver disc earrings,90,HIGH,100
may birthstone gift,90,HIGH,100
statement gold ring for women,90,HIGH,100
red crystal heart necklace,90,HIGH,100
10 carat morganite ring,90,HIGH,100
silver knot stud earrings,90,HIGH,100
black and silver stud earrings,90,HIGH,100
swarovski crystal dangle earrings,90,HIGH,100
versace earrings silver,90,HIGH,100
crystal skull necklace,90,HIGH,100
black obsidian pixiu bracelet,90,HIGH,100
angel aura quartz bracelet,90,HIGH,100
smoky quartz earrings silver,90,HIGH,100
yellow topaz earrings gold,90,HIGH,100
long crystal drop earrings,90,HIGH,100
garnet statement ring,90,HIGH,96
pink crystal heart necklace,90,HIGH,99
crystal heart ring,90,HIGH,100
men's healing necklace,90,HIGH,100
tiny sterling silver hoop earrings,90,HIGH,100
rose quartz heart ring,90,HIGH,100
sterling silver cluster ring,90,HIGH,100
opal triplet ring,90,HIGH,100
swarovski swan necklace rose gold,90,HIGH,100
pandora red heart earrings,90,HIGH,98
black and silver dangle earrings,90,HIGH,100
sterling silver filigree hoop earrings,90,HIGH,100
july birthstone gift,90,HIGH,100
mens healing crystal necklace,90,HIGH,100
unisex rings silver,90,HIGH,100
modern cocktail rings,90,HIGH,100
pink statement ring,90,HIGH,100
4mm bicone beads,90,HIGH,100
crystal linear drop earrings,90,HIGH,100
ralph lauren silver earrings,90,HIGH,100
mens crystal pendant,90,HIGH,100
wealth crystal bracelet,90,HIGH,100
crystal gemstone necklace,90,HIGH,100
stackable mothers day rings,90,HIGH,100
silver buckle ring,90,HIGH,99
extra long silver earrings,90,HIGH,82
vivienne westwood earrings sterling silver,90,HIGH,100
medium sized silver hoop earrings,90,HIGH,100
claire's silver earrings,90,HIGH,83
yellow tourmaline ring,90,HIGH,100
alexandrite diamond,90,HIGH,100
dragon crystal necklace,90,HIGH,100
sterling silver vivienne westwood earrings,90,HIGH,100
sterling silver black stud earrings,90,HIGH,100
silver flower drop earrings,90,HIGH,100
angelite crystal necklace,90,HIGH,93
james avery silver hoops,90,HIGH,92
long cubic zirconia earrings,90,HIGH,100
pink crystal beads,90,HIGH,99
vintage citrine earrings,90,HIGH,80
swarovski square necklace,90,HIGH,100
swarovski starfish earrings,90,HIGH,100
nordstrom statement earrings,90,HIGH,94
multi crystal necklace,90,HIGH,100
large earrings for wedding,90,HIGH,100
simple hoop earrings silver,90,HIGH,100
etsy rose quartz necklace,90,HIGH,99
crystal gem necklace,90,HIGH,100
sterling silver angel wing earrings,90,HIGH,100
sterling silver minimalist earrings,90,MEDIUM,60
black obsidian necklace for protection,90,HIGH,100
june birthstone james avery,90,HIGH,100
sodalite crystal bracelet,90,HIGH,100
pyrite crystal ring,90,HIGH,76
silver hoop earrings small thick,90,HIGH,100
jade earrings silver,90,HIGH,100
chunky crystal earrings,90,HIGH,83
swarovski mickey mouse necklace,90,HIGH,100
men's october birthstone rings,90,HIGH,100
black gem bracelet,90,HIGH,100
sterling silver drop hoop earrings,90,HIGH,100
raw citrine pendant,90,HIGH,100
june and august birthstone ring,90,HIGH,100
small stone ring,90,HIGH,100
dainty rose quartz necklace,90,HIGH,92
chanel crystal cc earrings,90,HIGH,100
mens gold birthstone rings,90,HIGH,100
pearl earrings for wedding day,90,HIGH,100
smoky quartz cocktail ring,90,HIGH,100
vintage crystal rings,90,HIGH,98
2 carat emerald price,90,HIGH,96
ralph lauren earrings silver,90,HIGH,100
crystal gemstone beads,90,HIGH,99
sterling silver cross stud earrings,90,HIGH,100
lemon citrine ring,90,HIGH,100
silver bunny earrings,90,HIGH,98
blue calcite necklace,90,HIGH,100
swarovski silver drop earrings,90,HIGH,100
cartier nail ring silver,90,HIGH,100
black silver stud earrings,90,HIGH,100
blush statement earrings,90,HIGH,74
emerald cut citrine earrings,90,HIGH,82
peruvian opal ring,90,HIGH,100
virgo birthstone jewelry,90,HIGH,79
jasper crystal necklace,90,MEDIUM,50
moonstone drop earrings silver,90,HIGH,99
citrine bezel ring,90,HIGH,100
chunky crystal bracelet,90,HIGH,93
silver hoop cross earrings,90,HIGH,100
butterfly crystal earrings,90,HIGH,100
swarovski crystal mesh earrings,90,MEDIUM,62
raw black tourmaline bracelet,90,HIGH,100
flower drop earrings silver,90,HIGH,100
smoky quartz crystal necklace,90,HIGH,98
maria tash curated ear,90,HIGH,100
baccarat heart pendant,90,HIGH,100
pouches for jewellery,90,HIGH,100
pearl crystal bracelet,90,HIGH,100
swarovski pearls beads,90,HIGH,100
november stone ring,90,HIGH,100
5 carat citrine ring,90,HIGH,100
daisy earrings sterling silver,90,HIGH,100
jade silver earrings,90,HIGH,100
malachite crystal ring,90,MEDIUM,62
flower statement ring,90,HIGH,86
aurora borealis crystal earrings,90,MEDIUM,66
purple crystal beads,90,HIGH,100
raw amethyst crystal necklace,90,HIGH,92
australian crystal necklace,90,HIGH,94
etsy crystal earrings,90,HIGH,75
celtic ear cuff,90,HIGH,100
heart stone pendant,90,HIGH,100
melted silver ring,90,MEDIUM,66
white aquamarine,90,HIGH,78
white heart kendra scott necklace,90,HIGH,98
swarovski diamond choker,90,HIGH,100
vintage sapphire and diamond cocktail ring,90,HIGH,98
small rose quartz necklace,90,HIGH,77
clear crystal ring,90,HIGH,76
rose quartz heart earrings,90,HIGH,100
lime green rhinestones,90,HIGH,92
opal and emerald,90,HIGH,100
vintage swarovski earrings,90,HIGH,100
swarovski crystal gems,90,HIGH,100
blue statement ring,90,HIGH,86
tiffany t ring sterling silver,90,HIGH,100
sterling silver dangle star earrings,90,HIGH,100
larimar crystal necklace,90,HIGH,100
silver ear chain,90,HIGH,100
sterling silver dragon earrings,90,HIGH,96
qvc jai,90,HIGH,99
yellow citrine gem,90,MEDIUM,34
crystal jewelry store near me,90,HIGH,90
pandora sparkle ring,90,HIGH,100
1 carat amethyst,90,HIGH,100
sterling silver wire earrings,90,HIGH,92
carnelian crystal pendant,90,HIGH,100
amethyst and clear quartz bracelet,90,HIGH,83
statement mens turquoise rings,90,HIGH,100
rose tourmaline,90,HIGH,100
claire's sterling silver,90,HIGH,71
sterling silver for sensitive ears,90,HIGH,94
swarovski earrings birthstone,90,HIGH,100
silver dreamcatcher earrings,90,HIGH,100
fashion statement rings,90,HIGH,100
ear chain silver,90,HIGH,100
rhodochrosite crystal bracelet,90,HIGH,100
swarovski crystal teardrop necklace,90,HIGH,90
swarovski aurora borealis earrings,90,HIGH,97
wire crystal necklace,90,HIGH,91
sunstone crystal necklace,90,HIGH,100
red zircon stone,90,HIGH,99
statement piece rings,90,HIGH,100
tiffany sterling silver heart earrings,90,HIGH,100
vintage diamond dinner rings,90,HIGH,100
amazon sterling silver earrings hoops,90,HIGH,98
rolex ring silver,90,HIGH,83
glass crystal necklace,90,HIGH,100
ebay squash blossom necklace,90,HIGH,99
birthstone for december 3,90,HIGH,99
art deco statement ring,90,HIGH,89
vintage ruby cocktail ring,90,HIGH,100
shiny rhinestones,90,HIGH,100
lia sophia silver hoop earrings,90,HIGH,100
brilliance bracelet with swarovski crystals,90,HIGH,82
statement garnet ring,90,HIGH,96
blue sapphire crystal bracelet,90,HIGH,75
stone earrings silver,90,HIGH,100
john hardy turquoise bracelet,90,HIGH,100
turquoise letter necklace,90,HIGH,74
gold moonstone earrings,90,HIGH,100
gold necklace with turquoise stone,90,HIGH,100
marco bicego turquoise earrings,90,HIGH,99
antler turquoise ring,90,HIGH,100
alltribes native american jewelry,90,MEDIUM,54
temple st clair moonstone earrings,90,HIGH,100
antler and turquoise ring,90,HIGH,100
turquoise buyers near me,90,MEDIUM,56
effy turquoise,90,HIGH,100
jtv turquoise jewelry,90,HIGH,99
rose gold moonstone necklace,90,HIGH,100
moonstone jewelry set,90,HIGH,100
david yurman moonstone,90,HIGH,100
turquoise silicone ring,90,HIGH,100
moonstone stacking ring,90,HIGH,100
moonstone moon necklace,90,HIGH,100
men's spiritual necklace,90,HIGH,100
david yurman spiritual bead necklace,90,HIGH,98
moonstone rose gold necklace,90,HIGH,100
authentic turquoise earrings,90,HIGH,100
men's spiritual beads bracelet,90,HIGH,100
linjer moonstone ring,90,LOW,10
kendra scott moonstone,90,HIGH,100
natural moonstone ring,90,HIGH,100
designer turquoise jewelry,90,HIGH,100
moonstone and diamond necklace,90,HIGH,100
mens moonstone wedding band,90,HIGH,100
moonstone eternity ring,90,HIGH,100
simple turquoise necklace,90,HIGH,100
citron jewelry,90,HIGH,100
barse turquoise,90,HIGH,100
tiny turquoise necklace,90,HIGH,90
david yurman tiger eye necklace,90,HIGH,99
unique turquoise jewelry,90,HIGH,100
boho ring set,90,HIGH,100
blue moonstone earrings,90,HIGH,100
vintage moonstone jewelry,90,HIGH,100
moonstone diamond necklace,90,HIGH,100
moonstone necklace rose gold,90,HIGH,100
western turquoise engagement ring,90,HIGH,100
pearl alexandrite and moonstone ring,90,HIGH,100
small turquoise hoop earrings,90,HIGH,100
emerald and turquoise ring,90,HIGH,100
native american mens turquoise jewelry,90,HIGH,100
van cleef turquoise butterfly necklace,90,HIGH,100
moonstone stackable ring,90,HIGH,100
native american turquoise jewelry wholesale,90,HIGH,98
authentic navajo turquoise jewelry,90,HIGH,100
mens turquoise bracelet amazon,90,HIGH,100
natural moonstone necklace,90,HIGH,100
butterfly turquoise necklace,90,HIGH,100
small turquoise pendant,90,HIGH,100
native american turquoise cross necklace,90,HIGH,100
turquoise bridal jewelry,90,HIGH,100
raw turquoise necklace,90,HIGH,100
turquoise moon necklace,90,HIGH,100
moonstone engagement ring white gold,90,HIGH,100
silver and turquoise wedding bands,90,HIGH,100
natural turquoise necklace,90,HIGH,100
turquoise strand necklace,90,HIGH,100
pink moonstone necklace,90,HIGH,100
turquoise color jewelry,90,HIGH,100
vintage citrine jewelry,90,HIGH,100
peridot and citrine jewelry,90,HIGH,100
turquoise and diamond pendant,90,HIGH,100
old turquoise jewelry,90,HIGH,100
sonoran gold turquoise earrings,90,HIGH,100
black turquoise ring,90,HIGH,100
turquoise necklace and earrings,90,HIGH,100
van cleef turquoise ring,90,HIGH,95
turquoise cuff bracelet womens,90,HIGH,100
purple moonstone ring,90,HIGH,99
real turquoise hoop earrings,90,HIGH,100
women's turquoise cross necklace,90,HIGH,100
moonstone baguette ring,90,HIGH,100
turquoise ring set,90,HIGH,100
moonstone labret,90,LOW,17
black tiger eye bracelet,90,HIGH,100
ygi 925 cn ring price,90,MEDIUM,44
yellow gold turquoise earrings,90,HIGH,100
jamie joseph turquoise ring,90,HIGH,100
turquoise stones for jewelry,90,HIGH,100
moonstone heart pendant,90,HIGH,100
raw turquoise ring,90,HIGH,100
925 wedding band,90,HIGH,100
yellow gold moonstone ring,90,HIGH,97
vintage turquoise wedding rings,90,HIGH,100
tiger eye gold chain,90,HIGH,100
arizona turquoise earrings,90,HIGH,100
real turquoise bead bracelet,90,HIGH,100
moonstone jewelry etsy,90,HIGH,100
mens turquoise pendant necklace,90,HIGH,100
raw citrine bracelet,90,HIGH,78
aztec turquoise jewelry,90,MEDIUM,65
citrine emerald cut earrings,90,HIGH,100
cartier moonstone ring,90,LOW,32
round turquoise earrings,90,HIGH,100
simple turquoise earrings,90,HIGH,97
turquoise bezel necklace,90,HIGH,100
small moonstone necklace,90,HIGH,100
silver turquoise wedding bands,90,HIGH,100
sonoran gold turquoise ring,90,HIGH,100
moonstone ring yellow gold,90,HIGH,97
dainty turquoise jewelry,90,HIGH,100
kenneth jay lane turquoise necklace,90,HIGH,99
925 silver wedding ring,90,HIGH,100
gold with turquoise,90,HIGH,100
turquoise star earrings,90,HIGH,98
pandora moonstone charm,90,HIGH,92
pink moonstone earrings,90,HIGH,100
dainty turquoise earrings,90,HIGH,93
tiger eye pinky ring,90,HIGH,100
citrine teardrop pendant,90,HIGH,100
stackable moonstone ring,90,HIGH,100
turquoise dangle earrings sterling silver,90,HIGH,100
pink turquoise earrings,90,HIGH,100
turquoise in gold,90,HIGH,100
turquoise cactus earrings,90,HIGH,100
red carnelian ring,90,HIGH,94
alhambra turquoise,90,HIGH,94
kendra scott tiger eye necklace,90,HIGH,78
turquoise feather pendant,90,HIGH,100
turquoise and yellow gold earrings,90,HIGH,100
moonstone yellow gold ring,90,HIGH,97
etsy moonstone bracelet,90,HIGH,100
moonstone ankle bracelet,90,HIGH,100
vintage squash blossom,90,HIGH,100
dark turquoise earrings,90,HIGH,100
turquoise climber earrings,90,HIGH,100
navajo squash blossom necklace for sale,90,MEDIUM,47
mojave turquoise ring,90,HIGH,100
vintage indian turquoise necklace,90,HIGH,100
925 sterling silver band ring,90,HIGH,100
925 turquoise ring,90,HIGH,100
cowboy turquoise jewelry,90,HIGH,89
turquoise earrings and necklace,90,HIGH,100
turquoise diamond pendant,90,HIGH,100
chrome hearts turquoise bracelet,90,HIGH,100
amazon turquoise,90,HIGH,85
boot barn turquoise jewelry,90,HIGH,99
turquoise crescent moon necklace,90,HIGH,99
jamie joseph moonstone ring,90,HIGH,100
silver 925 wedding rings,90,HIGH,100
moonstone and tanzanite ring,90,HIGH,100
wide band turquoise ring,90,HIGH,93
h925 cz ring,90,HIGH,100
september and november birthstones,90,HIGH,100
citrine peridot,90,HIGH,83
amethyst and moonstone bracelet,90,HIGH,100
moonstone bangle bracelet,90,HIGH,100
3 stone moonstone ring,90,HIGH,100
925 jtw diamond ring,90,HIGH,67
925 snake ring,90,HIGH,67
925 sterling silver ring amazon,90,HIGH,73
agate turquoise,90,HIGH,91
all november birthstones,90,HIGH,75
amazon moonstone rings,90,HIGH,96
art nouveau moonstone ring,90,HIGH,92
bisbee turquoise necklace,90,HIGH,100
black and turquoise ring,90,HIGH,100
blue copper turquoise ring,90,HIGH,98
brown moonstone ring,90,LOW,20
bvlgari ring 925,90,LOW,26
carnelian cameo ring,90,MEDIUM,66
carnelian stone pendant,90,HIGH,100
carved carnelian ring,90,HIGH,100
celtic moonstone engagement ring,90,HIGH,98
celtic moonstone necklace,90,HIGH,70
chaco canyon southwest jewelry,90,HIGH,98
citrine quartz bracelet,90,HIGH,98
citrine wire wrapped necklace,90,LOW,27
copper squash blossom necklace,90,HIGH,98
cripple creek turquoise jewelry,90,HIGH,100
cut turquoise,90,MEDIUM,55
cw 925 ring,90,LOW,11
darling darlene turquoise,90,HIGH,100
dqcz 925 ring,90,LOW,19
ebay turquoise,90,HIGH,100
egyptian turquoise necklace,90,HIGH,78
elongated turquoise ring,90,HIGH,100
eye bead bracelet,90,HIGH,100
fas 925 earrings,90,MEDIUM,41
garnet citrine necklace,90,HIGH,100
gray moonstone earrings,90,HIGH,71
grey moonstone earrings,90,HIGH,71
grey moonstone pendant,90,HIGH,69
kendra scott tiger eye earrings,90,HIGH,91
king turquoise,90,MEDIUM,55
labradorite and moonstone necklace,90,HIGH,97
marquise cut citrine,90,HIGH,100
mens 925 silver,90,HIGH,100
mens turquoise choker,90,HIGH,91
mexican turquoise stone,90,HIGH,78
mohave turquoise jewelry,90,HIGH,100
moodstone rings,90,HIGH,99
moonstone point pendant,90,MEDIUM,63
moonstone ring twilight,90,HIGH,100
moonstone star ring,90,HIGH,99
native american turquoise bead necklace,90,HIGH,100
navajo bear claw necklace,90,HIGH,70
navajo thunderbird ring,90,HIGH,70
november birthstone price,90,HIGH,97
november birthstone traditional,90,HIGH,78
orange carnelian bracelet,90,HIGH,73
pandora carnelian ring,90,LOW,13
peridot citrine,90,HIGH,83
persian turquoise pendant,90,HIGH,99
please return to tiffany and co 925 ring,90,HIGH,86
polychrome turquoise,90,HIGH,100
red tiger eye pendant,90,HIGH,85
ring stamped s925,90,LOW,12
rsc925,90,LOW,9
s925 stamped on ring,90,LOW,12
silver 925 for men,90,HIGH,100
silver moonstone drop earrings,90,HIGH,99
smoky bisbee turquoise,90,HIGH,69
squash blossom necklace set,90,HIGH,100
star moonstone ring,90,HIGH,99
sterling silver naja pendant,90,HIGH,90
teardrop citrine pendant,90,HIGH,100
tibetan turquoise pendant,90,HIGH,100
timberline turquoise,90,HIGH,82
tiny moonstone necklace,90,HIGH,100
traditional november birthstone,90,HIGH,78
turquoise cabochon necklace,90,HIGH,100
turquoise canyon outlet,90,LOW,5
turquoise color jewellery,90,HIGH,100
turquoise cowgirl,90,MEDIUM,47
turquoise donut pendant,90,HIGH,100
turquoise gemstone pendant,90,HIGH,96
turquoise green ring,90,HIGH,86
turquoise howlite bracelet,90,HIGH,100
turquoise leaf ring,90,HIGH,89
turquoise mountain turquoise,90,HIGH,98
turquoise onyx,90,HIGH,72
turquoise ring 925,90,HIGH,100
turquoise rock bracelet,90,HIGH,100
turquoise seed bead bracelet,90,HIGH,100
turquoise stone choker,90,HIGH,100
turquoise teardrop pendant,90,HIGH,100
victorian carnelian ring,90,MEDIUM,43
victorian moonstone necklace,90,HIGH,100
vintage native american turquoise necklace,90,HIGH,100
vintage silver moonstone ring,90,HIGH,99
women turquoise cross necklace,90,HIGH,100
yellow citrine gemstone,90,MEDIUM,34
yellow moonstone ring,90,MEDIUM,36
silver handmade,90,HIGH,99
unusual silver earrings,70,HIGH,100
silver studs for women,70,HIGH,100
necklace with initials silver,70,HIGH,100
gem stone rings,70,HIGH,100
silver slider bracelet,70,HIGH,100
sterling silver sleeper earrings,70,HIGH,100
large silver locket,70,HIGH,100
zodiac necklace silver,70,HIGH,100
silver hoops medium,70,HIGH,100
amethyst bridal set,70,HIGH,100
sapphire pear engagement rings,70,HIGH,100
solid silver hoop earrings,70,HIGH,100
sapphire wedding bands for her,70,HIGH,100
tous pearl necklace,70,HIGH,100
evil eye anklet silver,70,HIGH,100
pear shaped morganite engagement ring,70,HIGH,100
emerald studs gold,70,HIGH,100
silver curb bracelet,70,HIGH,100
emerald birthstone earrings,70,HIGH,100
silver feather bracelet,70,HIGH,100
real blue sapphire ring,70,HIGH,100
plain silver bracelet,70,HIGH,100
gemstone bridal sets,70,HIGH,100
synthetic emerald ring,70,HIGH,100
sterling silver helix hoop,70,HIGH,100
emerald stone earrings,70,HIGH,100
wholesale boho jewelry,70,HIGH,100
sterling silver necklace sale,70,HIGH,100
plain silver band ring,70,HIGH,100
bali jewelry designer,70,HIGH,99
tree of life necklace pandora,70,HIGH,100
morganite band,70,HIGH,100
contemporary silver earrings,70,HIGH,100
opal stone earrings,70,HIGH,100
crescent horn necklace,70,HIGH,98
heart gucci ring,70,HIGH,100
white emerald ring,70,HIGH,100
aquarius birthstone necklace,70,HIGH,97
jtv sterling silver rings,70,HIGH,99
topaz stone necklace,70,HIGH,100
design your own gemstone engagement ring,70,HIGH,85
blue stone drop earrings,70,HIGH,100
sterling silver daith earrings,70,HIGH,99
heavy silver necklace,70,HIGH,100
heavy silver bracelet,70,HIGH,100
golden tanzanite,70,HIGH,100
unique handmade engagement rings,70,HIGH,100
chakra crystal necklace,70,HIGH,100
one stone ring,70,HIGH,100
green stone drop earrings,70,HIGH,100
pandora necklace circle,70,HIGH,100
malachite crystal bracelet,70,HIGH,100
citrine crystal pendant,70,HIGH,100
jtv artisan of bali,70,HIGH,93
boho bridal jewelry,70,HIGH,100
december birthstone aquamarine,70,HIGH,78
real stone rings,70,HIGH,97
handmade mens silver rings,70,HIGH,100
pure silver pendant,70,HIGH,100
thread anklet,70,HIGH,100
silver hand bracelet,70,HIGH,100
volcanic stone bracelet,70,HIGH,100
handmade christian jewelry,70,HIGH,100
handmade rings near me,70,HIGH,100
handmade gold necklace,70,HIGH,100
peridot crystal necklace,70,HIGH,99
turkish silver rings,70,HIGH,90
boho pearl earrings,70,HIGH,100
black beads anklet,70,HIGH,100
boho wedding ring sets,70,HIGH,100
artisan of bali jtv,70,HIGH,93
half heart pendant,70,HIGH,94
black stone pendant necklace,70,HIGH,100
gold bohemian earrings,70,HIGH,100
7 chakra crystal bracelet,70,HIGH,100
boho chic earrings,70,HIGH,100
handmade gold hoop earrings,70,HIGH,100
dumortierite bracelet,70,HIGH,100
chandi jewellery,70,HIGH,97
bohemian style earrings,70,HIGH,100
cheap boho jewelry,70,HIGH,100
unique bracelets handmade,70,HIGH,100
aventurine crystal bracelet,70,HIGH,100
rainbow fluorite necklace,70,HIGH,100
vintage silver charm bracelet 1970s,70,HIGH,100
handmade jewelry small business,70,HIGH,87
women's boho earrings,70,HIGH,100
handmade anklets,70,HIGH,100
swiss blue topaz price,70,HIGH,100
bali sterling silver,70,HIGH,100
boho style bracelets,70,HIGH,100
sterling silver boho jewelry,70,HIGH,100
handmade pearl jewelry,70,HIGH,100
boho hippie jewelry,70,HIGH,99
handmade crystal necklace,70,HIGH,100
red coral stone ring,70,HIGH,100
zd artisan jewelry,70,HIGH,100
boho jewelry amazon,70,HIGH,95
seraphinite necklace,70,HIGH,100
boho western jewelry,70,HIGH,100
bloodstone crystal bracelet,70,HIGH,80
selling handmade jewelry,70,LOW,22
vintage boho rings,70,HIGH,100
handmade stone necklace,70,HIGH,83
925 sterling silver boho rings,70,HIGH,100
boho head chain,70,HIGH,100
bohemian bangles,70,HIGH,99
red coral gold ring,70,HIGH,99
mens bohemian jewelry,70,HIGH,100
bohemian feather earrings,70,HIGH,100
handmade pendant necklace,70,HIGH,100
boho thumb rings,70,HIGH,100
silver ring with white stone,70,HIGH,100
bohemian style rings,70,HIGH,100
handmade glass earrings,70,HIGH,100
silver jewlery designs,70,HIGH,97
women's boho necklaces,70,HIGH,100
bohemian silver necklace,70,HIGH,100
bohemian earrings gold,70,HIGH,100
ganesh pendant silver,70,HIGH,100
handmade with love jewelry,70,HIGH,100
rockin out silver,70,HIGH,72
star stone ring,70,HIGH,96
handmade lampwork beads,70,HIGH,100
handmade silver heart necklace,70,HIGH,83
tiffany and co heart bracelet silver,70,HIGH,100
boho beach necklace,70,HIGH,100
silver choker necklace traditional,70,HIGH,100
pearl boho earrings,70,HIGH,100
etsy boho bracelets,70,HIGH,91
handmade italian jewelry,70,HIGH,96
western boho jewelry,70,HIGH,100
simple silver anklets,70,HIGH,100
canadian handmade jewelry,70,HIGH,76
smoky quartz birthstone,70,MEDIUM,59
boho helix earrings,70,HIGH,100
hand painted jewellery,70,HIGH,100
hand beaded necklaces,70,HIGH,75
silver black beads bracelet,70,HIGH,100
artisan lampwork beads,70,MEDIUM,63
your birthstone,70,HIGH,86
handcrafted necklaces and pendants,70,HIGH,100
handmade earrings for sale,70,HIGH,100
bali jewelry shop,70,MEDIUM,62
handmade ethnic jewellery,70,MEDIUM,58
long beaded boho necklace,70,HIGH,92
amazon boho jewelry,70,HIGH,95
stone beads jewellery,70,HIGH,100
homemade earrings for sale,70,HIGH,100
oxidized earrings jhumka,70,HIGH,100
wire rings with stones,70,HIGH,100
handmade antler rings,70,HIGH,100
boho leather necklace,70,HIGH,100
handmade beaded anklets,70,HIGH,100
celuk bali jewelry,70,HIGH,71
affordable boho jewelry,70,HIGH,100
artisan copper jewelry,70,LOW,17
artisan rings for women,70,HIGH,100
bali jewellery stores,70,MEDIUM,62
bali style ring,70,HIGH,75
body chain boho,70,HIGH,75
bohemian hair jewelry,70,HIGH,100
bohemian head chain,70,HIGH,94
boho beaded hoop earrings,70,HIGH,97
boho body chain,70,HIGH,75
boho chic jewelry wholesale,70,HIGH,100
boho lariat necklace,70,HIGH,100
boho leather wrap bracelet,70,HIGH,99
boho long beaded necklace,70,HIGH,92
boho wooden earrings,70,HIGH,100
bracelet for women handmade,70,HIGH,100
chunky hippie rings,70,MEDIUM,46
crystal earrings handmade,70,HIGH,76
crystal necklace handmade,70,HIGH,100
etsy handmade necklace,70,HIGH,90
gems & jewellery,70,MEDIUM,58
gold handmade necklace,70,HIGH,100
hand embroidery jewellery,70,HIGH,75
hand silver bracelet,70,HIGH,100
handcrafted gold necklace,70,HIGH,100
handcrafted indian jewelry,70,HIGH,100
handmade bird earrings,70,MEDIUM,62
handmade brass earrings,70,HIGH,84
handmade chandelier earrings,70,HIGH,98
handmade christmas bracelets,70,LOW,32
handmade christmas jewellery,70,MEDIUM,49
handmade crystal earrings,70,HIGH,76
handmade embroidered jewellery,70,HIGH,75
handmade evil eye necklace,70,HIGH,100
handmade feather earrings,70,HIGH,100
handmade gold filled beaded jewelry,70,HIGH,74
handmade hemp necklaces,70,LOW,0
handmade hippie jewelry,70,MEDIUM,38
handmade moonstone jewelry,70,HIGH,68
handmade necklace gold,70,HIGH,100
handmade necklace pendant,70,HIGH,100
handmade painted jewellery,70,HIGH,100
handmade red earrings,70,MEDIUM,58
handmade rubber band bracelets,70,HIGH,90
handmade silver and gold jewellery,70,HIGH,100
handmade silver brooches,70,LOW,14
handmade silver ring men,70,HIGH,100
handmade wire wrapped earrings,70,HIGH,100
handmade womens bracelets,70,HIGH,100
handmade wooden bangles,70,MEDIUM,58
high quality handmade jewelry,70,HIGH,75
homemade christmas jewelry,70,MEDIUM,49
inexpensive boho jewelry,70,HIGH,100
jtv artisan bali,70,HIGH,93
kashmiri jhumka earrings,70,HIGH,100
layered hippie necklaces,70,MEDIUM,65
mens silver rings handmade,70,HIGH,100
oxidized jhumka earrings,70,HIGH,100
selling handcrafted jewelry,70,LOW,22
selling homemade jewelry,70,LOW,22
silver boho choker,70,HIGH,74
sterling silver bali ring,70,HIGH,100
tiny boho hoop earrings,70,HIGH,99
unique handcrafted engagement rings,70,HIGH,100
women handmade bracelets,70,HIGH,100
custom opal engagement rings,70,HIGH,100
moissanite infinity band,70,HIGH,100
zales gemstone rings,70,HIGH,100
best sapphire engagement rings,70,HIGH,100
valentino crystal earrings,70,HIGH,100
loose moissanite stones for sale,70,HIGH,100
5 birthstone bracelet,70,HIGH,100
swarovski bridal set,70,HIGH,100
sterling silver cartilage hoop,70,HIGH,100
mothers birthstone ring 3 stones,70,HIGH,100
ferragamo earrings sale,70,HIGH,100
gemstone engagement ring sets,70,HIGH,100
swarovski drop earrings sale,70,HIGH,100
crystal heaven jewellery,70,HIGH,92
mothers day rings 1 stone,70,HIGH,100
swarovski christmas earrings,70,LOW,0
6 birthstone bracelet,70,HIGH,100
6 birthstone ring,70,HIGH,100
family stone necklace,70,HIGH,100
6 stone birthstone ring,70,HIGH,100
gemini birthstone necklace,70,HIGH,100
kay jewelers birthstone earrings,70,HIGH,100
jared birthstone bracelet,70,HIGH,100
silver diamond huggie earrings,70,HIGH,100
zales birthstone necklace for mom,70,LOW,5
pisces birthstone necklace,70,HIGH,100
initial bracelet with birthstone,70,HIGH,100
gold birthstone bracelet for mom,70,HIGH,100
virgo birthstone necklace,70,HIGH,100
mimi necklace with birthstones,70,HIGH,100
custom birthstone earrings,70,HIGH,100
extra large silver hoop earrings,70,HIGH,100
garnet and diamond band,70,HIGH,100
swarovski bella drop earrings,70,HIGH,100
birth stones bracelet,70,HIGH,100
birthstone necklace and earring set,70,HIGH,100
gema bracelet swarovski,70,HIGH,100
engagement ring with birthstone accents,70,HIGH,100
birthstone necklace for mom that can be added to,70,HIGH,100
stella picciotto earrings,70,HIGH,100
swarovski sunshine necklace,70,HIGH,100
birthstone huggie earrings,70,HIGH,100
design your own birthstone ring,70,HIGH,100
libra birthstone necklace,70,HIGH,100
opal mothers ring,70,HIGH,100
boruo925,70,HIGH,68
family ring 3 stones,70,HIGH,100
birth jewelry,70,HIGH,100
silver solitaire engagement ring,70,HIGH,100
august birthstone pendant,70,HIGH,100
pear cut sapphire ring,70,HIGH,96
birthstone necklace 14k gold,70,HIGH,100
david yurman silver hoops,70,HIGH,99
tiffany birthstone bracelet,70,HIGH,100
silver paperclip earrings,70,HIGH,100
family birthstone earrings,70,HIGH,100
november necklace,70,HIGH,100
pink sapphire solitaire ring,70,HIGH,100
zales cocktail rings,70,HIGH,92
swarovski wedding earrings,70,HIGH,100
4 carat aquamarine ring,70,HIGH,100
birthstone bands stackable,70,HIGH,100
zales birthstone earrings,70,HIGH,100
amethyst anniversary,70,HIGH,100
grandchildren birthstone ring,70,HIGH,100
june birthstone stackable ring,70,HIGH,100
single stone mothers ring,70,HIGH,100
opal birthstone earrings,70,HIGH,100
sapphire pear ring,70,HIGH,100
jared birthstone necklace for mom,70,HIGH,100
3 carat moissanite stone,70,HIGH,100
crystal pendants wholesale,70,HIGH,100
august necklace,70,HIGH,100
1.5 carat emerald ring,70,HIGH,100
obsidian crystal bracelet,70,HIGH,100
silver conch hoop,70,HIGH,100
minnie mouse birthstone earrings,70,HIGH,98
gucci hoop earrings silver,70,HIGH,100
sapphire birthstone earrings,70,HIGH,99
2 carat tanzanite ring,70,HIGH,100
large crystal hoop earrings,70,HIGH,100
large chunky silver hoop earrings,70,HIGH,100
december birthstone stackable ring,70,HIGH,100
crystal fringe earrings,70,HIGH,100
citrine promise ring,70,HIGH,100
nice silver earrings,70,HIGH,100
crystal initial necklace,70,HIGH,100
push present birthstone ring,70,HIGH,100
june necklace,70,HIGH,99
floating gemstone necklace,70,HIGH,100
swarovski eye bracelet,70,HIGH,100
fendi earrings silver,70,HIGH,100
swarovski solitaire necklace,70,HIGH,100
sterling silver gold hoops,70,HIGH,100
sterling silver initial earrings,70,HIGH,100
neelam ring,70,HIGH,100
yohji yamamoto vampire ring,70,HIGH,100
crystal body chain,70,HIGH,100
bulk sterling silver rings,70,HIGH,100
lucent cocktail ring,70,HIGH,100
sunflower ring silver,70,HIGH,100
cristal jewelry,70,HIGH,99
grandmother ring 2 stones,70,HIGH,100
silver love knot earrings,70,HIGH,100
blue topaz anklet,70,HIGH,97
swarovski dulcis necklace,70,HIGH,100
june birthstone pendant,70,HIGH,100
swarovski diamond studs,70,HIGH,100
crystal urn necklace,70,HIGH,100
raw birthstone necklace,70,HIGH,100
grandmother ring 8 stones,70,HIGH,100
birthstone pendant necklace for mom,70,HIGH,90
circle birthstone necklace,70,HIGH,100
unique birthstone necklace,70,HIGH,100
swarovski pendant set,70,HIGH,100
pink topaz engagement ring,70,HIGH,100
black tourmaline engagement ring,70,HIGH,100
cushion sapphire ring,70,HIGH,100
october birthstone pendant,70,HIGH,100
sapphire solitaire,70,HIGH,100
orange topaz necklace,70,HIGH,100
18k emerald ring,70,HIGH,100
mothers day birthstone,70,HIGH,100
moon birthstone necklace,70,HIGH,100
october birthstone necklace gold,70,HIGH,100
trendy silver earrings,70,HIGH,100
real crystal rings,70,HIGH,100
gold crystal pendant,70,HIGH,100
raw birthstone ring,70,HIGH,100
rhinestone tennis necklace,70,HIGH,100
diamond ring with aquamarine accents,70,HIGH,98
blue cocktail ring,70,HIGH,100
thin silver band ring,70,HIGH,100
8mm silver hoop earrings,70,HIGH,100
tree of life crystal necklace,70,HIGH,97
sterling silver paperclip earrings,70,HIGH,100
swarovski bow earrings,70,HIGH,100
birthstone drop earrings,70,HIGH,100
pearl and crystal bracelet,70,HIGH,100
10mm silver hoop earrings,70,HIGH,100
gold crystal hoop earrings,70,HIGH,100
august birthstone jewelry set,70,HIGH,93
december birthstone rings white gold,70,HIGH,89
nice silver rings,70,HIGH,100
sterling hoops,70,HIGH,100
spiritual healing bracelets,70,HIGH,100
december birthstone promise ring,70,HIGH,100
blue crystal drop earrings,70,HIGH,100
crystal waterfall earrings,70,HIGH,73
gold and silver huggie earrings,70,HIGH,100
black crystal drop earrings,70,HIGH,100
february birthstone ring gold,70,HIGH,100
big gold statement earrings,70,HIGH,100
mothers rings 3 stones sterling silver,70,HIGH,100
lightweight silver hoop earrings,70,HIGH,100
fun statement earrings,70,HIGH,100
silver chain link earrings,70,HIGH,100
swarovski ruby necklace,70,HIGH,100
citrine mens bracelet,70,HIGH,100
john hardy naga earrings,70,HIGH,100
birthstone anniversary rings,70,HIGH,100
emerald green wedding ring set,70,HIGH,100
real birthstone jewelry,70,HIGH,100
swarovski yellow necklace,70,HIGH,100
swarovski key necklace,70,HIGH,100
crystal hoop earrings large,70,HIGH,100
chunky silver ear cuff,70,HIGH,100
silver hoops with pearls,70,HIGH,100
peridot birthstone earrings,70,HIGH,100
blue topaz pendant 14k gold,70,HIGH,100
london blue sapphire ring,70,HIGH,100
sterling silver lightning bolt earrings,70,HIGH,100
unique diamond cocktail rings,70,HIGH,100
silver pierced earrings,70,HIGH,100
swarovski layered necklace,70,HIGH,99
sterling silver gold hoop earrings,70,HIGH,100
silver earrings for sensitive ears,70,HIGH,100
small silver rings,70,HIGH,100
raw crystal earrings,70,HIGH,92
navy statement earrings,70,HIGH,94
silver dainty earrings,70,HIGH,100
sterling silver cubic zirconia wedding sets,70,HIGH,98
david yurman champagne citrine ring,70,HIGH,100
moissanite 2 carat price,70,HIGH,99
taurus birthstone ring,70,HIGH,98
vintage opal rings for sale,70,HIGH,100
paperclip earrings silver,70,HIGH,100
sterling silver hoops medium,70,HIGH,100
silver and gold earrings together,70,HIGH,100
swarovski crystal pendant lighting,70,HIGH,100
14k white gold opal ring,70,HIGH,100
birthstone sets,70,HIGH,100
black crystal stud earrings,70,HIGH,100
999 silver earrings,70,HIGH,100
blue sapphire birthstone ring,70,HIGH,100
madewell silver hoops,70,HIGH,99
aquamarine set,70,HIGH,99
blue sapphire cocktail ring,70,HIGH,100
blue topaz huggie earrings,70,HIGH,100
august birthstone ring gold,70,HIGH,100
big crystal necklace,70,HIGH,100
daughter birthstone ring,70,HIGH,100
sterling silver hinged hoop earrings,70,HIGH,100
hardest stones for engagement rings,70,HIGH,97
mens dangle earrings silver,70,HIGH,100
twisted silver hoops,70,HIGH,100
swarovski drop necklace,70,HIGH,100
september birthstone necklace gold,70,HIGH,100
interchangeable crystal necklace,70,HIGH,100
swarovski beads bulk,70,HIGH,100
september ring,70,HIGH,100
crystal star earrings,70,HIGH,99
november birthstone rings topaz,70,HIGH,100
silver mesh earrings,70,HIGH,100
silver band wedding ring,70,HIGH,100
pretty silver earrings,70,HIGH,90
small silver drop earrings,70,HIGH,100
blue birthstone ring,70,HIGH,100
small silver nose ring,70,HIGH,100
high quality silver earrings,70,HIGH,100
wide silver hoops,70,HIGH,100
silver celtic wedding bands,70,HIGH,100
miu miu pearl necklace,70,HIGH,100
june earrings,70,HIGH,100
emerald cut morganite,70,HIGH,100
small thin silver hoop earrings,70,HIGH,100
dark green sapphire ring,70,HIGH,100
extra large hoop earrings silver,70,HIGH,100
june birthstone stud earrings,70,HIGH,100
silver ear climber,70,HIGH,100
june birthstone alexandrite necklace,70,HIGH,99
black diamond cocktail ring,70,HIGH,100
sterling silver flat back stud earrings,70,HIGH,100
big chunky silver hoop earrings,70,HIGH,77
radiant cut sapphire ring,70,HIGH,100
14k silver earrings,70,HIGH,100
thin birthstone ring,70,HIGH,100
swarovski lariat necklace,70,HIGH,100
women's sterling silver stud earrings,70,HIGH,100
tiffany graduated ball necklace,70,HIGH,100
alex and ani birthstone ring,70,HIGH,89
genuine birthstone rings,70,HIGH,100
2 carat blue sapphire,70,HIGH,100
cute sterling silver rings,70,HIGH,100
peach moissanite,70,HIGH,100
crystal necklace and earring set,70,HIGH,100
green statement ring,70,HIGH,100
raw rose quartz ring,70,HIGH,100
yellow quartz ring,70,HIGH,100
libra birthstone jewelry,70,HIGH,100
four leaf clover necklace swarovski,70,HIGH,100
crystal jewelry necklace,70,HIGH,100
birth jewellery,70,HIGH,100
citrine choker,70,HIGH,100
sterling silver snake earrings,70,HIGH,99
swarovski aquamarine earrings,70,HIGH,100
effy citrine earrings,70,HIGH,100
citrine and diamond band,70,HIGH,100
small silver hoop earrings with diamonds,70,HIGH,100
amber crystal bracelet,70,HIGH,100
trendy silver rings,70,HIGH,89
clear drop earrings,70,HIGH,100
christmas earrings swarovski,70,LOW,0
14k citrine ring,70,HIGH,100
black statement ring,70,HIGH,100
fluorite crystal necklace,70,HIGH,100
dainty sterling silver earrings,70,HIGH,100
flat silver earrings,70,HIGH,100
swarovski crystal studs,70,HIGH,100
purple topaz ring,70,HIGH,100
silver square hoops,70,HIGH,100
rose quartz wedding ring set,70,HIGH,100
tiffany 1837 circle earrings,70,MEDIUM,49
kate spade crystal earrings,70,HIGH,91
unique moonstone rings,70,HIGH,100
raw crystal bracelets,70,HIGH,93
gold necklace with crystal pendant,70,HIGH,100
triple stone ring,70,HIGH,100
black obsidian ring mens,70,HIGH,100
birthstone urn necklace,70,HIGH,100
cluster birthstone ring,70,HIGH,100
moonstone crystal ring,70,HIGH,100
cubic zirconia leverback earrings,70,HIGH,80
swarovski bracelet watch,70,HIGH,100
silver earrings with green stone,70,HIGH,100
crystal diamond ring,70,HIGH,100
18k sapphire ring,70,HIGH,98
december and may birthstone ring,70,HIGH,97
matching birthstone necklaces,70,HIGH,100
mens crystal earrings,70,HIGH,94
crystal septum ring,70,HIGH,100
twisted silver earrings,70,HIGH,100
amethyst statement ring,70,HIGH,100
helix hoop earrings silver,70,HIGH,100
crystal pandora charm,70,HIGH,100
amazon crystal bracelets,70,HIGH,82
solitaire stone ring,70,HIGH,91
september birthstone gift,70,HIGH,100
sterling silver cubic zirconia hoop earrings,70,HIGH,100
swarovski bear bracelet,70,HIGH,100
gold and silver drop earrings,70,HIGH,100
bat ring silver,70,HIGH,100
pink crystal hoop earrings,70,HIGH,89
shungite crystal necklace,70,HIGH,70
pink crystal jewelry,70,HIGH,100
oversized silver earrings,70,HIGH,100
levian blue topaz,70,HIGH,100
fancy silver earrings,70,HIGH,100
swarovski blue tennis bracelet,70,HIGH,100
mens healing stone bracelets,70,HIGH,100
qvc silver rings,70,HIGH,100
orange crystal necklace,70,HIGH,100
turtle birthstone necklace,70,HIGH,100
gold and silver twisted hoop earrings,70,HIGH,100
100 sterling silver earrings,70,HIGH,100
natural citrine necklace,70,HIGH,100
square hoops silver,70,HIGH,100
floating crystal necklace,70,HIGH,100
crystal christmas tree earrings,70,HIGH,100
michael hill snowflake earrings,70,HIGH,97
sterling ear cuff,70,HIGH,100
healing crystal anklets,70,HIGH,68
large crystal pendant,70,HIGH,100
luxury silver rings,70,HIGH,100
sterling silver crawler earrings,70,HIGH,100
thin silver hoop earrings small,70,HIGH,100
mens healing crystal bracelet,70,HIGH,100
blue crystal jewelry,70,HIGH,100
black tourmaline gold necklace,70,HIGH,75
bridal earrings pearl and crystal,70,HIGH,100
ab crystal earrings,70,HIGH,100
silver birthstone jewellery,70,HIGH,100
silver cubic zirconia drop earrings,70,HIGH,100
rhinestone butterfly necklace,70,HIGH,100
silver pearl studs,70,HIGH,100
crystal locket necklace,70,HIGH,100
june birthstone alexandrite earrings,70,HIGH,100
multicolor crystal necklace,70,HIGH,91
diamond earrings 1 20 ct tw round cut sterling silver,70,HIGH,100
black and white statement earrings,70,HIGH,81
rose quartz earrings dangle,70,HIGH,100
pearl studs silver,70,HIGH,100
heirloom earrings,70,HIGH,100
diamond cut silver hoop earrings,70,HIGH,100
disney birthstone ring,70,HIGH,100
womens silver studs,70,HIGH,100
sterling silver ear climber earrings,70,HIGH,100
angel earrings silver,70,HIGH,100
chunky crystal rings,70,HIGH,88
july and october birthstone ring,70,HIGH,100
crystal gemstone rings,70,HIGH,100
white gold citrine earrings,70,HIGH,97
december birthstone earrings gold,70,HIGH,100
cubic zirconia drop earrings silver,70,HIGH,100
100 silver ring,70,HIGH,100
swarovski stretch bracelet,70,HIGH,99
5 carat sapphire price,70,HIGH,92
evil eye crystal necklace,70,HIGH,100
raw amethyst pendant,70,HIGH,100
red crystal ring,70,HIGH,100
round silver stud earrings,70,HIGH,100
simple sterling silver earrings,70,HIGH,100
art deco statement earrings,70,HIGH,96
costume cocktail rings,70,HIGH,100
swarovski jewellery earrings,70,HIGH,99
healing stone beads,70,HIGH,100
sterling silver diamond cut hoop earrings,70,HIGH,100
blue nile cocktail rings,70,MEDIUM,33
square silver hoops,70,HIGH,100
silver linear drop earrings,70,HIGH,100
silver ring with sapphire stone,70,HIGH,100
unique sterling silver stud earrings,70,HIGH,100
ruby statement earrings,70,HIGH,90
trollbeads earrings,70,HIGH,100
silver huggie earrings with charm,70,HIGH,100
swarovski disney necklace,70,HIGH,99
women mothers ring 3 stones,70,HIGH,100
swarovski snowflake bracelet,70,HIGH,100
amazon swarovski bracelet,70,HIGH,100
red swarovski crystal necklace,70,HIGH,99
genuine black tourmaline bracelet,70,HIGH,98
moonstone statement ring,70,HIGH,100
swarovski blue heart necklace,70,HIGH,98
chunky cocktail rings,70,HIGH,100
swarovski ring necklace,70,HIGH,100
swarovski teddy pendant,70,HIGH,100
cz cocktail rings,70,HIGH,80
genuine birthstones,70,HIGH,78
flat silver hoops,70,HIGH,100
marquise cocktail ring,70,HIGH,97
black kyanite necklace,70,HIGH,100
bulk raw gemstones,70,HIGH,100
crystal point pendant,70,HIGH,100
etsy birthstone earrings,70,HIGH,100
statement emerald rings for women,70,HIGH,100
red jasper crystal bracelet,70,HIGH,94
pear shaped diamond cocktail rings,70,HIGH,100
august birthstone gift,70,HIGH,100
rachel ashwell cubic zirconia sterling silver earrings,70,HIGH,75
pandora birth ring,70,HIGH,99
cost of neelam stone,70,HIGH,86
kendra scott cocktail ring,70,HIGH,100
adjustable cocktail rings,70,HIGH,90
silver dangle ring,70,HIGH,100
black obsidian necklace mens,70,HIGH,100
mf doom ring silver,70,HIGH,100
women's gold statement ring,70,HIGH,100
swarovski hummingbird necklace,70,HIGH,100
raw garnet ring,70,HIGH,100
black agate earrings,70,HIGH,94
angelite ring,70,HIGH,100
november and december birthstone ring,70,HIGH,100
crystal christmas earrings,70,LOW,24
sterling silver green stone ring,70,HIGH,100
lapis lazuli crystal bracelet,70,HIGH,100
swarovski cross bracelet,70,HIGH,100
hammered silver stud earrings,70,HIGH,100
crystal drop earrings wedding,70,HIGH,89
australian crystal earrings,70,HIGH,100
gold over silver earrings,70,HIGH,96
swarovski flower pendant,70,HIGH,100
chanel crystal drop earrings,70,HIGH,100
danburite ring,70,HIGH,100
zircon stone ring,70,HIGH,100
crystal bridal necklace,70,HIGH,100
statement gold hoop earrings,70,HIGH,100
baccarat butterfly necklace,70,HIGH,100
february birthstone gift,70,HIGH,96
crystal bib necklace,70,HIGH,100
emerald cut diamond cocktail ring,70,HIGH,100
lightweight silver earrings,70,HIGH,100
silver bamboo hoops,70,HIGH,86
silver studded hoop earrings,70,HIGH,100
sterling silver flat back studs,70,HIGH,100
topaz crystal necklace,70,HIGH,97
geode pendant,70,HIGH,100
best silver rings for men,70,HIGH,100
small gold and silver hoop earrings,70,HIGH,100
mickey mouse earrings swarovski,70,HIGH,80
swarovski black crystal bracelet,70,HIGH,85
conch earrings silver,70,HIGH,100
nordstrom silver hoop earrings,70,HIGH,100
swarovski one bracelet,70,HIGH,100
18k silver ring,70,HIGH,100
white flower statement earrings,70,HIGH,100
flamingo necklace swarovski,70,HIGH,100
clear crystal jewellery,70,HIGH,98
gold and silver studs,70,HIGH,100
crystal tree of life necklace,70,HIGH,97
lepidolite crystal bracelet,70,HIGH,100
urn necklace with birthstone,70,HIGH,100
tourmaline cocktail ring,70,MEDIUM,51
black obsidian anklet,70,HIGH,100
emerald crystal ring,70,HIGH,83
touchstone crystal clearance,70,HIGH,96
stainless steel silver earrings,70,HIGH,100
small earring sets,70,HIGH,100
sluynz,70,MEDIUM,50
ear stacks silver,70,HIGH,100
silver rhinestone drop earrings,70,HIGH,100
austrian crystal bracelet,70,HIGH,100
anxiety stone necklace,70,LOW,23
sterling silver flower stud earrings,70,HIGH,100
swarovski sun necklace,70,HIGH,100
round stone ring,70,HIGH,100
large swarovski crystal pendants,70,HIGH,100
moldavite crystal bracelet,70,HIGH,100
sterling silver ball drop earrings,70,HIGH,100
silver ring with yellow stone,70,HIGH,100
5 carat emerald price,70,HIGH,98
silver round stud earrings,70,HIGH,100
sterling silver moon and star earrings,70,HIGH,100
navy blue crystal earrings,70,HIGH,100
bloodstone crystal necklace,70,HIGH,69
amazon silver stud earrings,70,HIGH,83
silver hoop earrings with heart charm,70,HIGH,100
quartz heart necklace,70,HIGH,100
cz leverback earrings,70,HIGH,80
sterling silver christmas tree earrings,70,LOW,33
teal blue sapphire,70,HIGH,100
sterling silver hoop earrings near me,70,HIGH,100
amg 925 ring,70,HIGH,79
citrine rings 14k yellow gold,70,HIGH,100
silver hoop stud earrings,70,HIGH,100
swarovski star pendant,70,MEDIUM,62
silver bat earrings,70,HIGH,100
swarovski necklace set price,70,HIGH,89
brown crystal necklace,70,HIGH,100
chanel silver stud earrings,70,HIGH,100
amber teardrop earrings,70,HIGH,100
vintage december birthstone rings,70,HIGH,97
anthropologie birthstone earrings,70,HIGH,100
swarovski two heart necklace,70,HIGH,100
david yurman citrine albion ring,70,HIGH,100
etsy birthstone,70,HIGH,100
crystal angel necklace,70,HIGH,91
zultanite stone ring,70,HIGH,100
amazonite stone necklace,70,HIGH,94
green aventurine crystal bracelet,70,HIGH,100
pastel sapphire,70,HIGH,100
sterling silver teardrop hoop earrings,70,HIGH,100
pink sapphire birthstone month,70,HIGH,73
montana silversmith horseshoe earrings,70,HIGH,100
october birthstone james avery,70,HIGH,99
clear stone necklace,70,HIGH,100
leather crystal bracelet,70,HIGH,100
chanel stud earrings silver,70,HIGH,100
crystal rhinestone bracelets,70,HIGH,100
loose blue topaz,70,HIGH,82
tree of life necklace crystal,70,HIGH,97
gold and silver dangle earrings,70,HIGH,100
jade and silver earrings,70,HIGH,100
kyanite crystal necklace,70,HIGH,94
crystal rosary bracelet,70,HIGH,100
white gemstone ring,70,HIGH,98
march birthstone james avery,70,HIGH,100
snake earrings sterling silver,70,HIGH,99
blue kyanite pendant,70,HIGH,100
citrine ruby ring,70,HIGH,100
citrine heart earrings,70,HIGH,89
multi stone stud earrings,70,HIGH,82
amazon silver earrings studs,70,HIGH,83
pink earrings for wedding,70,HIGH,100
vintage amethyst cocktail ring,70,HIGH,100
black obsidian arrowhead necklace,70,MEDIUM,45
burgundy crystal earrings,70,HIGH,100
women mothers ring 2 stones,70,HIGH,100
black tourmaline gold ring,70,HIGH,94
ruby citrine ring,70,HIGH,100
pink diamond cocktail ring,70,HIGH,100
statement beaded earrings,70,HIGH,100
feather necklace swarovski,70,HIGH,97
crystal moon pendant,70,HIGH,100
swarovski rope necklace,70,HIGH,69
lapis lazuli stone ring,70,HIGH,100
amazon stud earrings silver,70,HIGH,83
rainbow fluorite ring,70,HIGH,99
swarovski purple heart necklace,70,MEDIUM,66
swarovski anchor necklace,70,HIGH,98
925 sterling silver earrings wholesale,70,HIGH,100
triangle crystal necklace,70,HIGH,99
swarovski diapason necklace,70,HIGH,97
blue topaz month,70,MEDIUM,35
gemstones for men,70,HIGH,100
pandora heart studs,70,HIGH,99
turquoise crystal ring,70,HIGH,97
crystal point earrings,70,HIGH,100
citrine teardrop ring,70,HIGH,100
black stone cocktail ring,70,HIGH,75
amazon statement earrings,70,HIGH,100
crystal gold pendant,70,HIGH,100
silver wire hoop earrings,70,HIGH,100
round stud earrings silver,70,HIGH,100
ebay sterling silver earrings,70,HIGH,100
silver tone earrings,70,HIGH,100
14k yellow gold citrine ring,70,HIGH,100
rainbow quartz necklace,70,HIGH,95
ab crystal necklace,70,HIGH,100
pyramid ring silver,70,HIGH,88
crystal pendant earrings,70,HIGH,100
heart cocktail ring,70,HIGH,100
women birthstone necklace for mom,70,HIGH,100
amethyst point necklace,70,HIGH,93
swarovski minnie mouse necklace,70,HIGH,95
natural zircon stone,70,HIGH,96
rainbow hematite beads,70,HIGH,100
5925 silver ring price,70,HIGH,75
swarovski magic necklace,70,HIGH,82
silver cc earrings,70,HIGH,100
black obsidian buddha necklace,70,HIGH,100
pink topaz birthstone,70,HIGH,89
diamond and citrine band,70,HIGH,100
august birthstones and crystals,70,HIGH,84
nordstrom sterling silver earrings,70,HIGH,79
silver statement rings for women,70,HIGH,100
925 cz earrings,70,HIGH,98
black tourmaline pendant necklace,70,HIGH,100
pandora cocktail ring,70,HIGH,93
the birthstone for may,70,HIGH,99
crystal donut necklace,70,HIGH,100
swarovski mesh bracelet,70,HIGH,92
blue zircon december birthstone,70,HIGH,100
minnie mouse necklace swarovski,70,HIGH,95
december tanzanite,70,HIGH,100
black crystal choker necklace,70,HIGH,100
orange topaz jewellery,70,HIGH,95
16 mm hoops,70,HIGH,100
teardrop citrine ring,70,HIGH,100
crystallite earrings,70,HIGH,99
quartz stone ring,70,HIGH,100
sapphire and citrine,70,HIGH,100
march birthstone gemstone,70,HIGH,94
kunzite crystal bracelet,70,HIGH,100
ametrine crystal necklace,70,MEDIUM,52
rose quartz necklace amazon,70,HIGH,96
kate spade silver bow earrings,70,HIGH,100
swiss blue topaz stone,70,HIGH,100
925 dqcz ring,70,LOW,10
november birthstone topaz ring,70,HIGH,100
amethyst cocktail ring vintage,70,HIGH,100
raw quartz necklace,70,HIGH,96
james avery october birthstone,70,HIGH,99
rectangle citrine ring,70,HIGH,100
diamond solitaire cocktail ring,70,HIGH,100
statement earrings amazon,70,HIGH,100
spirit quartz necklace,70,HIGH,100
aquamarine cluster,70,HIGH,90
raw quartz ring,70,HIGH,100
amethyst geode necklace,70,HIGH,100
john hardy citrine ring,70,HIGH,93
turquoise skies jewelry,70,HIGH,100
turquoise necklaces for sale,70,HIGH,100
citrine stud earrings gold,70,HIGH,100
moonstone wedding set,70,HIGH,100
turquoise antler ring,70,HIGH,100
moonstone fine jewelry,70,HIGH,100
lagos turquoise bracelet,70,HIGH,97
spiritual earrings,70,HIGH,100
tiffany moonstone necklace,70,HIGH,92
turquoise bridal set,70,HIGH,95
citrine earrings white gold,70,HIGH,97
spiritual wedding rings,70,HIGH,98
brighton turquoise jewelry,70,HIGH,100
citrine white gold necklace,70,HIGH,100
turquoise stone engagement ring,70,HIGH,100
diamond engagement ring with turquoise accents,70,HIGH,100
real carnelian bracelet,70,HIGH,100
turquoise drop earrings gold,70,HIGH,100
citrine necklace white gold,70,HIGH,100
moonstone necklace amazon,70,HIGH,100
white gold moonstone necklace,70,HIGH,100
moon stone wedding rings,70,HIGH,100
turquoise tassel earrings,70,HIGH,100
citrine and pearl necklace,70,HIGH,68
mens turquoise signet ring,70,HIGH,100
turquoise chain necklace,70,HIGH,100
emerald cut moonstone ring,70,HIGH,100
wood and turquoise ring,70,HIGH,100
925 silver engagement ring,70,HIGH,100
moonstone gold jewelry,70,HIGH,100
sleeping beauty bracelet,70,HIGH,99
jared citrine necklace,70,HIGH,100
gold tiger earrings,70,HIGH,100
sydney evan turquoise bracelet,70,HIGH,100
sleeping beauty turquoise stud earrings,70,HIGH,100
moonstone white gold necklace,70,HIGH,100
jcpenney turquoise jewelry,70,HIGH,92
gold moonstone engagement ring,70,HIGH,100
montana turquoise jewelry,70,HIGH,100
unique turquoise rings,70,HIGH,100
jtv sleeping beauty turquoise,70,HIGH,100
real spiritual bracelets,70,HIGH,100
real carnelian jewelry,70,HIGH,100
turquoise fashion jewelry,70,HIGH,100
turquoise and diamond band,70,HIGH,100
white gold turquoise necklace,70,HIGH,100
large moonstone necklace,70,HIGH,100
moonstone nose stud,70,HIGH,100
custom turquoise ring,70,HIGH,100
citrine gold stud earrings,70,HIGH,100
mens turquoise band rings,70,HIGH,100
vca carnelian necklace,70,HIGH,100
925 wedding sets,70,HIGH,100
van cleef turquoise alhambra necklace,70,HIGH,100
native american jewelry online,70,HIGH,100
moonstone nose ring,70,HIGH,100
lagos turquoise necklace,70,HIGH,100
mens blue tiger eye bracelet,70,HIGH,100
real gold turquoise ring,70,HIGH,100
mens turquoise jewelry bracelets,70,HIGH,77
yellow gold citrine necklace,70,HIGH,81
moonstone claddagh ring,70,HIGH,100
pandora seashell bracelet,70,HIGH,100
faceted moonstone ring,70,HIGH,98
moonstone necklace zombies 2,70,LOW,17
teardrop moonstone ring,70,HIGH,100
hopi turquoise jewelry,70,HIGH,100
turquoise small bead necklace,70,HIGH,100
18k gold turquoise ring,70,HIGH,100
wood turquoise ring,70,HIGH,100
cheap turquoise rings,70,HIGH,97
simple turquoise ring,70,HIGH,100
moonstone hoops,70,HIGH,100
tiny turquoise bead necklace,70,HIGH,100
moonstone and diamond earrings,70,HIGH,96
jay king turquoise jewelry,70,HIGH,100
topaz and citrine bracelet,70,HIGH,100
alexandrite moonstone ring,70,HIGH,100
ruby and citrine jewelry,70,HIGH,85
navajo pearl necklace with turquoise,70,HIGH,100
tiger charm bracelet,70,HIGH,100
fake turquoise jewelry,70,HIGH,100
boho wedding ring set,70,HIGH,100
turquoise white gold necklace,70,HIGH,100
ebay turquoise rings,70,HIGH,100
turquoise opal earrings,70,HIGH,100
etsy moonstone engagement ring,70,HIGH,100
vca turquoise earrings,70,HIGH,100
mens tiger necklace,70,HIGH,100
natural moonstone bracelet,70,HIGH,99
citrine chandelier earrings,70,HIGH,100
pearl and turquoise bracelet,70,HIGH,100
moonstone jewelry gold,70,HIGH,100
citrine and pearl earrings,70,HIGH,100
jtv turquoise necklace,70,HIGH,100
mens spiritual beads necklace,70,HIGH,100
effy citrine necklace,70,HIGH,100
real moonstone engagement ring,70,HIGH,100
david yurman carnelian bracelet,70,HIGH,97
monica vinader moonstone bracelet,70,HIGH,69
estate turquoise jewelry,70,HIGH,100
carnelian van cleef bracelet,70,HIGH,100
moonstone septum ring,70,HIGH,100
mens tiger eye pendant,70,HIGH,100
moonstone diamond earrings,70,HIGH,96
moonstone beads for jewelry making,70,HIGH,100
stud earrings for sleeping,70,HIGH,100
john hardy turquoise earrings,70,HIGH,95
silver carnelian necklace,70,HIGH,100
turquoise butterfly bracelet,70,HIGH,100
carnelian necklace silver,70,HIGH,100
real carnelian ring,70,HIGH,100
ud 925 ring,70,HIGH,96
kendra scott moonstone necklace,70,HIGH,100
pink and turquoise earrings,70,HIGH,100
turquoise and navajo pearl necklace,70,HIGH,100
native american turquoise hoop earrings,70,HIGH,80
skull ring silver 925,70,HIGH,100
tiger eye bracelet near me,70,HIGH,99
purple turquoise bracelet,70,HIGH,100
gold turquoise diamond ring,70,HIGH,100
moon stone gold ring,70,HIGH,91
emerald and turquoise jewelry,70,HIGH,100
moonstone gold engagement ring,70,HIGH,100
native american jewelry makers,70,HIGH,95
navajo pearl stud earrings,70,HIGH,100
moonstone thumb ring,70,HIGH,100
carnelian cord necklace,70,HIGH,98
red tiger eye necklace,70,HIGH,100
navajo turquoise dangle earrings,70,HIGH,96
long moonstone necklace,70,HIGH,100
genuine turquoise stud earrings sterling silver,70,HIGH,100
white buffalo turquoise rings for sale,70,HIGH,100
solid turquoise ring,70,HIGH,100
citrine sun pendant,70,HIGH,98
turquoise jewelry set in gold,70,HIGH,100
925 sterling silver signet ring,70,HIGH,97
cushion cut moonstone ring,70,HIGH,100
large moonstone earrings,70,HIGH,100
tiffany moonstone bracelet,70,HIGH,80
gold moonstone jewelry,70,HIGH,100
turquoise threader earrings,70,HIGH,100
moonstone sun necklace,70,HIGH,100
yellow tiger eye bracelet,70,HIGH,99
silver cuff bracelet with turquoise stone,70,HIGH,100
round turquoise necklace,70,HIGH,100
turquoise clover earrings,70,HIGH,100
round turquoise ring,70,HIGH,100
etsy tiger eye bracelet,70,HIGH,100
tiger eye van cleef necklace,70,HIGH,100
tiffany moonstone ring,70,HIGH,98
carnelian men's jewelry,70,HIGH,100
compressed turquoise,70,HIGH,100
colbaugh jewelry,70,HIGH,93
turquoise diamond band,70,HIGH,100
the moonstoned jewelry,70,HIGH,100
sleeping beauty turquoise squash blossom necklace,70,HIGH,100
victorian turquoise ring,70,HIGH,100
ebay turquoise necklace,70,HIGH,100
citrine nose stud,70,HIGH,82
tiger cuff bracelet,70,HIGH,100
van cleef tiger eye earrings,70,HIGH,100
small turquoise pendant necklace,70,HIGH,100
ross simons turquoise rings,70,HIGH,100
raw moonstone pendant,70,HIGH,98
tigers eye anklet,70,HIGH,100
real turquoise cuff bracelet,70,HIGH,95
mens moonstone pendant,70,HIGH,99
raw turquoise jewelry,70,HIGH,100
dark turquoise jewelry,70,HIGH,100
turquoise skull bracelet,70,HIGH,100
van cleef and arpels turquoise alhambra necklace,70,HIGH,100
turquoise cluster bracelet,70,HIGH,100
sterling silver tiger eye bracelet,70,HIGH,88
ebay vintage turquoise jewelry,70,HIGH,100
tiger eye gemstone bracelet,70,HIGH,95
925 jtw,70,MEDIUM,53
turquoise wedding necklace,70,HIGH,91
rainbow moonstone gold ring,70,HIGH,100
turquoise and red earrings,70,HIGH,99
genuine turquoise bead necklace,70,HIGH,100
turquoise bracelet near me,70,HIGH,90
navajo turquoise jewelry for sale,70,HIGH,100
pink moonstone bracelet,70,HIGH,100
spiritual bracelets for protection,70,HIGH,100
turquoise tragus earring,70,HIGH,100
vanna k rings cz 925,70,HIGH,95
carnelian silver necklace,70,HIGH,100
citrine nose ring,70,HIGH,82
yellow gold citrine earrings,70,HIGH,100
leather bracelet with turquoise stone,70,HIGH,99
turquoise and leather jewelry,70,HIGH,76
turquoise tragus jewelry,70,HIGH,100
tacori turquoise ring,70,HIGH,98
turquoise bear claw necklace,70,HIGH,99
gold citrine stud earrings,70,HIGH,100
tiffany and co ag 925 ring,70,HIGH,100
dry creek turquoise bracelet,70,HIGH,100
native squash blossom necklace,70,HIGH,100
dm 925 ring,70,MEDIUM,63
moonstone crystal pendant,70,HIGH,88
rare turquoise jewelry,70,HIGH,100
tigers eye silver necklace,70,HIGH,100
unusual turquoise rings,70,HIGH,100
925 silver pearl earrings,70,HIGH,83
1940's squash blossom necklace,70,HIGH,100
925 dm ring,70,MEDIUM,63
925 docz ring,70,LOW,10
925 fas thai ring,70,MEDIUM,39
925 silver black onyx ring,70,HIGH,100
925 silver ring with blue stone price,70,HIGH,100
925 sterling silver turquoise ring,70,HIGH,99
925 su ch cz earring,70,HIGH,69
a ring with 925 on it,70,HIGH,88
a turquoise,70,LOW,16
african turquoise earrings,70,HIGH,99
african turquoise ring,70,HIGH,71
ag 925 tiffany ring,70,HIGH,100
apache turquoise,70,HIGH,97
black onyx 925 silver ring,70,HIGH,100
blue moon stone necklace,70,HIGH,67
blue tiger eye stone necklace,70,LOW,22
blue turquoise stone earrings,70,HIGH,98
bumblebee turquoise,70,HIGH,100
bvlgari silver ring 925,70,MEDIUM,47
carnelian gold pendant,70,HIGH,97
carnelian pendant gold,70,HIGH,97
carnelian pinky ring,70,HIGH,70
chandelier citrine earrings,70,HIGH,100
citrine 14k ring,70,HIGH,100
citrine and ruby jewelry,70,HIGH,85
citrine and smoky quartz ring,70,HIGH,83
citrine and topaz bracelet,70,HIGH,100
citrine earrings yellow gold,70,HIGH,100
citrine jewelry silver,70,HIGH,85
citrine necklace yellow gold,70,HIGH,81
citrine point necklace,70,HIGH,89
citrine ring 14k,70,HIGH,100
citrine topaz bracelet,70,HIGH,100
citrine yellow gold earrings,70,HIGH,100
crystal moonstone rings,70,HIGH,100
dark turquoise stone,70,HIGH,100
david webb turquoise earrings,70,HIGH,97
edwardian moonstone necklace,70,HIGH,86
effie zuni jewelry,70,HIGH,100
engagement ring silver 925,70,HIGH,100
etsy carnelian ring,70,HIGH,100
evans turquoise,70,LOW,25
eye agate bracelet,70,MEDIUM,50
faceted rainbow moonstone ring,70,HIGH,83
flat turquoise stones,70,HIGH,100
fzn 925 ring,70,MEDIUM,65
gibson nez jewelry,70,HIGH,99
godber burnham turquoise,70,HIGH,100
gold carnelian pendant,70,HIGH,97
gold tiger ring with ruby eyes,70,HIGH,79
green citrine jewelry,70,HIGH,71
hawkeye stone jewelry,70,MEDIUM,66
heidi daus turquoise necklace,70,HIGH,80
hopi squash blossom necklace,70,MEDIUM,67
kabana 925 ring,70,HIGH,76
labradorite and moonstone ring,70,HIGH,100
lime green turquoise jewelry,70,HIGH,67
lotus moonstone ring,70,HIGH,95
matte tiger eye bracelet,70,HIGH,100
mayan turquoise jewelry,70,MEDIUM,62
mens carnelian jewelry,70,HIGH,100
mociun turquoise ring,70,HIGH,86
moonstone and garnet,70,HIGH,94
moonstone and gold jewelry,70,HIGH,100
moonstone and labradorite ring,70,HIGH,100
moonstone and onyx ring,70,HIGH,94
moonstone emerald ring,70,HIGH,100
moonstone filigree ring,70,HIGH,94
moonstone garnet,70,HIGH,94
moonstone goddess pendant,70,LOW,5
moonstone long necklace,70,HIGH,100
moonstone macrame necklace,70,MEDIUM,61
moonstone pentacle necklace,70,LOW,29
moonstone sunstone bracelet,70,MEDIUM,43
moonstone wire wrap necklace,70,LOW,27
navajo zuni jewelry,70,HIGH,100
november birthstone rings for women,70,HIGH,100
onyx and turquoise ring,70,HIGH,98
oval turquoise earrings,70,HIGH,100
paparazzi turquoise bracelet,70,HIGH,99
paparazzi turquoise necklace,70,HIGH,85
petit point turquoise,70,HIGH,88
princess cut moonstone engagement ring,70,HIGH,99
princess turquoise,70,HIGH,86
purple tiger eye bracelet,70,HIGH,100
rainbow moonstone pendant necklace,70,HIGH,100
ralph lauren turquoise earrings,70,HIGH,86
rare blue moonstone jewelry,70,LOW,16
raw citrine crystal necklace,70,HIGH,77
real turquoise stone price,70,HIGH,99
shamanic bracelets,70,HIGH,100
silver citrine jewelry,70,HIGH,85
silver tiger eye necklace,70,HIGH,100
sleeping with a necklace,70,LOW,1
smoky quartz and citrine ring,70,HIGH,83
square cut citrine ring,70,HIGH,100
stella and dot turquoise earrings,70,HIGH,78
stenich turquoise,70,HIGH,73
sterling silver and turquoise squash blossom necklace,70,HIGH,100
sterling silver turquoise pendant necklace,70,HIGH,93
sterling silver turquoise squash blossom necklace,70,HIGH,100
sunnyside turquoise,70,HIGH,89
sunstone and moonstone bracelet,70,HIGH,97
tiffany & co ag 925 ring,70,HIGH,100
tiffany 925 silver ring,70,HIGH,100
tiffany and co 925 heart ring,70,HIGH,98
tiffany and co heart ring 925,70,HIGH,98
tiffany and co moonstone necklace,70,HIGH,86
tiffany and co silver ring 925,70,HIGH,100
tiffany ring 925 silver,70,HIGH,100
tiger diamond ring,70,HIGH,100
tiger eye bracelet etsy,70,HIGH,100
tiger eye crystal pendant,70,HIGH,87
tiger eye pendant men,70,HIGH,100
tiger necklace for men,70,HIGH,100
tigers eye necklace silver,70,HIGH,100
traditional squash blossom necklace,70,HIGH,100
turkish turquoise ring,70,HIGH,100
turquoise and black earrings,70,HIGH,83
turquoise and onyx ring,70,HIGH,98
turquoise apatite,70,LOW,32
turquoise bracelet watch,70,HIGH,100
turquoise gemstone engagement ring,70,HIGH,100
turquoise moon ring,70,HIGH,99
turquoise necklace paparazzi,70,HIGH,85
turquoise nose ring hoop,70,HIGH,100
turquoise onyx ring,70,HIGH,98
turquoise paparazzi necklace,70,HIGH,85
turquoise pinky ring mens,70,HIGH,77
turquoise rock jewelry,70,HIGH,100
turquoise scarab ring,70,MEDIUM,62
turquoise tanzanite,70,HIGH,84
turquoise tragus stud,70,HIGH,100
turquoise western engagement rings,70,HIGH,100
turquoise wolf ring,70,MEDIUM,37
turtle turquoise,70,MEDIUM,49
unpolished turquoise,70,HIGH,100
van cleef alhambra carnelian,70,HIGH,100
van cleef turquoise pendant,70,HIGH,100
victorian turquoise jewelry,70,HIGH,95
wire wrapped moonstone pendant,70,HIGH,93
wolf moonstone necklace,70,HIGH,77
women tiger eye necklace,70,HIGH,100
women turquoise jewelry near me,70,HIGH,100
womens boho earrings,70,HIGH,100
yellow gemstones citrine,70,HIGH,100
silver sleeper earrings,50,HIGH,100
design your own gemstone ring,50,HIGH,96
silver jwellery shopping,50,HIGH,100
silver bracelets sale,50,HIGH,100
morganite rings for sale,50,HIGH,100
tiffany knot ring silver,50,HIGH,100
moonstone rings for sale,50,HIGH,100
emerald green pendant necklace,50,HIGH,100
hippy bracelets,50,HIGH,97
morganite studs,50,HIGH,100
silver chain with name,50,HIGH,89
stone ring design,50,HIGH,100
gold plated silver jewerly,50,HIGH,88
artisan of bali,50,HIGH,84
emerald green ring silver,50,HIGH,100
jtv gemstone rings,50,HIGH,100
taurus birthstone necklace,50,HIGH,100
hand made wedding rings,50,HIGH,100
white vermeil,50,MEDIUM,66
semi precious stones wholesale,50,HIGH,100
pure silver chain for women,50,HIGH,100
best silver rings,50,HIGH,99
real amethyst crystal necklace,50,HIGH,100
anxiety ring silver,50,HIGH,100
tiffany interlocking circles pendant,50,HIGH,100
boho bracelet sets,50,HIGH,100
irish handmade jewellery,50,HIGH,100
blue sapphire stone ring,50,HIGH,100
emerald green stone necklace,50,HIGH,100
wholesale handmade jewelry,50,HIGH,100
sapphire necklace set,50,HIGH,100
artisan silver earrings,50,HIGH,100
energy stone bracelets,50,HIGH,100
7 chakra bracelet real stones,50,HIGH,100
silver chain set,50,HIGH,100
amethyst stone earrings,50,HIGH,100
topaz ring november,50,HIGH,100
hand made necklace,50,HIGH,93
garnet crystal necklace,50,HIGH,100
14k white gold sapphire and diamond ring,50,HIGH,97
boho drop earrings,50,HIGH,100
selling handmade jewelry online,50,MEDIUM,47
green stone ring for ladies,50,HIGH,100
pearl and stone necklace,50,HIGH,100
good luck crystal necklace,50,HIGH,93
amethyst stone pendant,50,HIGH,100
boho beach jewellery,50,HIGH,99
emerald crystal bracelet,50,HIGH,100
silver rings with stones for ladies,50,HIGH,91
bohomoon necklace,50,HIGH,85
tourmaline crystal necklace,50,HIGH,100
qvc gemstone rings,50,HIGH,100
tanzanite purple gemstones,50,HIGH,91
one stone necklace,50,HIGH,100
artisan silver rings,50,HIGH,100
handmade locket,50,HIGH,95
turkizite gemstone,50,HIGH,100
sapphire ring design,50,HIGH,100
silver bracelet for men price,50,HIGH,100
bali handmade jewelry,50,HIGH,100
pink stone pendant,50,HIGH,100
bohemian rings silver,50,HIGH,100
chunky boho rings,50,HIGH,100
jtv bali jewelry,50,HIGH,100
jtv artisan of bali bracelets,50,HIGH,97
handmade eternity ring,50,HIGH,92
handmade silver pendant,50,HIGH,100
handmade gold chain,50,HIGH,100
bohemian silver earrings,50,HIGH,100
silver hand bracelet for men,50,HIGH,100
water opal ring,50,HIGH,100
unique boho engagement rings,50,HIGH,100
artisan jewelers near me,50,HIGH,97
copper jewellery set,50,HIGH,99
bohemian jewelry necklace,50,HIGH,100
boho jewellery online,50,HIGH,89
boho statement earrings,50,HIGH,100
artisan cross necklace,50,HIGH,100
boho earring sets,50,HIGH,100
boho hippie bracelets,50,HIGH,100
mens boho rings,50,HIGH,100
german silver necklace,50,HIGH,100
tiger stone ring,50,HIGH,100
artisan jewelry stores near me,50,HIGH,97
bohemian choker necklace,50,HIGH,100
local made jewelry,50,HIGH,97
long boho earrings,50,HIGH,100
square stone necklace,50,HIGH,99
boho friendship bracelets,50,HIGH,95
boho gemstone rings,50,HIGH,97
handmade signet ring,50,HIGH,97
bohemian earrings silver,50,HIGH,100
black stone jewellery set,50,HIGH,95
zuni handmade jewelry,50,HIGH,93
silver chain with locket,50,HIGH,100
boho tassel necklace,50,HIGH,100
gold jewellery bali,50,HIGH,88
beaded boho earrings,50,HIGH,100
bohemian pendants,50,HIGH,94
handmade opal ring,50,HIGH,98
silver metal earrings,50,HIGH,100
handmade jewellery design,50,HIGH,100
handmade gold filled jewelry,50,HIGH,76
handmade sapphire ring,50,HIGH,88
bohemian style bracelets,50,HIGH,100
handmade choker,50,HIGH,100
bohemian style wedding rings,50,HIGH,100
boho layered necklace silver,50,HIGH,100
boho stone rings,50,HIGH,96
turkish handmade jewelry,50,HIGH,75
handmade jewelry with natural stones,50,HIGH,81
silver color necklace,50,HIGH,100
handmade beach jewelry,50,HIGH,84
handmade cuff bracelets,50,HIGH,100
boho stackable bracelets,50,HIGH,100
druzy stone necklace,50,HIGH,98
handmade stone earrings,50,HIGH,100
triangle stone ring,50,HIGH,100
navajo handmade jewelry,50,HIGH,100
handmade coin jewelry,50,LOW,26
hippie beaded bracelets,50,HIGH,100
handmade wooden necklaces,50,HIGH,100
silver stone bangles,50,HIGH,100
hippie ankle bracelet,50,HIGH,100
handmade ruby ring,50,HIGH,80
sterling silver bali hoop earrings,50,HIGH,100
handmade bridal earrings,50,HIGH,76
silver metal bangles,50,HIGH,100
jtv artisan of turkey,50,HIGH,95
oxidized bracelet,50,HIGH,97
handmade heart necklace,50,HIGH,89
handmade pearl bracelet,50,HIGH,100
boho stretch bracelets,50,HIGH,95
handcrafted irish jewelry,50,HIGH,100
silver pendant design,50,HIGH,100
hand made silver chain,50,HIGH,100
handmade choker necklace,50,HIGH,92
boho hippie necklace,50,HIGH,100
handmade sterling silver pendants,50,HIGH,85
oxidized nose ring,50,HIGH,100
balinese gold jewelry,50,HIGH,88
black handmade jewelry,50,LOW,29
blue handmade earrings,50,LOW,12
bohemian chandelier earrings,50,HIGH,84
bohemian crystal jewellery,50,HIGH,73
bohemian minimalist engagement rings,50,HIGH,100
bohemian opal ring,50,HIGH,100
bohemian rings for women,50,HIGH,100
bohemian turquoise earrings,50,HIGH,100
bohemian turquoise necklace,50,HIGH,100
boho chain necklace,50,HIGH,93
boho fabric bracelets,50,HIGH,84
boho leather earrings,50,HIGH,95
boho leather jewelry,50,HIGH,100
boho long earrings,50,HIGH,100
boho luxe jewellery,50,HIGH,100
boho necklace etsy,50,HIGH,100
boho rings for men,50,HIGH,100
cape cod jewelers and artisans,50,HIGH,99
charm nugget,50,HIGH,91
cute homemade bracelets,50,HIGH,93
design handmade jewelry,50,HIGH,100
glass stone jewellery,50,HIGH,100
hand tooled leather bracelets,50,MEDIUM,62
handcrafted art jewelry,50,MEDIUM,41
handcrafted jewelry wholesale,50,HIGH,100
handcrafted silver,50,MEDIUM,36
handcrafted silver pendants,50,HIGH,100
handcrafted sterling silver pendants,50,HIGH,85
handmade art jewellery,50,LOW,21
handmade braided bracelets,50,HIGH,96
handmade bronze jewellery,50,HIGH,70
handmade ceramic pendants,50,HIGH,81
handmade charm necklace,50,HIGH,100
handmade clay jewellery,50,HIGH,100
handmade copper necklace,50,HIGH,99
handmade embroidery earrings,50,HIGH,100
handmade evil eye earrings,50,HIGH,100
handmade flower ring,50,MEDIUM,35
handmade heart earrings,50,HIGH,81
handmade japanese jewelry,50,HIGH,100
handmade jewellery making,50,HIGH,90
handmade jewelry bracelet,50,HIGH,86
handmade meteorite ring,50,HIGH,100
handmade silver rings for women,50,MEDIUM,59
handmade statement necklace,50,HIGH,100
handmade swarovski crystal bracelets,50,HIGH,72
handmade swarovski crystal jewelry,50,HIGH,89
handmade swarovski earrings,50,MEDIUM,65
handmade swarovski jewelry,50,MEDIUM,55
handmade vintage inspired jewelry,50,LOW,0
handmade wedding earrings,50,HIGH,100
handmade wooden bracelets,50,MEDIUM,62
homemade bead earrings,50,HIGH,97
homemade bracelets for guys,50,HIGH,90
homemade bracelets for men,50,HIGH,90
homemade jewellery making,50,HIGH,90
irish handcrafted jewellery,50,HIGH,100
james avery artisan jewelry james avery,50,LOW,7
james avery bracelets near me,50,HIGH,96
jewelry handmade jewelry,50,MEDIUM,60
jtv artisan collection of bali bracelets,50,HIGH,91
jtv artisan collection of ireland,50,HIGH,88
leather boho earrings,50,HIGH,95
mevecco bracelet,50,HIGH,97
modern silver anklets with stones,50,HIGH,100
natural stone handmade jewelry,50,HIGH,81
opal ring handmade,50,HIGH,98
ring stone name,50,HIGH,93
seashell clay earrings,50,HIGH,96
silver color jewellery,50,HIGH,100
silver handmade pendants,50,HIGH,100
swarovski handmade earrings,50,MEDIUM,65
tassel boho necklace,50,HIGH,100
tiffany blue heart tag bead bracelet,50,HIGH,93
turquoise bohemian earrings,50,HIGH,100
yellow garnet stone,50,HIGH,100
mothers necklace 5 stones,50,HIGH,100
bee earrings silver,50,HIGH,100
buy moissanite stone,50,HIGH,98
swarovski millenia ring,50,HIGH,99
engagement rings emerald green,50,HIGH,100
gucci crystal earrings,50,HIGH,100
best emerald engagement rings,50,HIGH,100
raw crystal engagement rings,50,HIGH,100
blue sapphire rings for sale,50,HIGH,94
7 birthstone necklace,50,HIGH,100
brilliant earth cocktail rings,50,MEDIUM,41
birthstone necklace for mom 5 stones,50,HIGH,100
lab made emerald ring,50,HIGH,100
custom engagement rings with birthstones,50,HIGH,100
bradford exchange birthstone rings,50,HIGH,100
grandmother ring 9 stones,50,HIGH,100
4 birthstone necklace for mom,50,HIGH,100
huggie hoops silver,50,HIGH,100
my moissanite,50,HIGH,69
rose gold birthstone bracelet,50,HIGH,100
hearts and arrows moissanite,50,HIGH,100
best birthstone jewelry for mom,50,HIGH,100
necklace with birth stones,50,HIGH,100
morganite promise ring,50,HIGH,100
women's necklace with birthstones,50,HIGH,100
swarovski infinity earrings,50,HIGH,100
swarovski birthstone pendant,50,HIGH,100
crystal huggie earrings,50,HIGH,100
pomellato sabbia ring,50,HIGH,100
september necklace,50,HIGH,100
july birthstone engagement rings,50,HIGH,94
genuine blue sapphire ring,50,HIGH,100
family birthstone bracelet for mom,50,HIGH,100
montana teal sapphire ring,50,HIGH,100
7 stone birthstone ring,50,HIGH,100
7 birthstone bracelet,50,HIGH,100
gucci sterling silver earrings,50,HIGH,100
best birthstone bracelets,50,HIGH,100
silver diamond eternity ring,50,HIGH,100
fendi silver earrings,50,HIGH,97
2 inch silver hoop earrings,50,HIGH,100
may birthstone engagement rings,50,HIGH,100
8 birthstone ring,50,HIGH,100
kohls birthstone necklace,50,HIGH,93
aries birthstone necklace,50,HIGH,100
2 carat morganite ring,50,HIGH,100
december necklace,50,HIGH,85
infinity bracelet with birthstones,50,HIGH,100
bracelet with 3 birthstones,50,HIGH,100
scorpio birthstone necklace,50,HIGH,92
swarovski mesmera ring,50,HIGH,100
swarovski letter necklace,50,HIGH,100
silver wedding bands his and hers,50,HIGH,100
small silver huggie hoop earrings,50,HIGH,100
moissanite lab diamond,50,HIGH,100
georg jensen silver earrings,50,HIGH,100
silver fendi earrings,50,HIGH,100
custom birthstone engagement rings,50,HIGH,100
capricorn birthstone necklace,50,HIGH,92
sterling silver name earrings,50,HIGH,95
silver hinged hoop earrings,50,HIGH,100
diamond birthstone bracelet,50,HIGH,100
silver bar stud earrings,50,HIGH,100
50mm silver hoop earrings,50,HIGH,100
birthstone choker necklace,50,HIGH,100
nap earrings silver,50,HIGH,100
april birthstone necklace for mom,50,HIGH,100
30mm silver hoop earrings,50,HIGH,100
moonstone huggie earrings,50,HIGH,100
small chunky silver hoop earrings,50,HIGH,100
claddagh necklace with birthstone,50,HIGH,100
morganite halo engagement ring,50,HIGH,88
gold bar necklace with birthstone,50,HIGH,100
40mm silver hoop earrings,50,HIGH,100
silver tube hoop earrings,50,HIGH,100
kay jewelers birthstone necklace for mom,50,HIGH,92
unique crystal engagement rings,50,HIGH,100
april necklace,50,HIGH,100
8 stone birthstone ring,50,HIGH,100
crystal necklace set,50,HIGH,100
sterling silver engagement rings with real diamonds,50,HIGH,100
birthstone bar necklace for mom,50,HIGH,100
stacking birthstone rings for mothers,50,HIGH,100
best statement earrings,50,MEDIUM,48
multiple birthstone earrings,50,HIGH,100
big crystal earrings,50,HIGH,100
authentic crystal bracelets,50,HIGH,100
aquamarine necklace swarovski,50,HIGH,100
ring with birth stones,50,HIGH,100
sterling silver bee earrings,50,HIGH,100
best place to buy birthstone jewelry,50,LOW,18
may birthstone necklace gold,50,HIGH,100
layered birthstone necklace,50,HIGH,100
sterling silver conch hoop,50,HIGH,100
real sterling silver hoop earrings,50,HIGH,100
evil eye earrings silver,50,HIGH,100
yellow citrine necklace,50,HIGH,100
alex and ani birthstone necklace,50,HIGH,100
heart shaped birthstone rings,50,HIGH,100
earrings for bride on wedding day,50,HIGH,100
silver crystal hoop earrings,50,HIGH,100
platinum birthstone ring,50,HIGH,100
20mm silver hoop earrings,50,HIGH,100
july necklace,50,HIGH,100
bracelet with initial and birthstone,50,HIGH,100
family birthstone,50,HIGH,100
shane co birthstone necklace,50,HIGH,98
black sapphire ring mens,50,HIGH,100
tourmaline rings for sale,50,HIGH,100
birthstone charm bracelet for grandma,50,HIGH,100
swarovski large hoop earrings,50,HIGH,100
14k gold name necklace with birthstone,50,HIGH,100
amethyst stud earrings silver,50,HIGH,100
real healing crystal necklace,50,HIGH,100
family birthstone jewelry for mom,50,HIGH,100
swarovski diamond stud earrings,50,HIGH,100
large crystal drop earrings,50,HIGH,100
crystal wedding earrings,50,HIGH,100
black tourmaline anklet,50,HIGH,100
neelam stone ring,50,HIGH,100
rose quartz choker,50,HIGH,100
simulated sapphire ring,50,MEDIUM,40
citrine earrings 14k gold,50,HIGH,100
rose gold crystal earrings,50,HIGH,100
silver cuff earrings for pierced ears,50,HIGH,100
natural crystal wedding rings,50,HIGH,96
faux diamond drop earrings,50,HIGH,100
emerald stud earrings silver,50,HIGH,100
solid sterling silver hoop earrings,50,HIGH,100
3 birthstone earrings,50,HIGH,100
leo birthstone jewelry,50,HIGH,79
good quality silver earrings,50,HIGH,100
maya brenner birthstone necklace,50,HIGH,89
sterling silver jump rings bulk,50,HIGH,100
aquarius birthstone jewelry,50,HIGH,100
swarovski dancing heart necklace,50,HIGH,91
citrine halo ring,50,HIGH,100
birthstone jewelry for dad,50,HIGH,100
minimalist birthstone necklace,50,HIGH,100
march necklace,50,HIGH,100
swarovski silver tennis bracelet,50,HIGH,100
pure sterling silver earrings,50,HIGH,100
sterling silver stitch earrings,50,HIGH,100
crystal nose stud,50,HIGH,97
silver drop hoop earrings,50,HIGH,100
jeulia s925,50,HIGH,88
kay jewelers silver hoop earrings,50,HIGH,98
genuine crystal bracelet,50,HIGH,100
october birthstone stud earrings,50,HIGH,100
swarovski yellow ring,50,HIGH,100
small silver huggie earrings,50,HIGH,100
kay jewelers citrine ring,50,HIGH,100
yellow topaz necklace gold,50,HIGH,100
best sterling silver rings,50,HIGH,98
orgonite crystal necklace,50,HIGH,100
birthstone stud earrings swarovski,50,HIGH,100
silver cross earrings studs,50,HIGH,100
london blue topaz cocktail ring,50,HIGH,100
little silver hoops,50,HIGH,100
may birthstone pendant,50,HIGH,100
birthstone chain,50,HIGH,100
sterling silver harry potter earrings,50,HIGH,100
emanuele bicocchi earring,50,HIGH,100
march birthstone pendant,50,HIGH,100
gold plated statement earrings,50,HIGH,100
mothers ring with 4 birthstones,50,HIGH,100
initial pendant with birthstone,50,HIGH,100
february birthstone necklace gold,50,HIGH,100
november birthstone stud earrings,50,HIGH,100
rose quartz gold bracelet,50,HIGH,91
simple silver stud earrings,50,HIGH,96
silver wedding ring sets for him and her,50,HIGH,100
baublebar huggie earrings,50,HIGH,100
ear cuff earrings silver,50,HIGH,100
pink tourmaline birthstone ring,50,HIGH,100
delicate silver rings,50,HIGH,100
butterfly birthstone ring,50,HIGH,100
cubic zirconia cocktail rings,50,HIGH,100
orange topaz engagement ring,50,HIGH,100
silver name earrings,50,HIGH,100
brighton birthstone necklace,50,HIGH,99
september birthstone necklace pandora,50,MEDIUM,59
tiny silver earrings,50,HIGH,100
black crystal hoop earrings,50,HIGH,100
3 carat moissanite price,50,HIGH,98
thin silver nose ring,50,HIGH,98
cornflower ceylon sapphire rings,50,HIGH,100
12mm silver hoop earrings,50,HIGH,100
cool sterling silver rings,50,HIGH,100
champagne morganite,50,HIGH,100
july birthstone necklace gold,50,HIGH,100
black crystal pendant,50,HIGH,100
december birthstone necklace silver,50,HIGH,100
real citrine earrings,50,HIGH,100
silver fashion earrings,50,HIGH,99
baublebar valentines earrings,50,HIGH,100
oversized silver hoop earrings,50,HIGH,100
silver heart hoops,50,HIGH,100
emerald birthstone ring gold,50,HIGH,100
14k gold cocktail ring,50,HIGH,97
designer cocktail rings,50,HIGH,93
aqua stone ring,50,HIGH,100
pandora crystal bracelet,50,HIGH,100
pandora heart necklace and earring set,50,HIGH,100
blue topaz for sale,50,HIGH,100
december birthstone cross necklace,50,HIGH,90
birthstone promise rings for couples,50,HIGH,100
14k rose gold morganite ring,50,HIGH,90
simple silver hoops,50,HIGH,100
claddagh ring december birthstone,50,HIGH,100
swarovski circle earrings,50,HIGH,100
january birthstone pendant,50,HIGH,100
onyx cocktail ring,50,HIGH,100
natural gemstones wholesale,50,HIGH,100
blue topaz set,50,HIGH,97
real topaz ring,50,HIGH,100
thick silver band ring womens,50,HIGH,100
silver and gold huggie earrings,50,HIGH,100
topaz birthstone earrings,50,HIGH,96
aquamarine birthstone ring gold,50,HIGH,100
sapphire statement earrings,50,HIGH,93
swarovski sunflower necklace,50,HIGH,100
rainbow crystal earrings,50,HIGH,100
flower birthstone necklace,50,HIGH,100
yellow gold birthstone necklace,50,MEDIUM,52
november earrings,50,HIGH,100
citrine stone earrings,50,HIGH,100
natural crystal necklace,50,HIGH,100
little silver hoop earrings,50,HIGH,90
square crystal earrings,50,HIGH,100
flat back silver stud earrings,50,HIGH,100
mens necklace with birthstone,50,HIGH,100
moonstone birthstone ring,50,HIGH,100
sterling silver stacking earrings,50,HIGH,100
turquoise crystal bracelet,50,HIGH,100
swarovski hanging earrings,50,HIGH,70
swarovski round earrings,50,HIGH,100
pink silver earrings,50,HIGH,100
pandora september birthstone earrings,50,LOW,28
925 sterling silver hug ring,50,HIGH,89
september bracelet,50,HIGH,67
textured silver hoop earrings,50,HIGH,100
4mm silicone ring,50,HIGH,100
sterling silver earrings set of 3,50,HIGH,100
pyrite crystal necklace,50,HIGH,99
hanging earrings silver,50,HIGH,100
tiffany single earring,50,HIGH,100
pure silver nose ring,50,HIGH,100
jtv peridot rings,50,HIGH,94
silver and green ring,50,HIGH,100
18k gold amethyst ring,50,HIGH,96
swarovski amethyst necklace,50,HIGH,100
single birthstone rings,50,HIGH,100
silver evil eye earrings,50,HIGH,97
butterfly stud earrings silver,50,HIGH,100
june birthstone ring gold,50,HIGH,100
large aquamarine cocktail ring,50,HIGH,100
cheap birthstone necklace,50,HIGH,100
crystal diamond necklace,50,HIGH,99
swarovski station necklace,50,HIGH,100
real silver diamond earrings,50,HIGH,100
yellow topaz birthstone ring,50,HIGH,100
star statement earrings,50,HIGH,100
designer sterling silver earrings,50,HIGH,100
red cocktail ring,50,HIGH,98
moonstone cocktail ring,50,HIGH,100
30mm sterling silver hoop earrings,50,HIGH,100
chain link earrings silver,50,HIGH,100
silver signet,50,HIGH,99
july birthstone ring gold,50,HIGH,100
energy crystal necklace,50,HIGH,94
swarovski birthstone ring,50,HIGH,100
sunflower necklace swarovski,50,HIGH,100
breastmilk birthstone ring,50,HIGH,100
mens gold statement rings,50,HIGH,98
blue cubic zirconia earrings,50,HIGH,100
100 silver earrings,50,HIGH,100
swarovski crystal hoops,50,HIGH,100
emerald cut birthstone rings,50,HIGH,100
silver cluster earrings,50,HIGH,100
aquamarine crystal pendant,50,HIGH,100
black onyx cocktail ring,50,HIGH,98
august birthstone gold ring,50,HIGH,100
blue crystal pendant,50,HIGH,100
swarovski blue stud earrings,50,HIGH,100
birthstone choker,50,HIGH,100
silver hexagon earrings,50,HIGH,100
green birthstone ring,50,HIGH,100
swarovski dulcis cocktail ring,50,HIGH,100
swarovski black tennis bracelet,50,HIGH,100
mens opal rings for sale,50,HIGH,100
swarovski crystal anklet,50,HIGH,100
hot pink crystal earrings,50,HIGH,93
august gemstone ring,50,HIGH,97
tory burch silver hoop earrings,50,HIGH,100
zircon birthstone ring,50,HIGH,100
butterfly statement earrings,50,HIGH,100
february birthstone charm,50,HIGH,98
most expensive emerald ring,50,HIGH,98
black topaz ring,50,HIGH,100
dainty earrings silver,50,HIGH,100
sterling silver earrings flat back,50,HIGH,100
inspired silver rings,50,HIGH,92
sterling silver everyday earrings,50,HIGH,100
celestial earrings silver,50,HIGH,100
blue topaz pendant white gold,50,HIGH,100
crystal tassel earrings,50,HIGH,79
swarovski backdrop necklace,50,HIGH,99
anchor earrings silver,50,HIGH,100
blue zircon birthstone ring,50,HIGH,100
teddy bear necklace swarovski,50,HIGH,96
swarovski statement ring,50,HIGH,92
gemini birthstone jewelry,50,HIGH,99
14k gold birthstone earrings,50,HIGH,100
amber stone earrings,50,HIGH,100
jtv citrine rings,50,HIGH,100
statement wedding bands,50,HIGH,100
swarovski chunky necklace,50,HIGH,95
swarovski skull necklace,50,HIGH,100
best gemstones for everyday wear,50,HIGH,86
black obsidian crystal bracelet,50,HIGH,100
silver rope earrings,50,HIGH,100
silver ring with opal stone,50,HIGH,100
etsy statement earrings,50,HIGH,100
spiritual crystal necklace,50,HIGH,100
ruby birthstone ring gold,50,HIGH,100
cheap statement earrings,50,HIGH,96
swarovski blue drop earrings,50,HIGH,100
silver celestial earrings,50,HIGH,100
silver opal stud earrings,50,HIGH,100
small crystal pendant,50,HIGH,100
celestite crystal necklace,50,HIGH,89
silver ysl earrings,50,HIGH,100
blue crystal stud earrings,50,HIGH,100
amazon birthstone earrings,50,HIGH,100
post earrings silver,50,HIGH,100
swarovski cat necklace,50,HIGH,100
silver glitter earrings,50,HIGH,100
sterling silver tassel earrings,50,HIGH,100
silver sparkly hoops,50,HIGH,100
lavender stone ring,50,HIGH,100
purple crystal ring,50,HIGH,100
rose quartz hoop earrings,50,HIGH,100
birthstone rings for teens,50,HIGH,100
real quartz crystal necklace,50,HIGH,100
silver mushroom earrings,50,HIGH,95
cartier cocktail ring,50,HIGH,100
bohemian silver rings,50,HIGH,100
pandora september birthstone necklace,50,MEDIUM,59
swarovski turtle necklace,50,HIGH,100
dark blue stone earrings,50,HIGH,100
swarovski crystal heart pendant,50,HIGH,100
fashion statement earrings,50,HIGH,100
dainty stackable birthstone rings,50,HIGH,100
dainty citrine ring,50,HIGH,100
moissanite statement rings,50,HIGH,100
14k gold citrine earrings,50,HIGH,100
swarovski star ring,50,HIGH,100
mismatched silver earrings,50,HIGH,99
sterling silver heart drop earrings,50,HIGH,89
jcpenney cocktail rings,50,HIGH,78
onyx statement ring,50,HIGH,100
silver hoops big,50,HIGH,100
hyperbola ring swarovski,50,HIGH,100
raw crystals for jewelry making,50,HIGH,100
aventurine engagement ring,50,HIGH,100
simple stud earrings silver,50,HIGH,96
sluynz earrings,50,HIGH,72
blue opal earrings silver,50,HIGH,100
titanium silver hoop earrings,50,HIGH,100
crystal costume jewelry,50,HIGH,100
sterling silver earrings studs for sensitive ears,50,HIGH,100
etsy silver hoops,50,HIGH,100
turquoise crystal earrings,50,HIGH,100
crystal ball bracelet,50,HIGH,95
auralite 23 bracelet,50,HIGH,100
sterling rings for sale,50,HIGH,100
silver sleeper,50,HIGH,84
silver pave earrings,50,HIGH,100
breastmilk jewelry with birthstones,50,HIGH,100
crystal flower drop earrings,50,HIGH,100
medium thick silver hoop earrings,50,HIGH,100
0.5 carat sapphire price,50,HIGH,90
best statement rings,50,MEDIUM,44
black tourmaline necklace protection,50,HIGH,100
swarovski tennis bracelet men,50,HIGH,100
sterling silver dangle hoop earrings,50,HIGH,100
purple birthstone ring,50,HIGH,100
red crystal jewelry,50,HIGH,100
crystal cross earrings,50,HIGH,100
silver ball nose stud,50,HIGH,100
amazon birthstone jewelry,50,HIGH,87
navy crystal earrings,50,HIGH,100
swarovski earrings blue stone,50,HIGH,100
swarovski crystal ball earrings,50,HIGH,100
citrine earrings tiffany,50,HIGH,100
swarovski heart stud earrings,50,HIGH,100
bling earrings for wedding,50,HIGH,100
opal gemstone birthstone,50,HIGH,93
crystal amulet necklace,50,HIGH,93
november birthstone earrings pandora,50,MEDIUM,38
swarovski baron necklace,50,HIGH,100
birthstone nose rings,50,HIGH,97
sterling silver crystal pendant,50,MEDIUM,65
jtv amethyst earrings,50,HIGH,100
evil eye silver earrings,50,HIGH,100
emerald diamond price,50,HIGH,73
dark green stone ring,50,HIGH,89
green crystal pendant,50,HIGH,100
pandora birthstone ring old style,50,HIGH,95
swarovski snowflake pendant,50,HIGH,100
four leaf clover earrings designer,50,HIGH,100
eye earrings studs,50,HIGH,100
gold august birthstone rings,50,HIGH,100
silver diamond nose ring,50,HIGH,96
thin sterling silver hoops,50,HIGH,100
green aventurine crystal necklace,50,HIGH,97
small crystal drop earrings,50,HIGH,100
orgonite crystal pendant,50,HIGH,82
labradorite crystal ring,50,HIGH,100
3 carat emerald price,50,HIGH,95
classic silver earrings,50,HIGH,100
apophyllite bracelet,50,HIGH,100
diana blue sapphire ring,50,HIGH,100
silver earrings statement,50,HIGH,100
rose quartz healing bracelet,50,HIGH,74
january birthstone wedding rings,50,HIGH,100
uncut emerald ring,50,HIGH,100
large rhinestones for crafts,50,HIGH,100
affordable statement earrings,50,HIGH,96
dolphin earrings silver,50,HIGH,100
best hotfix rhinestones,50,HIGH,100
hoop earrings with crystal dangles,50,HIGH,98
bee silver earrings,50,HIGH,100
pure rose quartz necklace,50,LOW,33
hello june jewelry,50,HIGH,100
mini birthstone rings for necklace,50,HIGH,79
women rose quartz ring,50,HIGH,100
swarovski blue stone necklace,50,HIGH,98
black crystal chandelier earrings,50,HIGH,95
czech glass teardrop beads,50,HIGH,100
kohl's sterling silver hoop earrings,50,HIGH,87
black aqeeq ring,50,HIGH,100
sapphire rhinestones,50,HIGH,100
swarovski rose gold heart necklace,50,HIGH,100
blue topaz stone ring,50,HIGH,100
square drop earrings silver,50,HIGH,93
spinel birthstone ring,50,HIGH,100
set of 3 earrings sterling silver,50,HIGH,100
925 silver earrings with diamonds,50,HIGH,100
healing crystal necklace for anxiety,50,LOW,5
genuine swarovski brooches,50,HIGH,97
apatite crystal bracelet,50,HIGH,98
edwardian opal ring,50,HIGH,100
925 stud earrings,50,HIGH,100
natural stone bracelets healing,50,HIGH,100
tiffany t square ring silver,50,HIGH,100
two tone gold and silver earrings,50,HIGH,100
august stone ring,50,HIGH,97
women rose quartz necklace,50,HIGH,100
clear quartz pendant necklace,50,HIGH,92
swarovski knot bracelet,50,HIGH,96
silver earrings with black stone,50,HIGH,100
opalite jewellery,50,MEDIUM,41
silver rose stud earrings,50,HIGH,100
teal stone necklace,50,HIGH,99
black rutilated quartz necklace,50,HIGH,100
celestite pendant,50,HIGH,100
smoky quartz rose gold ring,50,HIGH,99
black crystal necklace mens,50,HIGH,100
aries birthstone jewelry,50,HIGH,96
pisces birthstone earrings,50,HIGH,98
cubic zirconia sterling silver earrings price,50,HIGH,100
miu miu crystal necklace,50,HIGH,68
swarovski dog necklace,50,HIGH,97
12mm hoop earrings silver,50,HIGH,100
crystal hair jewelry,50,HIGH,100
crystal rosary necklace,50,HIGH,100
sterling silver heart shaped earrings,50,HIGH,88
bismuth engagement ring,50,HIGH,100
women's dinner rings,50,HIGH,100
statement opal rings for women,50,HIGH,100
swarovski red ring,50,HIGH,100
small rhinestones for crafts,50,HIGH,92
butterfly cocktail ring,50,HIGH,100
guardian angel birthstone necklace,50,HIGH,100
bloodstone birthstone jewelry,50,HIGH,100
black opal stone ring,50,HIGH,100
silver angel earrings,50,HIGH,82
swarovski heart bracelet rose gold,50,HIGH,96
citrine bee ring,50,HIGH,96
february bracelet,50,HIGH,100
8mm sterling silver hoop earrings,50,HIGH,100
swarovski chunky ring,50,HIGH,92
chanel crystal necklace,50,HIGH,99
statement jewelry earrings,50,HIGH,100
statement cross earrings,50,HIGH,86
glass rhinestones near me,50,HIGH,100
ebay earrings silver,50,HIGH,98
price of blue sapphire per carat,50,HIGH,100
citrine for men,50,HIGH,100
pandora birthstone necklace september,50,MEDIUM,59
lucky brand silver hoop earrings,50,HIGH,100
silver stud drop earrings,50,HIGH,100
925 sterling silver studs,50,HIGH,100
sterling silver triangle earrings,50,HIGH,97
zodiac crystal bracelet,50,HIGH,100
heart hoops silver,50,HIGH,100
sterling silver flat hoop earrings,50,HIGH,100
pandora december ring,50,HIGH,92
birthstone nose studs,50,HIGH,97
rose quartz pendulum necklace,50,MEDIUM,52
twirl earring,50,HIGH,100
statement turquoise rings for women,50,HIGH,100
swarovski cherry necklace,50,HIGH,95
hexagonal crystal necklace,50,HIGH,92
lemurian seed crystal necklace,50,HIGH,69
silver dangle earrings amazon,50,HIGH,95
jade cocktail ring,50,HIGH,100
statement star earrings,50,HIGH,100
etsy crystal rings,50,HIGH,100
black aqeeq stone,50,HIGH,100
black kyanite ring,50,HIGH,95
jcpenney citrine rings,50,HIGH,98
hello kitty crystal necklace,50,HIGH,100
replacement rhinestones,50,HIGH,85
crystal flower ring,50,HIGH,97
silver dangle star earrings,50,HIGH,100
silver women hoop earrings,50,HIGH,100
silver forest christmas earrings,50,HIGH,86
swarovski crystal ball necklace,50,HIGH,100
ghungroo earrings,50,HIGH,100
silver crystal pendant,50,MEDIUM,62
planchette earrings,50,HIGH,100
real black tourmaline ring,50,HIGH,100
silver split rings,50,HIGH,100
green diamond stone,50,HIGH,98
s925 ale 58 ring price,50,HIGH,96
raw clear quartz necklace,50,HIGH,75
wire wrapping crystals for beginners,50,HIGH,81
swarovski butterfly pendant,50,HIGH,100
rose quartz chip beads,50,HIGH,98
silver moon hoop earrings,50,HIGH,100
pearl stone earrings,50,HIGH,100
biron emerald,50,HIGH,70
gemstone cage necklace,50,HIGH,100
pandora birthstone earrings november,50,MEDIUM,38
red statement ring,50,HIGH,85
hexagon earrings silver,50,HIGH,100
star ruby price per carat,50,HIGH,99
necklace that holds crystals,50,HIGH,100
silver mismatched earrings,50,HIGH,99
cheap statement rings,50,HIGH,100
tiger eye stone pendant,50,HIGH,100
moissanite birthstone,50,HIGH,100
glowing crystal necklace,50,HIGH,100
crescent moon crystal necklace,50,HIGH,86
designer cocktail rings diamond,50,HIGH,100
jasper crystal bracelet,50,HIGH,81
silver earrings with pink stones,50,HIGH,100
a crystal necklace,50,HIGH,88
grey crystal bracelet,50,HIGH,99
swarovski bracelet magnetic,50,HIGH,100
92.5 sterling silver earrings,50,HIGH,71
angel aura ring,50,HIGH,100
swarovski crystal flower necklace,50,HIGH,93
larimar crystal bracelet,50,HIGH,100
crystal butterfly bracelet,50,HIGH,100
amber studs,50,HIGH,84
september ring stone,50,HIGH,100
silver long earrings for women,50,HIGH,100
crystal cube necklace,50,HIGH,100
etsy rhinestones,50,HIGH,100
rainbow fluorite pendant,50,HIGH,100
aura quartz bracelet,50,HIGH,100
amazon silver dangle earrings,50,HIGH,95
sterling silver november birthstone rings,50,HIGH,100
lemurian seed crystal pendant,50,MEDIUM,58
vintage citrine and diamond ring,50,HIGH,98
claire's silver hoops,50,HIGH,100
silver square drop earrings,50,HIGH,93
925 pearl earrings,50,HIGH,100
sapphire fashion rings,50,HIGH,100
statement pinky ring,50,HIGH,100
spiritual engagement rings,50,HIGH,97
moonstone bridal set,50,HIGH,100
genuine moonstone necklace,50,HIGH,100
ross simons turquoise earrings,50,HIGH,100
citrine birthstone bracelet,50,HIGH,100
men's spiritual jewelry,50,HIGH,100
quality turquoise jewelry,50,HIGH,100
jtv turquoise bracelets,50,HIGH,100
real turquoise jewelry for sale,50,HIGH,100
jtv southwest jewelry,50,HIGH,84
jtv turquoise earrings,50,HIGH,99
citrine jewelry near me,50,HIGH,100
effy turquoise bracelet,50,HIGH,100
turquoise network rings,50,HIGH,100
mejuri turquoise,50,HIGH,100
925 sterling silver wedding sets,50,HIGH,100
women's citrine necklace,50,HIGH,100
authentic moonstone ring,50,HIGH,100
turquoise appraisal,50,LOW,33
vca turquoise necklace,50,HIGH,100
women's turquoise pendant,50,HIGH,100
dainty moonstone ring,50,HIGH,100
powerful spiritual jewelry,50,HIGH,100
rose gold turquoise necklace,50,HIGH,100
mens wedding ring with turquoise,50,HIGH,100
citrine bee necklace,50,HIGH,86
david yurman black bead bracelet,50,HIGH,100
lizzie fortunato turquoise necklace,50,HIGH,100
black onyx and tiger eye bracelet,50,HIGH,100
authentic tiger eye bracelet,50,HIGH,100
luxury turquoise jewelry,50,HIGH,100
selling turquoise jewelry,50,MEDIUM,58
kohls turquoise jewelry,50,HIGH,90
moonstone butterfly necklace,50,HIGH,100
turquoise appraisal near me,50,MEDIUM,45
mens turquoise pinky ring,50,HIGH,100
14k moonstone ring,50,HIGH,100
expensive turquoise jewelry,50,HIGH,100
citrine bangle bracelet,50,HIGH,100
adjustable moonstone ring,50,HIGH,100
rose gold and turquoise necklace,50,HIGH,100
mens tiger eye wedding band,50,HIGH,100
indigenous turquoise jewelry,50,HIGH,100
pear shaped moonstone ring,50,HIGH,100
14k gold tiger eye mens ring,50,HIGH,97
moonstone moon ring,50,HIGH,100
men's turquoise rings for sale,50,HIGH,93
turquoise clover bracelet,50,HIGH,100
turquoise helix earring,50,HIGH,100
women's moonstone bracelet,50,HIGH,100
turquoise ear plugs,50,HIGH,100
turquoise jewelry for sale near me,50,HIGH,100
turquoise van cleef earrings,50,HIGH,100
unique moonstone engagement rings,50,HIGH,100
moonstone alexandrite engagement ring,50,HIGH,67
citrine choker necklace,50,HIGH,100
rainbow moonstone stud earrings,50,HIGH,95
moonstone halo ring,50,HIGH,100
kendra scott necklace november birthstone,50,HIGH,100
stainless steel turquoise ring,50,HIGH,100
moonstone and sapphire necklace,50,HIGH,100
moonstone necklace near me,50,HIGH,100
turquoise solitaire ring,50,HIGH,100
white gold moonstone earrings,50,HIGH,100
14k turquoise ring,50,HIGH,98
moonstone pinky ring,50,HIGH,100
real turquoise engagement rings,50,HIGH,100
yellow gold and turquoise jewelry,50,HIGH,100
oyster copper turquoise ring,50,HIGH,100
moonstone crescent moon necklace,50,HIGH,100
tiger bracelet gold,50,HIGH,100
tiger signet ring,50,HIGH,100
citrine chain,50,HIGH,100
van cleef bracelet tiger eye,50,HIGH,100
barse turquoise jewelry,50,HIGH,98
southwest turquoise earrings,50,HIGH,100
spiritual protection rings,50,HIGH,100
white buffalo turquoise squash blossom necklace,50,HIGH,100
turquoise band engagement ring,50,HIGH,100
turquoise and moissanite ring,50,HIGH,100
effy 925,50,HIGH,91
john hardy turquoise necklace,50,HIGH,100
moonstone adjustable ring,50,HIGH,100
moonstone drop necklace,50,HIGH,95
moonstone chain,50,HIGH,100
solid gold turquoise ring,50,HIGH,100
citrine leverback earrings,50,HIGH,100
s925 ring with diamonds price,50,HIGH,100
high quality moonstone jewelry,50,HIGH,100
aquamarine and turquoise ring,50,HIGH,100
moonstone bracelet amazon,50,LOW,29
oyster turquoise jewelry,50,HIGH,100
turquoise halo ring,50,HIGH,100
david yurman citrine cable bracelet,50,HIGH,97
horseshoe turquoise necklace,50,HIGH,100
women november birthstone necklace,50,HIGH,100
gold and turquoise cuff bracelet,50,HIGH,100
raw moonstone earrings,50,HIGH,100
citrine drop necklace,50,HIGH,100
moonstone engagement ring silver,50,HIGH,100
moonstone infinity ring,50,HIGH,100
psychic jewelry,50,HIGH,77
citrine bracelet yellow gold,50,LOW,31
pearl turquoise earrings,50,HIGH,100
citrine and amethyst earrings,50,HIGH,100
buy turquoise stone,50,HIGH,100
turquoise necklace set,50,HIGH,99
turquoise beaded choker necklace,50,HIGH,84
turquoise fringe earrings,50,HIGH,100
yellow gold citrine bracelet,50,LOW,31
women's carnelian ring,50,HIGH,100
silver 925 stud earrings,50,HIGH,100
moissanite and turquoise ring,50,HIGH,100
turkish turquoise jewelry,50,HIGH,100
spiny oyster turquoise earrings,50,HIGH,100
14k gold tiger eye ring,50,HIGH,100
van cleef necklace tiger eye,50,HIGH,100
turquoise and yellow gold jewelry,50,HIGH,100
jtv sleeping beauty earrings,50,HIGH,100
genuine turquoise stone,50,HIGH,100
kendra scott turquoise necklace silver,50,HIGH,100
turquoise initial pendant,50,HIGH,100
amethyst and turquoise jewelry,50,HIGH,80
turquoise hamsa necklace,50,HIGH,100
raw turquoise earrings,50,HIGH,100
white gold ring with turquoise stone,50,HIGH,100
turquoise color necklace,50,HIGH,100
apache turquoise jewelry,50,HIGH,100
moonstone and pearl jewelry,50,HIGH,100
native american turquoise jewelry for sale,50,HIGH,96
3 strand turquoise necklace,50,HIGH,100
925 skull ring,50,HIGH,100
silver turquoise wedding ring,50,HIGH,100
heart shaped moonstone ring,50,HIGH,100
turquoise jewelry pendants,50,HIGH,100
vintage gold moonstone ring,50,HIGH,83
turquoise evil eye ring,50,HIGH,100
pandora november birthstone earrings,50,MEDIUM,38
round turquoise pendant,50,HIGH,100
solid 925 sterling silver rings,50,HIGH,100
vintage turquoise jewelry near me,50,HIGH,100
delicate turquoise ring,50,HIGH,100
modern turquoise earrings,50,HIGH,100
turquoise naja pendant,50,HIGH,100
hematite obsidian and tiger eye bracelet,50,HIGH,100
drop & linear turquoise earrings,50,HIGH,95
montana turquoise,50,HIGH,100
amethyst and citrine earrings,50,HIGH,100
red turquoise bracelet,50,HIGH,100
art deco turquoise ring,50,HIGH,95
pear shaped turquoise ring,50,HIGH,100
turquoise key ring,50,HIGH,90
turquoise stone drop earrings,50,HIGH,100
925 emerald ring,50,HIGH,100
opal moonstone jewelry,50,HIGH,95
tiger eye chakra bracelet,50,HIGH,98
moonstone ring 14k,50,HIGH,100
925 sterling silver band,50,HIGH,100
moonstone flower ring,50,HIGH,100
turquoise resin earrings,50,HIGH,68
turquoise pieces,50,HIGH,100
silver and turquoise squash blossom necklace,50,HIGH,100
turquoise skull necklace,50,HIGH,87
vintage 925 silver rings,50,HIGH,100
turquoise stone gold necklace,50,HIGH,100
turquoise stone wholesale,50,HIGH,100
3 stone turquoise necklace,50,HIGH,100
925 gsk ring,50,LOW,25
925 krn ring,50,HIGH,100
925 opal ring,50,HIGH,100
925 silver biker rings,50,HIGH,100
925 silver diamond mens ring,50,HIGH,100
925 silver ring with yellow stone,50,HIGH,88
925 sterling silver pearl ring,50,HIGH,100
925 turquoise,50,HIGH,96
adornia moonstone necklace,50,HIGH,76
alexis bittar turquoise earrings,50,HIGH,91
amazon moonstone earrings,50,HIGH,96
amethyst citrine earrings,50,HIGH,100
ancient egyptian turquoise jewelry,50,MEDIUM,59
antique 925 silver rings,50,HIGH,100
art nouveau moonstone jewelry,50,HIGH,96
band 925 sterling silver,50,HIGH,100
bellas moon ring,50,MEDIUM,36
bezel set turquoise ring,50,HIGH,97
blue november birthstone,50,HIGH,77
calico turquoise,50,MEDIUM,60
carico turquoise,50,HIGH,100
carnelian ring womens,50,HIGH,100
cartier turquoise ring,50,HIGH,100
cc 925 ring,50,HIGH,70
chimney butte ring,50,HIGH,94
china mountain turquoise,50,MEDIUM,66
chrome hearts ring 925,50,HIGH,100
chunky turquoise bead necklace,50,HIGH,100
citrine bracelet amazon,50,HIGH,89
citrine halo engagement ring,50,HIGH,100
citrine pendant yellow gold,50,HIGH,100
david yurman cable bracelet citrine,50,HIGH,97
david yurman mens bead necklace,50,HIGH,93
dyed turquoise,50,MEDIUM,62
ebay 925 sterling silver rings,50,HIGH,100
effie c zuni ring,50,HIGH,100
emerald 925 ring,50,HIGH,100
faceted moonstone necklace,50,HIGH,100
georg jensen citrine ring,50,HIGH,88
georg jensen moonstone necklace,50,MEDIUM,64
gold bracelet tiger,50,HIGH,100
gold carnelian bracelet,50,HIGH,100
gold ring with turquoise inlay,50,HIGH,100
hawk eye bracelet,50,HIGH,100
labradorite moonstone ring,50,HIGH,100
lapis and turquoise earrings,50,HIGH,100
leather and turquoise earrings,50,HIGH,100
lone mountain turquoise jewelry,50,HIGH,100
luna norte moon necklace,50,HIGH,82
madeira citrine gemstone,50,HIGH,75
mens spiritual jewelry,50,HIGH,100
modern squash blossom necklace,50,HIGH,93
mood ring turquoise,50,HIGH,71
moon moonstone ring,50,HIGH,100
moonstone and diamond pendant,50,HIGH,91
moonstone and turquoise engagement ring,50,HIGH,100
moonstone class ring,50,LOW,24
moonstone leaf ring,50,HIGH,100
moonstone leather necklace,50,MEDIUM,41
moonstone ring design for men,50,MEDIUM,57
mountain turquoise,50,HIGH,88
natural moonstone jewelry,50,HIGH,100
navajo heishi necklace,50,HIGH,100
navajo squash blossom pendant,50,MEDIUM,49
nvc 925 ring,50,MEDIUM,51
opal and moonstone jewelry,50,HIGH,95
opal ring 925,50,HIGH,100
orange carnelian necklace,50,HIGH,96
pale blue turquoise,50,MEDIUM,57
paparazzi pink moonstone bracelet,50,LOW,32
paparazzi pink moonstone ring,50,LOW,17
pink moonstone ring paparazzi,50,LOW,18
pura vida moonstone bracelet,50,HIGH,100
pura vida turquoise necklace,50,HIGH,88
pz israel 925,50,LOW,12
quoc turquoise,50,HIGH,91
rainbow moon ring,50,HIGH,68
rainbow moonstone silver ring,50,HIGH,100
raw turquoise bracelet,50,HIGH,99
raw turquoise engagement ring,50,HIGH,100
royston turquoise stone,50,HIGH,89
russian turquoise,50,LOW,18
s925 sterling silver ring,50,HIGH,100
silver and turquoise choker,50,HIGH,99
silver earrings with turquoise stones,50,HIGH,89
silver turquoise squash blossom necklace,50,HIGH,100
skull ring 925,50,HIGH,100
sleeping beauty turquoise gold ring,50,HIGH,100
solid moonstone band ring,50,LOW,6
solid moonstone ring,50,HIGH,100
spiritual protection pendants,50,LOW,13
spiritual stone rings,50,MEDIUM,49
squash blossom necklace authentic,50,HIGH,100
sterling silver tiger eye earrings,50,LOW,30
sterling silver tiger eye pendant,50,HIGH,97
sunstone moonstone bracelet,50,HIGH,91
the november birthstone,50,MEDIUM,62
three strand turquoise necklace,50,HIGH,100
tibetan turquoise bracelet,50,HIGH,88
tiger eye and diamond ring,50,HIGH,76
tiger eye band ring,50,HIGH,100
tiger eye diamond ring,50,HIGH,76
tiger eye heart necklace,50,HIGH,100
tiger eye necklace for women,50,HIGH,100
tiger ring stone,50,HIGH,100
tiger ring women,50,HIGH,100
tiger stone pendant,50,MEDIUM,61
treated turquoise,50,MEDIUM,50
turquoise and salt,50,LOW,32
turquoise beaded necklace multi strand,50,HIGH,100
turquoise body chain,50,HIGH,100
turquoise chakra bracelet,50,MEDIUM,56
turquoise coin necklace,50,HIGH,100
turquoise colour necklace,50,HIGH,100
turquoise expensive,50,HIGH,99
turquoise in navajo,50,LOW,0
turquoise leather earrings,50,HIGH,99
turquoise nipple jewelry,50,HIGH,100
turquoise peace sign necklace,50,HIGH,100
turquoise polymer clay earrings,50,HIGH,82
turquoise quality,50,HIGH,89
turquoise rock ring,50,HIGH,88
turquoise seed bead earrings,50,HIGH,94
turquoise shell earrings,50,HIGH,100
turquoise stone bangle,50,HIGH,99
turquoise stone near me,50,HIGH,100
turquoise wedding jewelry set,50,HIGH,100
unique engagement rings moonstone,50,HIGH,100
van cleef alhambra tiger eye bracelet,50,HIGH,98
vintage alhambra pendant yellow gold carnelian,50,HIGH,100
vintage large turquoise ring,50,HIGH,100
vintage navajo silver cuff bracelet,50,HIGH,99
vintage silver and turquoise jewelry,50,HIGH,100
vintage zuni turquoise rings,50,HIGH,100
women carnelian ring,50,HIGH,100
women real turquoise ring,50,HIGH,100
women turquoise stud earrings,50,HIGH,100
yasu turquoise,50,LOW,5
yellow gold citrine pendant,50,HIGH,100
yellow gold turquoise necklace,50,HIGH,100
yellow moonstone earrings paparazzi,50,LOW,7
yungai turquoise,50,MEDIUM,36
zuni cross pendant,50,HIGH,100
heart tag bead bracelet,40,HIGH,100
fendi bracelet silver,40,HIGH,97
gucci earrings heart,40,HIGH,100
hug ring sterling silver,40,HIGH,100
tiny silver stud earrings,40,HIGH,100
silver jewlerry,40,HIGH,100
antique emerald ring for sale,40,HIGH,100
handmade silver jewerly,40,HIGH,100
heart gucci necklace,40,HIGH,99
mens heavy sterling silver bracelets,40,HIGH,100
handmade unique wedding rings,40,HIGH,68
artisan collection of bali,40,HIGH,100
stone necklace set,40,HIGH,87
semi precious beads wholesale,40,HIGH,86
the silver collection,40,LOW,30
buy silver jewerly,40,HIGH,100
gem stone shop near me,40,HIGH,91
chakra bracelet real stones,40,HIGH,100
gemstone jewelry online,40,HIGH,100
silver earring sets for multiple piercings,40,HIGH,100
stone jewellery set,40,HIGH,89
chanel earrings cc silver,40,HIGH,100
emerald stone pendant,40,HIGH,100
pure silver stud earrings,40,HIGH,100
bohemian jewelry wholesale,40,HIGH,100
silver anklet design,40,HIGH,100
silver evil eye anklet,40,HIGH,100
silver choker set,40,HIGH,100
gemstone buyers online,40,MEDIUM,54
hippy rings,40,HIGH,100
bali jewelry online shop,40,HIGH,100
yellow sapphire stone ring,40,HIGH,100
silver chain for men price,40,HIGH,95
custom beaded bracelets bulk,40,HIGH,100
pandora me snake chain bracelet,40,HIGH,100
emerald necklace price,40,HIGH,100
december birthstone sapphire,40,HIGH,100
raw stone earrings,40,HIGH,100
tourmaline crystal bracelet,40,HIGH,100
aventurine crystal necklace,40,HIGH,95
silver ring designs for female,40,HIGH,100
opal stone pendant,40,HIGH,90
silver choker necklace set,40,HIGH,100
bohemian fine jewelry,40,HIGH,100
bohemian gold jewelry,40,HIGH,100
opal ring designs,40,HIGH,100
silver ring design for women,40,HIGH,100
gold boho bracelets,40,HIGH,100
rose quartz stone ring,40,HIGH,100
boho fine jewelry,40,HIGH,100
cuff silver bracelet for men,40,HIGH,100
anju handcrafted jewelry,40,HIGH,100
silver bracelet design,40,HIGH,100
silver chandbali earrings,40,HIGH,96
hand made ring,40,HIGH,100
name silver chain,40,HIGH,95
boho stackable rings,40,HIGH,100
92.5 silver ring,40,HIGH,97
plain silver ring for male,40,HIGH,100
jewelry made in bali,40,HIGH,100
bohemian rings sterling silver,40,HIGH,100
mens bohemian bracelets,40,HIGH,100
boho sterling silver necklace,40,HIGH,100
kada anklet,40,HIGH,100
bohemian stackable bracelets,40,HIGH,100
tiffany bracelet heart silver,40,HIGH,100
handmade drop earrings,40,HIGH,100
handmade artisan earrings,40,MEDIUM,59
boho septum ring,40,HIGH,100
boho stacking rings,40,HIGH,100
handmade bracelets near me,40,HIGH,85
band silver ring for men,40,HIGH,100
handmade jewelry rings,40,HIGH,100
black gemstone price,40,HIGH,93
local artisan jewelry,40,HIGH,100
gold hippie rings,40,MEDIUM,63
mexican artisan jewelry,40,HIGH,100
hippie style jewelry,40,HIGH,100
silver hippie rings,40,HIGH,100
handmade nose rings,40,HIGH,100
handmade mala beads,40,HIGH,100
green boho earrings,40,HIGH,98
gemstone rings boho,40,MEDIUM,64
silver color earrings,40,HIGH,100
handmade jewelry necklaces,40,HIGH,100
handcrafted earrings near me,40,HIGH,100
handmade custom rings,40,MEDIUM,63
islamic stone rings,40,HIGH,90
gold bohemian necklace,40,HIGH,96
handmade flower earrings,40,HIGH,100
handmade resin earrings,40,HIGH,100
chunky boho jewelry,40,HIGH,100
artisan gold bracelet,40,HIGH,100
boho gemstone jewelry,40,HIGH,93
gold boho hoop earrings,40,HIGH,98
handmade ear cuffs,40,HIGH,100
qgc jewelry,40,LOW,23
bohemian necklace gold,40,HIGH,96
bohemian wrap bracelets,40,HIGH,88
silver metal jewellery,40,HIGH,100
handmade sterling silver,40,HIGH,100
red coral ring for ladies,40,HIGH,100
bohemian statement necklace,40,HIGH,100
artisan glass jewelry,40,HIGH,100
big boho rings,40,HIGH,99
black boho necklace,40,HIGH,100
bohemian beaded earrings,40,HIGH,100
bohemian beaded jewelry,40,HIGH,100
bohemian bracelet men,40,HIGH,100
bohemian coin necklace,40,HIGH,98
boho belly chain,40,HIGH,92
boho bracelets gold,40,HIGH,100
boho crochet earrings,40,HIGH,80
boho earrings hoops,40,HIGH,87
boho earrings near me,40,HIGH,95
boho memory wire bracelets,40,HIGH,100
boho multi strand necklace,40,HIGH,100
bracelet design handmade,40,HIGH,93
brazilian handmade jewelry,40,HIGH,76
ear cuff handmade,40,HIGH,100
evil eye bracelet handmade,40,HIGH,100
expensive black gemstones,40,MEDIUM,62
hand embroidery pendant,40,MEDIUM,53
handcrafted pearl jewellery,40,HIGH,98
handcrafted sterling silver,40,HIGH,100
handmade beaded gemstone jewelry,40,MEDIUM,47
handmade bracelet design,40,HIGH,93
handmade bridal jewellery,40,HIGH,87
handmade ceramic rings,40,MEDIUM,66
handmade copper wire bracelets,40,HIGH,96
handmade crochet earrings,40,HIGH,97
handmade dream catcher necklace,40,MEDIUM,62
handmade floral earrings,40,HIGH,97
handmade flower bracelet,40,HIGH,95
handmade jewellery earrings,40,HIGH,100
handmade jewellery price,40,LOW,18
handmade metal bracelets,40,HIGH,100
handmade moon necklace,40,MEDIUM,44
handmade moonstone ring,40,HIGH,100
handmade pearl earrings design,40,HIGH,76
handmade porcelain jewelry,40,HIGH,100
handmade seed bead bracelets,40,HIGH,93
handmade wedding jewellery,40,HIGH,79
handmade wire wrapped rings,40,HIGH,100
handmade wooden beads,40,HIGH,88
handwoven earrings,40,HIGH,100
homemade clay earrings,40,HIGH,96
james avery rings near me,40,HIGH,92
jewellery making handmade,40,HIGH,91
lan anh handmade bracelets,40,LOW,0
large boho rings,40,HIGH,99
luxury handcrafted jewellery,40,LOW,2
modern bohemian jewelry,40,LOW,6
necklace handmade jewellery,40,HIGH,100
polymer clay boho jewelry,40,LOW,7
silver bali earrings online,40,HIGH,100
simple stone ring,40,HIGH,100
square polymer clay earrings,40,LOW,18
sterling silver handmade,40,HIGH,100
unique handcrafted wedding bands,40,HIGH,68
unique handmade wedding bands,40,HIGH,68
georg jensen mercy earrings,40,HIGH,92
8 birthstone necklace,40,HIGH,100
swarovski subtle bracelet,40,HIGH,100
bella's yard birthstone bracelet,40,HIGH,100
silver russian wedding ring,40,HIGH,100
david yurman streamline band,40,HIGH,100
swarovski zodiac necklace,40,HIGH,100
mothers birthstone necklace 3 stones,40,HIGH,100
best quality moissanite,40,HIGH,100
bottega silver earrings,40,HIGH,100
4 birthstone bracelet for mom,40,HIGH,100
7 birthstone ring,40,HIGH,100
mothers birthstone ring 4 stones,40,HIGH,100
mixed birthstone necklace,40,HIGH,76
10 birthstone necklace,40,LOW,22
mothers ring 7 stones gold,40,HIGH,100
gold name necklace with birthstone,40,HIGH,100
crystal name necklace,40,HIGH,100
birthstone charm necklace for grandma,40,HIGH,95
rhinestones for tumblers,40,HIGH,100
14k birthstone necklace,40,HIGH,100
birthstone necklace multiple stones,40,HIGH,95
gucci stud earrings silver,40,HIGH,100
jennifer fisher silver hoops,40,HIGH,100
plain silver hoop earrings,40,HIGH,96
birthstone bracelet for mom pandora,40,HIGH,100
3 stone mothers necklace,40,HIGH,93
wholesale gemstone bracelets,40,HIGH,100
swarovski lovely necklace,40,HIGH,100
5 stone family ring,40,HIGH,100
march birthstone promise rings,40,HIGH,100
jennifer behr star earrings,40,HIGH,89
silver bottega earrings,40,HIGH,100
custom crystal necklace,40,HIGH,96
bracelet with grandkids birthstones,40,HIGH,100
lele sadoughi lily earrings,40,HIGH,100
oval white sapphire engagement rings,40,HIGH,100
engraved silver ring mens,40,HIGH,100
designer silver hoop earrings,40,HIGH,100
opal engagement,40,HIGH,100
men's family birthstone ring,40,HIGH,100
local eclectic birthstone ring,40,HIGH,100
buy opal ring,40,HIGH,100
sterling silver name necklace with birthstone,40,HIGH,100
men's custom birthstone rings,40,HIGH,100
april birthstone engagement ring,40,HIGH,100
blue emerald engagement rings,40,HIGH,100
solid gold moonstone ring,40,HIGH,100
simulated emerald ring,40,HIGH,100
mom necklace gold with birthstones,40,HIGH,100
silver dangle earrings for wedding,40,HIGH,100
august birthstone promise ring,40,HIGH,100
family ring 4 stones,40,HIGH,100
silver wedding anniversary rings,40,HIGH,94
small birthstone necklace,40,HIGH,100
july birthstone pendant,40,HIGH,100
jared citrine ring,40,HIGH,100
march birthstone stud earrings,40,HIGH,100
topaz necklace november,40,HIGH,87
hypoallergenic statement earrings,40,HIGH,100
family birthstone necklace gold,40,HIGH,92
floating birthstone necklace,40,HIGH,100
january necklace,40,HIGH,100
bracelet swarovski sale,40,HIGH,100
silver hoop earrings with pearl drop,40,HIGH,100
custom made silver rings,40,HIGH,97
silver birthstone earrings,40,HIGH,90
birthstone band ring stackable,40,HIGH,100
family rings 5 stones,40,HIGH,100
best silver hoops,40,HIGH,100
swarovski lovely bracelet,40,HIGH,100
pure emerald ring,40,HIGH,100
zodiac necklace swarovski,40,HIGH,100
delicate silver earrings,40,HIGH,100
mens 2mm silver chain,40,HIGH,100
large silver hoop earrings 70mm,40,HIGH,100
september birthstone pendant,40,HIGH,100
mother and daughter birthstone bracelet,40,HIGH,100
valentino earrings silver,40,HIGH,100
healing gemstone jewelry,40,HIGH,100
12 carat morganite ring,40,HIGH,100
personalized birthstone pendant,40,HIGH,75
swarovski mesh earrings,40,HIGH,100
plain silver earrings,40,HIGH,89
60mm silver hoop earrings,40,HIGH,100
four stone mothers ring,40,HIGH,100
december earrings,40,HIGH,99
harry potter jewellery swarovski,40,HIGH,100
swarovski wrap around bracelet,40,HIGH,100
silver pendant earrings,40,HIGH,100
alexandrite birthstone earrings,40,HIGH,100
october birthstone stackable ring,40,HIGH,100
silver rings for her,40,HIGH,100
solvar earrings,40,HIGH,95
created moissanite,40,HIGH,100
january birthstone jewelry sets,40,HIGH,100
gold crystal stud earrings,40,HIGH,100
october birthstone jewelry for mom,40,HIGH,100
claddagh ring september birthstone,40,HIGH,100
silver cubic zirconia hoop earrings,40,HIGH,100
custom crystal jewelry,40,HIGH,100
real silver small hoop earrings,40,HIGH,100
sapphire crystal necklace,40,HIGH,100
stackable family rings,40,HIGH,100
silver waterfall earrings,40,HIGH,100
white gold birthstone earrings,40,HIGH,100
circle stud earrings silver,40,HIGH,100
large chunky sterling silver rings,40,HIGH,77
dulcis cocktail ring,40,HIGH,100
yellow sapphire ring tiffany,40,HIGH,100
40mm sterling silver hoop earrings,40,HIGH,100
april birthstone pendant,40,HIGH,100
swarovski sapphire ring,40,HIGH,100
swarovski triangle necklace,40,HIGH,78
crystal mushroom necklace,40,HIGH,93
swarovski bee bracelet,40,HIGH,100
february necklace,40,HIGH,100
edgy silver earrings,40,HIGH,100
long silver earrings for wedding,40,HIGH,100
sterling huggie earrings,40,HIGH,100
swarovski dulcis bracelet,40,HIGH,100
kay jewelers december birthstone,40,HIGH,100
spiritual crystal jewellery,40,HIGH,100
panna stone ring,40,HIGH,100
women's small silver hoop earrings,40,HIGH,100
moonstone birthstone necklace,40,HIGH,100
authentic crystals for jewelry making,40,HIGH,90
silver heart studs,40,HIGH,100
kay jewelers sterling silver earrings,40,HIGH,100
blue sapphire set,40,HIGH,100
black ring with blue sapphire,40,HIGH,98
large silver drop earrings,40,HIGH,95
august birthstone earrings studs,40,HIGH,100
4mm bicone crystal beads,40,HIGH,100
garnet birthstone ring gold,40,HIGH,100
st christopher ring silver,40,HIGH,100
swarovski long drop earrings,40,HIGH,86
birthstone with initial necklace,40,HIGH,100
silver heart signet ring,40,HIGH,100
sterling silver diamond hoops,40,HIGH,100
dainty silver hoop earrings,40,HIGH,100
october earrings,40,HIGH,81
march birthstone earrings gold,40,HIGH,100
6mm silver hoop earrings,40,HIGH,100
small chunky silver hoops,40,HIGH,100
rose gold stone ring,40,HIGH,100
graff ruby ring,40,HIGH,100
crystal cocktail ring,40,HIGH,100
swarovski diamond tennis bracelet,40,HIGH,100
july birthstone jewelry sets,40,HIGH,100
swarovski circle pendant,40,HIGH,100
crystal necklace for anxiety,40,HIGH,97
luxury silver earrings,40,HIGH,100
white crystal earrings,40,HIGH,100
silver plated hoop earrings,40,HIGH,96
shein silver rings,40,HIGH,100
crystal agate bracelets,40,HIGH,97
kendra scott birthstone necklace october,40,HIGH,93
sterling silver ball studs,40,HIGH,100
silver link ring,40,HIGH,92
small silver ball earrings,40,HIGH,100
pandora aquamarine necklace,40,HIGH,98
august earrings,40,HIGH,92
real crystal pendants,40,HIGH,100
zodiac birthstone necklace,40,HIGH,100
silver pear drop earrings,40,HIGH,100
shein silver earrings,40,HIGH,100
may necklace,40,HIGH,100
zales silver earrings,40,HIGH,100
christmas statement earrings,40,,
crystal haze earrings,40,HIGH,100
huggie hoops sterling silver,40,HIGH,100
emerald green earrings silver,40,HIGH,100
stainless steel birthstone necklace,40,HIGH,100
swarovski love necklace,40,HIGH,100
simple silver band ring,40,HIGH,100
bradford exchange birthstone bracelet,40,MEDIUM,43
20mm sterling silver hoop earrings,40,HIGH,100
light pink statement earrings,40,HIGH,100
pink quartz pendant,40,HIGH,100
irish earrings silver,40,HIGH,100
real crystal earrings,40,HIGH,100
december birthstone eternity ring,40,HIGH,100
november birthstone ring white gold,40,HIGH,100
gucci silver hoop earrings,40,HIGH,100
flat silver stud earrings,40,HIGH,100
crystal leaf earrings,40,HIGH,100
lavender statement earrings,40,HIGH,76
citrine statement ring,40,HIGH,100
statement mens gold rings,40,LOW,20
jcpenney sterling silver hoop earrings,40,HIGH,100
swarovski single stone necklace,40,HIGH,100
swarovski double swan necklace,40,HIGH,100
yellow crystal ring,40,HIGH,100
tiny silver studs,40,HIGH,100
swarovski black swan bracelet,40,HIGH,100
blue topaz statement ring,40,HIGH,100
gold plated sterling silver hoop earrings,40,HIGH,100
sterling silver crystal earrings,40,HIGH,100
peach stone ring,40,HIGH,100
purple cocktail ring,40,HIGH,100
gemstones for sale wholesale,40,HIGH,100
helix ring silver,40,HIGH,100
agate crystal bracelet,40,HIGH,97
penguin necklace swarovski,40,HIGH,90
aunt necklace with birthstones,40,HIGH,100
amazon hoop earrings silver,40,HIGH,100
silver rhinestone dangle earrings,40,HIGH,100
waterfall earrings silver,40,HIGH,100
silver cross hoop earrings,40,HIGH,100
rainbow crystal ring,40,HIGH,98
june birthstone earrings pandora,40,HIGH,100
carnelian earrings silver,40,HIGH,100
shein rings silver,40,HIGH,78
swarovski cross necklace silver,40,HIGH,97
ruby star sapphire ring,40,HIGH,100
emerald green cocktail ring,40,HIGH,100
swarovski love bracelet,40,HIGH,100
swarovski leather wrap bracelet,40,HIGH,100
scorpio birthstone jewelry,40,HIGH,100
swarovski large bella earrings,40,HIGH,100
sky blue topaz bracelet,40,HIGH,100
pear drop earrings silver,40,HIGH,100
swarovski double ring,40,HIGH,100
kendra scott crystal earrings,40,HIGH,100
rose quartz stone necklace,40,HIGH,100
december stone ring,40,HIGH,100
sterling steel rings,40,HIGH,100
white fire opal ring,40,HIGH,100
small crystal earrings,40,HIGH,95
gold plated statement ring,40,HIGH,100
blue topaz loose stones,40,HIGH,100
throat chakra crystal necklace,40,HIGH,100
swarovski green pendant,40,HIGH,100
silver cubic zirconia stud earrings,40,HIGH,100
multicolor statement earrings,40,HIGH,81
real rose quartz ring,40,HIGH,100
red crystal drop earrings,40,HIGH,100
sterling silver gold plated hoop earrings,40,HIGH,100
peridot crystal bracelet,40,HIGH,100
pear shaped cocktail ring,40,HIGH,100
swarovski black stud earrings,40,HIGH,100
crystal hanging earrings,40,HIGH,100
zsiska earrings,40,HIGH,100
pink sterling silver earrings,40,HIGH,100
swarovski heart infinity bracelet,40,HIGH,98
sterling silver pearl studs,40,HIGH,100
flat stud earrings silver,40,HIGH,100
sterling silver circle earrings,40,HIGH,100
swarovski leaf earrings,40,HIGH,100
crystal waist chain,40,HIGH,98
pearl and crystal stud earrings,40,HIGH,100
white crystal ring,40,HIGH,100
emerald crystal earrings,40,HIGH,100
vintage sterling silver wedding rings,40,HIGH,100
solitaire birthstone ring,40,HIGH,100
lilac statement earrings,40,HIGH,100
turquoise enamel earrings,40,HIGH,71
silver leaf drop earrings,40,HIGH,100
abstract silver earrings,40,HIGH,100
clear quartz necklace real,40,HIGH,100
band silver rings for men,40,HIGH,100
silver ear jacket earrings,40,HIGH,100
silver disc stud earrings,40,HIGH,100
simple silver dangle earrings,40,HIGH,100
qvc sterling silver earrings,40,HIGH,95
rose quartz beads for jewelry making,40,HIGH,100
crystal rope necklace,40,HIGH,87
tory burch hoop earrings silver,40,HIGH,100
silver grey pearl earrings,40,HIGH,96
silver fern earrings,40,HIGH,89
crystal pendants for jewelry making,40,HIGH,100
silver zircon ring,40,HIGH,100
yellow sapphire cocktail ring,40,HIGH,100
sterling silver crystal bracelet,40,HIGH,74
ear cuff silver 925,40,HIGH,100
black onyx crystal necklace,40,HIGH,100
crystal jewelry rings,40,HIGH,100
yellow topaz drop earrings,40,HIGH,100
birthstone dangle earrings,40,HIGH,100
topaz stone bracelet,40,HIGH,100
dainty stone necklace,40,HIGH,100
sterling silver square stud earrings,40,HIGH,75
swarovski ladybug bracelet,40,HIGH,100
citrine stone engagement ring,40,HIGH,100
hypoallergenic birthstone earrings,40,HIGH,100
white gold diamond cocktail rings,40,HIGH,100
swarovski penguin necklace,40,HIGH,90
6mm hoop earrings silver,40,HIGH,100
fertility bracelet crystals,40,LOW,3
money crystal bracelet,40,HIGH,100
sterling silver ear cuff earrings,40,HIGH,100
swarovski emerald cut ring,40,HIGH,100
sterling silver hanging earrings,40,HIGH,100
bezel set citrine ring,40,HIGH,100
birthstone wedding rings for her,40,HIGH,100
white earrings for wedding,40,HIGH,100
leaf drop earrings silver,40,HIGH,100
citrine and diamond wedding band,40,HIGH,100
september birthstone wedding rings,40,HIGH,100
swarovski heart infinity necklace,40,HIGH,100
anthropologie birthstone necklace,40,HIGH,68
silver rhinestone choker,40,HIGH,100
silver blue ring,40,HIGH,100
dainty silver dangle earrings,40,HIGH,100
june bracelet,40,HIGH,100
swarovski oval ring,40,HIGH,100
silver and gold earrings hoop,40,HIGH,100
necklace to hold crystals,40,HIGH,100
affordable crystal jewelry,40,HIGH,96
qvc birthstone rings,40,HIGH,100
swarovski rose gold swan necklace,40,HIGH,100
swarovski gold bangle bracelet,40,HIGH,100
adjustable crystal ring,40,HIGH,99
small silver heart earrings,40,HIGH,89
green jade crystal necklace,40,HIGH,91
silver rhinestone hoops,40,HIGH,97
10 carat aquamarine price,40,HIGH,95
sterling drop earrings,40,HIGH,100
butterfly hoop earrings silver,40,HIGH,100
etsy sterling silver hoop earrings,40,HIGH,100
crystal ball drop earrings,40,HIGH,100
cde necklace,40,HIGH,100
silver lever back earrings,40,HIGH,100
silver moon stud earrings,40,HIGH,95
pink tourmaline cocktail ring,40,HIGH,100
lemurian quartz necklace,40,HIGH,100
swarovski heart drop earrings,40,HIGH,89
swarovski lunar earrings,40,HIGH,87
montana silversmith turquoise earrings,40,HIGH,100
ear jacket earrings silver,40,HIGH,100
heart shaped rose quartz necklace,40,MEDIUM,66
silver chain ring mens,40,HIGH,98
silver spoon rings for sale,40,HIGH,100
sterling silver bunny earrings,40,HIGH,90
emerald green birthstone ring,40,HIGH,100
green crystal jewellery,40,HIGH,100
crystal body jewelry,40,HIGH,97
women birthstone rings for mom,40,HIGH,100
silver crystal jewellery,40,HIGH,100
primrose cubic zirconia sterling silver earrings,40,HIGH,95
november birthstone earrings gold,40,HIGH,100
platinum over sterling silver,40,HIGH,100
sterling silver twist earrings,40,HIGH,100
emerald green and silver earrings,40,HIGH,100
october ring stone,40,HIGH,100
small heart earrings silver,40,HIGH,89
1 10 ct tw diamond sterling silver earrings,40,HIGH,94
topaz stone earrings,40,HIGH,96
loc jewelry crystals,40,HIGH,96
red crystal pendant,40,HIGH,100
crystal heart bracelet,40,HIGH,100
silver butterfly hoop earrings,40,HIGH,100
gold crystal earrings studs,40,HIGH,100
swarovski choker black,40,HIGH,77
green amethyst cocktail ring,40,HIGH,100
crystal circle necklace,40,HIGH,100
ralph lauren hoop earrings silver,40,HIGH,100
20ss rhinestones,40,HIGH,100
circle crystal necklace,40,HIGH,100
moon stud earrings silver,40,HIGH,95
signet ring with birthstone,40,HIGH,100
clear crystal pendant,40,HIGH,100
citrine and alexandrite ring,40,HIGH,100
silver leaf earrings studs,40,HIGH,100
crystal threader earrings,40,HIGH,100
pendant earrings silver,40,HIGH,100
crystal stones for jewelry making,40,HIGH,100
sterling silver zirconia earrings,40,HIGH,91
925 silver nose ring,40,HIGH,100
swarovski dome ring,40,HIGH,92
cute statement earrings,40,HIGH,100
silver circle drop earrings,40,HIGH,100
big crystal rings,40,HIGH,83
primrose rings cubic zirconia,40,HIGH,92
etsy cocktail rings,40,HIGH,100
yellow birthstone ring,40,HIGH,77
august birthstone emerald,40,HIGH,95
shiny silver earrings,40,HIGH,98
swarovski creativity pendant,40,HIGH,98
silver tragus jewelry,40,HIGH,100
teardrop stone necklace,40,HIGH,100
silver elf ear cuff,40,HIGH,100
primrose earrings sterling silver,40,HIGH,99
november birthstone james avery,40,HIGH,100
swarovski blue pendant,40,HIGH,100
silver moon earrings studs,40,HIGH,95
sterling silver round earrings,40,HIGH,100
silver earrings for wedding guest,40,HIGH,100
crystal skull ring,40,HIGH,100
crystal teddy bear necklace,40,HIGH,100
hammered silver drop earrings,40,HIGH,98
rose quartz moon necklace,40,HIGH,100
pandora silver wishbone ring,40,HIGH,100
bloodstone birthstone ring,40,HIGH,100
tanzanite stone birthstone,40,HIGH,90
nic and syd swarovski necklace,40,MEDIUM,49
carnelian and rose quartz bracelet,40,HIGH,100
cute silver hoops,40,HIGH,100
statement wedding rings,40,HIGH,92
rose quartz heart bracelet,40,MEDIUM,60
smoky quartz crystal bracelet,40,HIGH,100
amazon crystal earrings,40,HIGH,81
green phantom bracelet,40,HIGH,100
silver ring shop,40,LOW,11
swarovski matching rings,40,HIGH,100
swarovski square ring,40,HIGH,100
obsidian crystal pendant,40,HIGH,93
october birth ring,40,HIGH,100
amazon citrine rings,40,HIGH,100
citrine crystal beads,40,HIGH,100
qvc silver earrings,40,HIGH,100
karen hill tribe jewelry,40,HIGH,100
swarovski mickey mouse bracelet,40,HIGH,100
aqua aura pendant,40,HIGH,93
circle drop earrings silver,40,HIGH,100
huge silver earrings,40,HIGH,70
blue diamond cocktail ring,40,HIGH,100
deep blue topaz,40,HIGH,100
triangle hoop earrings silver,40,HIGH,100
silver fish hook earrings,40,HIGH,100
black diamond statement ring,40,HIGH,78
estate cocktail rings,40,HIGH,100
black tourmaline protection necklace,40,HIGH,100
pandora birth necklace,40,HIGH,100
s925 ale 60 ring price,40,MEDIUM,47
6mm sterling silver hoop earrings,40,HIGH,100
silver dangle earrings men,40,HIGH,100
black kyanite bracelet,40,HIGH,100
crystal rock bracelets,40,HIGH,100
red labradorite ring,40,HIGH,100
solitaire cocktail ring,40,HIGH,100
acrylic statement earrings,40,HIGH,100
key earrings silver,40,HIGH,100
rose quartz bracelet near me,40,HIGH,100
oval cocktail ring,40,HIGH,100
swarovski necklace swan original,40,HIGH,97
sterling silver jacket earrings,40,HIGH,100
cartier citrine ring,40,HIGH,88
jade crystal ring,40,HIGH,99
women black tourmaline bracelet,40,HIGH,93
aura quartz necklace,40,HIGH,100
phantom quartz bracelet,40,HIGH,100
lindy star stone,40,HIGH,100
fork and spoon earrings,40,HIGH,95
pure silver earrings for women,40,HIGH,99
black tourmaline crystal ring,40,HIGH,100
etsy statement rings,40,HIGH,100
green amethyst birthstone,40,HIGH,80
band silver ring for women,40,HIGH,100
crystal avenue jewelry website,40,HIGH,100
pentagram necklace with crystal,40,HIGH,100
pearl and crystal bridal jewelry,40,HIGH,100
aragonite necklace,40,HIGH,97
statement citrine ring,40,HIGH,100
rose quartz bracelet amazon,40,HIGH,90
guru stone ring,40,HIGH,97
crystal butterfly pendant,40,HIGH,100
crystal stone pendant,40,HIGH,100
stud silver earrings for men,40,HIGH,100
crystal kingdom jewelry,40,HIGH,81
silver peacock earrings,40,HIGH,100
beautiful earrings for wedding,40,HIGH,100
czech crystal jewelry,40,HIGH,100
turquoise and diamond tennis bracelet,40,HIGH,100
citrine necklace and earring set,40,HIGH,100
jtv southwest style,40,HIGH,100
irene neuwirth turquoise earrings,40,HIGH,100
turquoise bracelets for sale,40,HIGH,100
sundance turquoise jewelry,40,HIGH,100
david yurman spiritual bracelets,40,HIGH,100
ippolita turquoise,40,HIGH,98
jennifer meyer turquoise necklace,40,HIGH,76
ippolita turquoise ring,40,HIGH,100
custom turquoise engagement rings,40,HIGH,100
buy turquoise jewelry,40,HIGH,97
genuine tiger eye bracelet,40,HIGH,100
onyx and tiger eye bracelet,40,HIGH,100
citrine and diamond pendant,40,HIGH,100
matching turquoise wedding bands,40,HIGH,100
chan luu turquoise earrings,40,HIGH,100
earrings boho,40,HIGH,100
moonstone necklace 14k gold,40,HIGH,100
citrine diamond bracelet,40,HIGH,98
rose gold moonstone earrings,40,HIGH,100
turquoise sapphire ring,40,HIGH,99
john hardy turquoise ring,40,HIGH,100
turquoise jewelry appraisal near me,40,HIGH,67
citrine 14k gold necklace,40,HIGH,100
turquoise alhambra bracelet,40,HIGH,100
orange citrine earrings,40,HIGH,100
beautiful turquoise jewelry,40,HIGH,100
14k gold citrine necklace,40,HIGH,100
tungsten turquoise ring,40,HIGH,100
mens turquoise rings near me,40,HIGH,98
moonstone mens wedding band,40,HIGH,100
mejuri turquoise earrings,40,HIGH,97
jtv turquoise,40,HIGH,100
effy turquoise jewelry,40,HIGH,100
silver and turquoise jewelry near me,40,HIGH,100
mens tiger eye signet ring,40,HIGH,100
turquoise horse jewelry,40,HIGH,100
14k gold and turquoise bracelet,40,HIGH,100
moonstone jewelry necklace,40,HIGH,96
promise rings moonstone,40,HIGH,100
jay king turquoise rings,40,HIGH,100
peridot and citrine necklace,40,HIGH,100
carnelian jewelry near me,40,HIGH,100
men's real turquoise rings,40,HIGH,100
turquoise friendship bracelet,40,HIGH,100
alltribes mens rings,40,HIGH,98
925 sterling silver thumb ring,40,HIGH,100
tiger earrings gold,40,HIGH,100
catbird moonstone,40,HIGH,100
princess cut moonstone ring,40,HIGH,100
deer antler and turquoise ring,40,HIGH,100
sterling and turquoise bracelet,40,HIGH,100
shein turquoise jewelry,40,HIGH,100
authentic moonstone jewelry,40,HIGH,100
turquoise leverback earrings,40,HIGH,100
rose gold turquoise earrings,40,HIGH,100
citrine and sapphire necklace,40,HIGH,100
white gold turquoise bracelet,40,MEDIUM,64
high quality moonstone ring,40,HIGH,100
spiritual jewelry store,40,HIGH,95
onyx tiger eye bracelet,40,HIGH,100
rose gold turquoise engagement ring,40,HIGH,100
authentic citrine bracelet,40,HIGH,100
silver ring with turquoise inlay,40,HIGH,100
kay jewelers citrine necklace,40,HIGH,88
tiffany turquoise pendant,40,HIGH,100
effie turquoise jewelry,40,HIGH,100
jay king turquoise bracelet,40,HIGH,100
anna beck turquoise,40,HIGH,87
moonstone necklace mens,40,MEDIUM,66
tiger eye onyx bracelet,40,HIGH,100
julie vos turquoise,40,HIGH,100
peridot and turquoise ring,40,HIGH,100
turquoise and diamond stud earrings,40,HIGH,100
used turquoise jewelry,40,HIGH,100
tiger eye and lava stone bracelet,40,HIGH,100
western turquoise bracelet,40,HIGH,100
thin turquoise ring,40,HIGH,100
womens western turquoise jewelry,40,HIGH,100
citrine earrings and necklace set,40,HIGH,100
turquoise butterfly jewelry,40,HIGH,100
turquoise necklace kendra scott,40,HIGH,97
brown tiger eye bracelet,40,HIGH,100
blue moonstone engagement ring,40,HIGH,100
james avery turquoise jewelry,40,HIGH,100
925 signet ring,40,HIGH,67
elegant turquoise jewelry,40,HIGH,100
turquoise stone wedding ring,40,HIGH,100
nordstrom turquoise earrings,40,HIGH,100
moonstone and topaz ring,40,HIGH,100
double strand turquoise necklace,40,HIGH,100
turquoise rhinestone earrings,40,HIGH,100
citrine pendant white gold,40,HIGH,89
ebay turquoise earrings,40,HIGH,100
real squash blossom necklace,40,HIGH,100
turquoise emerald ring,40,HIGH,100
dillards turquoise jewelry,40,HIGH,99
turquoise gold engagement ring,40,HIGH,100
moonstone earrings rose gold,40,HIGH,100
leverback turquoise earrings,40,HIGH,100
925 sterling silver jump rings,40,HIGH,100
pearl and citrine necklace,40,HIGH,100
orange and turquoise earrings,40,HIGH,100
cushion cut citrine earrings,40,HIGH,100
hexagon moonstone ring,40,HIGH,100
turquoise jewelry com,40,LOW,30
tiger eye and hematite bracelet,40,HIGH,100
orville tsinnie bracelet,40,HIGH,100
sterling silver turquoise drop earrings,40,HIGH,92
citrine peridot necklace,40,HIGH,100
sterling silver 925 ring with diamonds,40,HIGH,100
turquoise and rhinestone earrings,40,HIGH,100
turquoise daith jewelry,40,HIGH,100
turquoise and gold engagement ring,40,HIGH,100
catbird moonstone ring,40,HIGH,100
turquoise ring real,40,HIGH,100
ruby and turquoise jewelry,40,HIGH,98
tiffany and co hoop earrings 925,40,MEDIUM,61
authentic zuni jewelry,40,HIGH,76
rose gold and turquoise earrings,40,HIGH,100
turquoise circle necklace,40,HIGH,97
buffalo turquoise earrings,40,HIGH,100
james avery november birthstone,40,HIGH,100
double moonstone ring,40,HIGH,71
white gold citrine pendant,40,HIGH,89
vintage squash blossom earrings,40,HIGH,100
women citrine earrings,40,HIGH,100
jtv sleeping beauty turquoise earrings,40,HIGH,100
small turquoise studs,40,HIGH,100
moonstone body jewelry,40,HIGH,100
turquoise mama necklace,40,HIGH,100
tiger eye bracelet with gold,40,HIGH,100
julie vos turquoise earrings,40,HIGH,100
antique victorian turquoise ring,40,HIGH,100
moonstone locket pendant,40,HIGH,82
genuine moonstone pendant,40,HIGH,93
southwest turquoise necklace,40,HIGH,100
5925 silver ring,40,HIGH,89
james avery turquoise bracelet,40,HIGH,85
effie calavaza website,40,HIGH,100
turquoise body jewelry,40,HIGH,100
vintage turquoise and silver necklace,40,HIGH,100
stauer turquoise necklace,40,HIGH,100
vintage sleeping beauty turquoise jewelry,40,HIGH,100
pear cut moonstone ring,40,HIGH,100
hematite and tiger eye bracelet,40,HIGH,90
turquoise statement jewelry,40,HIGH,100
925 sterling silver ring set,40,HIGH,100
1970's turquoise jewelry,40,HIGH,98
925 pz israel,40,MEDIUM,50
925 silver band,40,HIGH,100
925 silver rings for sale,40,HIGH,100
925 sterling silver amethyst ring,40,HIGH,100
925 sterling silver black onyx ring,40,HIGH,100
925 sterling silver cross ring,40,HIGH,94
925 sterling silver cubic zirconia,40,HIGH,75
925 sterling silver cz,40,HIGH,75
925 sterling silver earrings amazon,40,MEDIUM,53
925 sterling silver nugget ring,40,HIGH,100
amethyst and tiger's eye bracelet,40,HIGH,98
ancient turquoise jewelry,40,HIGH,72
bella swan turquoise bracelet,40,HIGH,81
big chunky turquoise necklace,40,HIGH,100
black hills turquoise,40,HIGH,100
bluemoonstone creations,40,LOW,22
carnelian silver bracelet,40,HIGH,91
carnelian silver earrings,40,HIGH,100
cartier 925 ring,40,HIGH,99
chimney butte pendant,40,HIGH,100
citrine and carnelian bracelet,40,HIGH,95
citrine and topaz birthstone,40,HIGH,68
citrine bracelet feng shui,40,LOW,3
citrine bride,40,LOW,0
citrine cushion cut earrings,40,HIGH,100
citrine pearl necklace,40,HIGH,100
citrine ring designs,40,MEDIUM,60
citrine stone ring men,40,HIGH,75
citrine stone silver ring,40,HIGH,100
cubic zirconia 925 sterling silver,40,HIGH,75
cute turquoise jewelry,40,HIGH,100
dgs 925 turkey ring,40,LOW,27
dry creek turquoise necklace,40,HIGH,100
green moonstone earrings,40,HIGH,91
healing stone bead bracelets,40,HIGH,100
imperial turquoise,40,HIGH,90
j nelson navajo jewelry,40,HIGH,75
jade tiger eye bracelet,40,HIGH,100
john hardy moonstone ring,40,LOW,13
kavacha necklace,40,HIGH,100
large chunky turquoise necklace,40,HIGH,100
man in the moon moonstone ring,40,HIGH,97
mens sterling silver tiger eye ring,40,HIGH,98
metaphysical jewelry near me,40,HIGH,94
mixed tiger eye bracelet,40,HIGH,96
moon and stone ring,40,HIGH,100
moonstone locket necklace,40,HIGH,100
moonstone topaz ring,40,HIGH,100
native american sterling silver turquoise jewelry,40,HIGH,100
native american turquoise stone,40,HIGH,100
natural turquoise stone price,40,MEDIUM,48
navajo white buffalo turquoise jewelry,40,HIGH,100
onyx and moonstone ring,40,HIGH,76
orange moonstone bracelet,40,HIGH,67
original tiger eye stone bracelet,40,HIGH,100
oval moonstone pendant,40,HIGH,100
oyster turquoise stone,40,HIGH,98
pandora bracelet november birthstone,40,HIGH,100
pandora moonstone bracelet,40,MEDIUM,47
petite squash blossom necklace,40,HIGH,100
poetic spirit jewelry,40,HIGH,100
quality of 925 sterling silver,40,MEDIUM,59
raw carnelian jewelry,40,LOW,0
raw citrine engagement ring,40,MEDIUM,51
reconstructed turquoise,40,HIGH,67
rel 925 ring,40,MEDIUM,50
ribbon turquoise jewelry,40,HIGH,100
ring with 925 engraved,40,LOW,16
robert & bernice leekya,40,HIGH,99
robert and bernice leekya,40,HIGH,99
sajen 925 ring,40,HIGH,69
sarda 925 ring,40,MEDIUM,40
silver bracelet with moonstone,40,HIGH,98
silver carnelian bracelet,40,HIGH,91
silver carnelian earrings,40,HIGH,100
silver ring 5925,40,HIGH,89
silver ring with citrine stone,40,HIGH,100
silver tiger earrings,40,HIGH,97
sleeping beauty gem,40,HIGH,87
sleeping with a necklace on,40,LOW,0
sleeping with necklace on,40,LOW,0
spiritual gloss jewelry,40,HIGH,100
spiritual jewelry shop,40,HIGH,95
sterling silver moonstone engagement ring,40,HIGH,100
sunstone and moonstone necklace,40,HIGH,100
sunstone moonstone necklace,40,HIGH,100
sunwest turquoise,40,HIGH,74
sweet alhambra carnelian bracelet,40,HIGH,100
tanzanite and citrine ring,40,HIGH,100
tggc 925,40,LOW,24
thomas francisco navajo artist,40,MEDIUM,57
tiffany citrine cocktail ring,40,HIGH,100
tiger bracelet for men,40,HIGH,100
tiger diamond necklace,40,HIGH,100
tiger eye buddha pendant,40,HIGH,100
tiger eye inlay ring,40,HIGH,100
tiger eye mala bracelet,40,HIGH,100
tiger eye shamballa bracelet,40,HIGH,98
tiger gemstone rings,40,HIGH,100
tiger stone gold ring,40,HIGH,84
tigers eye nose stud,40,HIGH,96
triangle turquoise earrings,40,HIGH,100
turquoise ancient egypt,40,LOW,1
turquoise and orange jewelry,40,HIGH,100
turquoise and peridot ring,40,HIGH,100
turquoise and spiny oyster necklace,40,HIGH,100
turquoise baguette ring,40,HIGH,100
turquoise circle earrings,40,HIGH,70
turquoise green necklace,40,HIGH,91
turquoise horse pendant,40,HIGH,100
turquoise howlite necklace,40,HIGH,100
turquoise jewelry appraisal,40,LOW,17
turquoise jewelry prices,40,HIGH,100
turquoise month,40,LOW,33
turquoise pear shaped ring,40,HIGH,100
turquoise septum jewelry,40,HIGH,100
turquoise triangle earrings,40,HIGH,100
vca carnelian earrings,40,HIGH,82
vintage alhambra pendant red,40,HIGH,98
whimsical bohemian unique engagement rings,40,HIGH,100
white gold turquoise jewelry,40,LOW,11
white tiger eye bracelet,40,HIGH,100
women carnelian jewelry,40,HIGH,100
yellow gold turquoise jewelry,40,MEDIUM,64
zombies 2 necklace,40,LOW,27
topaz rings for sale,30,HIGH,100
anxiety ring sterling silver,30,HIGH,100
tiffany & co womens silver necklace,30,,
pre owned emerald rings,30,HIGH,100
fendi ring silver,30,HIGH,100
alphabet necklace silver,30,HIGH,100
sterling silver cuff bracelet womens,30,HIGH,100
pandora knotted heart bracelet,30,HIGH,90
stackers supersize,30,HIGH,100
silver tragus earrings,30,HIGH,100
fendi silver bracelet,30,HIGH,100
high quality healing crystal jewelry,30,HIGH,100
chandi bracelet for men,30,HIGH,100
wholesale gemstone beads for jewelry making,30,HIGH,100
black opal ring womens,30,HIGH,100
thick silver bracelet women's,30,HIGH,100
gold and silver earrings together,30,HIGH,100
earring sets for multiple piercings silver,30,HIGH,100
green stone gold necklace,30,HIGH,100
buy silver anklets online,30,HIGH,100
chandi ring,30,HIGH,96
green stone stud earrings,30,HIGH,91
chandi bracelet,30,HIGH,95
blue sapphire ring price,30,HIGH,71
silver pendant set,30,HIGH,100
white stone necklace set,30,HIGH,100
gold ring with stone for female,30,HIGH,90
silver ring shop near me,30,HIGH,100
diamond gemstone price,30,MEDIUM,38
unique handmade silver rings,30,HIGH,100
artisan diamond rings,30,HIGH,72
jewelry artisans near me,30,HIGH,96
gem stone king amazon,30,MEDIUM,48
silver necklace design,30,HIGH,99
silver earrings design,30,MEDIUM,64
emerald pendant set,30,HIGH,86
april birthstone sapphire,30,LOW,23
blue sapphire necklace set,30,HIGH,87
boho surfer bracelet,30,HIGH,100
artisan gold jewelry,30,HIGH,100
best handmade jewelry,30,HIGH,100
german silver earrings,30,HIGH,89
real peridot stone price,30,HIGH,100
julys birthstone,30,HIGH,80
boho diamond ring,30,HIGH,100
bali style jewelry,30,HIGH,100
crystal stone earrings,30,HIGH,96
bohemian hoop earrings,30,HIGH,100
silverworks earrings,30,HIGH,100
simple stone necklace,30,HIGH,96
boho gold bracelet,30,HIGH,100
boho wedding necklace,30,HIGH,100
boho gold hoop earrings,30,HIGH,100
handmade gold bracelet,30,HIGH,100
long stone earrings,30,HIGH,100
pure silver waist chain for ladies,30,HIGH,97
silver earrings price,30,HIGH,92
james artisan jewelry,30,HIGH,80
white boho earrings,30,HIGH,100
bohemian dangle earrings,30,HIGH,100
black stone bracelet for ladies,30,HIGH,70
bali friendship bracelets,30,MEDIUM,64
bohemian gold rings,30,HIGH,96
1 gram silver ring price,30,HIGH,100
silver rings for men's with price,30,HIGH,100
handmade gold wedding bands,30,HIGH,100
september birthstone gemstone,30,HIGH,87
artisan sterling silver rings,30,HIGH,100
boho tassel earrings,30,HIGH,100
antique silver anklets,30,HIGH,100
pink boho earrings,30,HIGH,84
sterling silver boho bracelets,30,HIGH,100
square stone earrings,30,HIGH,100
best boho jewelry,30,HIGH,100
artisan sterling silver earrings,30,HIGH,100
handmade hammered silver earrings,30,MEDIUM,62
custom leather earrings,30,MEDIUM,43
handmade gold pendant,30,HIGH,82
handmade silver stud earrings,30,LOW,8
artist made jewelry,30,HIGH,96
handmade contemporary jewellery,30,MEDIUM,47
handmade spiritual jewelry,30,HIGH,100
unique boho jewelry,30,HIGH,96
om bracelet silver,30,HIGH,76
boho chic bracelets,30,HIGH,100
boho mens necklace,30,HIGH,100
bohemian sterling silver earrings,30,HIGH,100
bali inspired jewelry,30,HIGH,100
silver bohemian jewelry,30,HIGH,100
gemstone bracelet designs,30,HIGH,100
handmade silver rings with stones,30,HIGH,72
handmade fabric jewelry,30,HIGH,72
boho jewelry rings,30,HIGH,100
dainty boho jewelry,30,HIGH,100
boho crystal necklace,30,HIGH,100
antique anklet,30,HIGH,100
tiffany and co bracelet silver heart,30,HIGH,100
mens artisan rings,30,HIGH,100
handmade piercing jewelry,30,HIGH,82
handmade opal jewelry,30,HIGH,100
jewelry handmade near me,30,HIGH,89
best selling handmade jewelry,30,HIGH,99
handmade statement earrings,30,HIGH,100
etsy bohemian jewelry,30,HIGH,84
boho surfer anklet,30,LOW,0
boho crystal rings,30,HIGH,100
dangle boho earrings,30,HIGH,100
stone bracelet design,30,HIGH,100
artisan crafted rings,30,HIGH,93
bali pearls,30,HIGH,70
hippie style earrings,30,HIGH,93
boho toe rings,30,HIGH,100
matte finish jewelry,30,HIGH,100
etsy boho rings,30,HIGH,100
leather wrap bracelet bohemian,30,HIGH,80
etsy handmade beaded jewelry,30,HIGH,100
red boho earrings,30,HIGH,100
gypsy style jewelry,30,HIGH,100
handmade stainless steel jewelry,30,HIGH,98
handmade woven bracelets,30,HIGH,100
silveristic handmade jewelry,30,HIGH,100
amazon boho bracelets,30,HIGH,90
artisan collection of bali jtv,30,HIGH,100
artisan diamond engagement rings,30,HIGH,72
artisan jewelry arundel mills,30,HIGH,94
artisan jewelry online,30,HIGH,100
artisan made earrings,30,HIGH,100
artisan rings for men,30,HIGH,100
artisan sterling earrings,30,HIGH,100
bali shell necklace,30,HIGH,97
beaded bangles handmade,30,HIGH,76
best handcrafted jewelry,30,HIGH,100
black and gold polymer clay earrings,30,HIGH,75
bohemian accessories necklace,30,LOW,0
bohemian bracelets amazon,30,HIGH,84
bohemian ring sets,30,HIGH,100
bohemian rings gold,30,HIGH,96
bohemian shell necklace,30,HIGH,99
bohemian silver bracelets,30,HIGH,99
bohemian wedding ring sets,30,HIGH,100
boho anklets for women,30,HIGH,100
boho bib necklace,30,HIGH,100
boho body jewellery,30,HIGH,100
boho crystal earrings,30,HIGH,100
boho hair rings,30,HIGH,100
boho head jewellery,30,HIGH,100
boho jewellery earrings,30,HIGH,95
boho jewelry shop,30,HIGH,100
boho jewelry store,30,HIGH,100
boho spiral earrings,30,HIGH,100
bracelet hand made,30,HIGH,100
buddhist knot bracelet,30,HIGH,90
clay earrings handmade,30,HIGH,100
colombian handmade jewelry,30,HIGH,95
cute boho necklaces,30,HIGH,100
cute handmade bracelets,30,HIGH,76
dainty handmade jewelry,30,HIGH,100
earrings silver design,30,MEDIUM,64
fabric handmade jewellery,30,HIGH,72
fabric handmade jewelry,30,HIGH,72
funky handmade earrings,30,HIGH,78
gold boho wedding earrings,30,MEDIUM,55
hand embroidery necklace,30,HIGH,78
hand made jewellery set,30,HIGH,83
handcrafted pendant,30,HIGH,97
handmade amethyst bracelet,30,HIGH,100
handmade amethyst ring,30,HIGH,73
handmade artistic earrings,30,MEDIUM,38
handmade beaded brooches,30,HIGH,96
handmade beaded hoop earrings,30,HIGH,92
handmade boho bracelets,30,HIGH,95
handmade boho necklace,30,LOW,29
handmade bracelet thread,30,HIGH,84
handmade bracelet with thread,30,HIGH,82
handmade butterfly earrings,30,HIGH,99
handmade catholic jewelry,30,MEDIUM,50
handmade ceramic necklace,30,LOW,31
handmade chain bracelet,30,HIGH,88
handmade chunky silver rings,30,HIGH,83
handmade clay pendant,30,MEDIUM,43
handmade colombian bracelets,30,HIGH,100
handmade copper bracelets for men,30,HIGH,100
handmade copper wire jewelry,30,HIGH,100
handmade fabric earrings,30,HIGH,100
handmade funky earrings,30,HIGH,78
handmade gold beaded jewelry,30,LOW,16
handmade gold engagement rings,30,HIGH,100
handmade gold wedding rings,30,HIGH,100
handmade halloween earrings,30,MEDIUM,45
handmade jewelry pendants,30,HIGH,100
handmade labradorite necklace,30,HIGH,100
handmade leather cuff bracelet,30,MEDIUM,51
handmade leather rings,30,HIGH,100
handmade mexican earrings,30,HIGH,100
handmade moti bracelet,30,LOW,28
handmade native american earrings,30,HIGH,90
handmade natural jewelry,30,HIGH,100
handmade peruvian jewelry,30,HIGH,100
handmade seed bead jewelry,30,MEDIUM,35
handmade silversmith jewelry,30,HIGH,100
handmade skull ring,30,HIGH,76
handmade stainless steel bracelets,30,HIGH,100
handmade stone ring,30,HIGH,94
handmade stretch bracelets,30,HIGH,100
handmade string mexican bracelets,30,HIGH,81
handmade tibetan jewelry,30,LOW,11
handmade valentine earrings,30,LOW,0
handmade valentine jewelry,30,LOW,10
handmade wire chain,30,MEDIUM,58
handmade wooden pendant,30,HIGH,100
hippie boho wedding rings,30,HIGH,93
hippie bracelets for women,30,HIGH,100
hippie rings for women,30,HIGH,100
hippie style rings,30,HIGH,100
homemade anklet,30,LOW,30
homemade bead jewelry,30,HIGH,100
homemade bracelets for sale,30,HIGH,100
homemade halloween earrings,30,MEDIUM,45
homemade leather bracelet,30,HIGH,80
ladies bracelet design silver,30,HIGH,100
macrame boho necklace,30,HIGH,100
naia jewelry bali,30,HIGH,86
native american handmade earrings,30,HIGH,90
opal handmade jewelry,30,HIGH,100
pakistani handmade jewellery,30,LOW,23
polymer clay earrings handmade,30,MEDIUM,49
rustic handmade jewelry,30,HIGH,100
stainless steel handmade jewelry,30,HIGH,98
sterling silver bali earrings,30,MEDIUM,63
stone long earrings,30,HIGH,100
string handmade bracelets,30,HIGH,84
suarti bali jewelry,30,HIGH,93
tassel boho earrings,30,HIGH,100
tiffany and co bracelet heart silver,30,HIGH,82
trending handmade jewellery,30,HIGH,100
trendy handmade jewelry,30,HIGH,100
triangle clay earrings,30,LOW,15
turquoise bohemian necklace,30,HIGH,93
unique jewelry necklace,30,HIGH,99
citrin ring,30,HIGH,100
mother son birthstone necklace,30,HIGH,100
birthstone bracelets for her,30,HIGH,100
artpix 3d necklace,30,MEDIUM,38
6 stone birthstone necklace,30,HIGH,100
mothers birthstone ring 6 stones,30,HIGH,100
necklace birthstone for mom,30,HIGH,100
gold necklace with birthstones for mom,30,HIGH,100
bottega veneta silver earrings,30,HIGH,100
mothers necklace 6 stones,30,HIGH,100
zales mother's birthstone necklace,30,HIGH,100
bradford exchange birthstone necklace,30,HIGH,100
preciosa crystals wholesale,30,HIGH,100
8 birthstone bracelet,30,HIGH,100
crystal bracelet set,30,HIGH,100
mothers birthstone ring 2 stones,30,HIGH,100
millenia bracelet swarovski,30,HIGH,100
wedding jewellery sets swarovski,30,HIGH,100
diamond alternative moissanite,30,HIGH,100
plain silver stud earrings,30,HIGH,97
ethical gemstone engagement rings,30,HIGH,100
healing crystal beads wholesale,30,HIGH,100
push present birthstone necklace,30,HIGH,100
kendra scott blair necklace,30,HIGH,100
birthstone necklace two stones,30,HIGH,100
personalized birthstone earrings,30,HIGH,94
birth stones jewelry,30,HIGH,100
june birthstone necklace for mom,30,HIGH,99
dior clair d lune earrings,30,HIGH,100
gold and silver rings mixed,30,HIGH,80
buy silver ring,30,HIGH,100
swarovski attract set,30,HIGH,80
swarovski name necklace,30,HIGH,100
pacharee necklace,30,HIGH,100
stitch earrings sterling silver,30,HIGH,96
quality silver earrings,30,HIGH,97
rose gold crystal necklace,30,HIGH,100
kendra scott hoop earrings silver,30,HIGH,100
fine crystal jewelry,30,HIGH,100
crystal huggie hoop earrings,30,HIGH,100
everyday earrings silver,30,HIGH,100
wholesale silver earrings,30,LOW,19
gold mothers ring 5 stones,30,HIGH,100
birthstone rings for mom 6 stones,30,HIGH,100
statement mens diamond rings,30,HIGH,100
personalized birthstone cross necklace,30,HIGH,100
bulk crystal bracelets,30,HIGH,100
gra moissanite diamond price,30,HIGH,100
initial and birthstone necklace gold,30,HIGH,100
august birthstone gold necklace,30,HIGH,95
women jeulia,30,HIGH,100
august birthstone stud earrings,30,HIGH,77
citrine birthstone earrings,30,HIGH,100
silver hoop earrings set of 3,30,HIGH,100
mothers day rings 7 stones,30,,
emerald birthstone necklace gold,30,HIGH,100
june birthstone promise ring,30,HIGH,100
family rings 6 stones,30,HIGH,100
morganite ring set,30,HIGH,100
silver diamond huggies,30,HIGH,100
beautiful silver earrings,30,HIGH,100
january birthstone promise ring,30,HIGH,100
bulk crystals for jewelry making,30,HIGH,100
3 inch silver hoop earrings,30,HIGH,100
modern birthstone jewelry,30,HIGH,100
small thick silver hoop earrings,30,HIGH,100
chunky silver huggie earrings,30,HIGH,100
genuine rose quartz necklace,30,HIGH,100
mothers ring 1 stone engraved,30,HIGH,92
rose quartz crystal pendant,30,HIGH,100
sophie bille brahe botticelli earrings,30,HIGH,94
october birthstone necklace pandora,30,HIGH,67
elephant birthstone necklace,30,HIGH,100
two birthstone engagement ring,30,HIGH,100
silver balenciaga earrings,30,HIGH,100
friendship crystal bracelet,30,HIGH,100
silver diamond hoop earrings small,30,HIGH,100
blue topaz mens bracelet,30,HIGH,100
natural crystal beads for jewelry making,30,HIGH,100
sterling silver studs set,30,HIGH,100
love crystal bracelet,30,HIGH,100
hailey bieber hoop earrings,30,HIGH,100
best crystal jewelry,30,HIGH,100
silver huggie earrings set,30,HIGH,100
swarovski diamond hoop earrings,30,HIGH,100
alexandrite mothers ring,30,HIGH,100
november birthstone promise rings,30,HIGH,100
crystal rings wholesale,30,HIGH,85
december birthstone necklace pandora,30,HIGH,99
swarovski solitaire earrings,30,HIGH,69
swarovski chroma earrings,30,HIGH,100
december bracelet,30,HIGH,100
real black obsidian bracelet,30,HIGH,100
small silver huggies,30,HIGH,100
gold december birthstone necklace,30,HIGH,100
mushroom crystal necklace,30,HIGH,100
february birthstone pendant,30,HIGH,100
real silver studs,30,HIGH,100
multi drop necklace,30,HIGH,100
may birthstone necklace pandora,30,HIGH,100
thread through earrings silver,30,HIGH,100
unique crystal jewelry,30,HIGH,100
swarovski gemini necklace,30,HIGH,100
ralph lauren silver hoop earrings,30,HIGH,100
baroque pearl earrings silver,30,HIGH,100
september earrings,30,HIGH,88
best crystal bracelets,30,HIGH,100
4 carat emerald price,30,HIGH,88
pearl alexandrite and moonstone necklace,30,HIGH,100
unique citrine rings,30,HIGH,100
june birthstone claddagh ring,30,HIGH,100
swarovski necklace set sale,30,HIGH,97
cheap 925 sterling silver rings,30,HIGH,100
march earrings,30,HIGH,100
good quality silver hoop earrings,30,HIGH,100
balenciaga silver earrings,30,HIGH,100
best cocktail rings,30,HIGH,100
november birthstone stackable ring,30,HIGH,100
authentic crystal beads,30,HIGH,100
ruby birthstone pendant,30,HIGH,100
gems of distinction,30,HIGH,100
june birthstone jewelry sets,30,HIGH,100
swarovski pear drop earrings,30,HIGH,98
large thin silver hoop earrings,30,HIGH,100
pearl statement earrings wedding,30,HIGH,100
real healing bracelets,30,HIGH,100
march birthstone necklace for mom,30,HIGH,100
wholesale crystal rings,30,HIGH,85
raw stone mothers ring,30,HIGH,100
lucent cocktail ring swarovski,30,HIGH,100
silver tragus stud,30,HIGH,100
two heart birthstone ring,30,HIGH,100
tiffany sterling earrings,30,HIGH,100
sterling silver wedding earrings,30,HIGH,85
silver designer hoop earrings,30,HIGH,96
gemini necklace swarovski,30,HIGH,100
claddagh ring march birthstone,30,HIGH,100
lemurian crystal necklace,30,HIGH,98
andara jewelry,30,HIGH,100
green birthstone necklace,30,HIGH,100
small sterling silver studs,30,HIGH,100
april birthstone necklace pandora,30,HIGH,100
may birthstone necklace silver,30,HIGH,100
silver ring with name engraved,30,HIGH,100
jared cocktail rings,30,HIGH,100
citrine ring near me,30,HIGH,83
yellow citrine pendant,30,HIGH,100
silver clicker hoop earrings,30,HIGH,100
real aquamarine stone necklace,30,HIGH,100
shein earrings silver,30,HIGH,100
swarovski moon and star necklace,30,HIGH,100
blue topaz stud earrings sterling silver,30,HIGH,100
january birthstone necklace silver,30,HIGH,100
valentino silver earrings,30,HIGH,100
mens silver diamond hoop earrings,30,HIGH,100
sterling silver russian wedding ring,30,HIGH,82
70mm sterling silver hoop earrings,30,HIGH,100
silver dinosaur earrings,30,HIGH,100
gold plated birthstone necklace,30,HIGH,100
birth flower and stone necklace,30,HIGH,100
1 carat diamond cocktail ring,30,HIGH,100
sapphire drop earrings silver,30,HIGH,100
childrens silver hoop earrings,30,HIGH,94
quality sterling silver earrings,30,HIGH,99
70mm silver hoop earrings,30,HIGH,100
crystal birthstone necklace,30,HIGH,69
15mm silver hoop earrings,30,HIGH,100
birthstone huggies,30,HIGH,100
small crystal bracelets,30,HIGH,100
pandora silver studs,30,HIGH,100
levian citrine,30,HIGH,100
healing crystal engagement rings,30,HIGH,100
custom silver earrings,30,HIGH,100
taurus birthstone jewelry,30,MEDIUM,58
turquoise birthstone bracelet,30,HIGH,100
earrings silver 925,30,HIGH,100
women's rose quartz bracelet,30,HIGH,100
emerald birthstone pendant,30,HIGH,88
sterling silver rectangle hoop earrings,30,HIGH,100
pandora march birthstone earrings,30,HIGH,69
green crystal drop earrings,30,HIGH,96
silver bracelet and earring set,30,HIGH,100
sagittarius birthstone earrings,30,MEDIUM,36
sterling silver small hoop earrings set,30,HIGH,100
february birthstone necklace silver,30,HIGH,100
silver index finger ring,30,HIGH,100
cute silver stud earrings,30,HIGH,100
tous silver earrings,30,HIGH,100
silver hoop earrings with stones,30,HIGH,100
25mm sterling silver hoop earrings,30,HIGH,100
silver clicker hoop,30,HIGH,100
dual birthstone engagement rings,30,HIGH,100
designer crystal earrings,30,HIGH,100
silver large earrings,30,HIGH,100
august birthstone ring with diamonds,30,HIGH,100
18k gold ring with emerald stone,30,HIGH,94
classy silver earrings,30,HIGH,100
swarovski ball earrings,30,HIGH,100
october bracelet,30,HIGH,100
jtv silver rings,30,HIGH,89
gemini birthstone bracelet,30,HIGH,100
swarovski ruby ring,30,HIGH,100
claddagh ring november birthstone,30,HIGH,100
designer statement rings,30,HIGH,100
vivienne westwood crystal orb necklace,30,HIGH,100
silver sleeper hoop earrings,30,HIGH,76
white gold crystal necklace,30,HIGH,100
capricorn birthstone jewelry,30,HIGH,100
round crystal earrings,30,HIGH,100
lightweight sterling silver hoop earrings,30,HIGH,100
rose quartz fertility bracelet,30,HIGH,83
obsidian crystal ring,30,HIGH,100
august bracelet,30,HIGH,100
pink stud earrings sterling silver,30,HIGH,98
swarovski hamsa bracelet,30,HIGH,100
sterling silver hoop earrings with charm,30,HIGH,98
crystal belly chain,30,HIGH,100
dancing diamond necklace swarovski,30,HIGH,100
chakra gemstone bracelet,30,HIGH,100
sterling silver dinosaur earrings,30,HIGH,100
pisces birthstone bracelet,30,HIGH,89
silver mushroom ring,30,HIGH,94
silver crystal stud earrings,30,HIGH,67
crystal jewelry bracelet,30,HIGH,100
yellow cocktail ring,30,HIGH,100
moon crystal bracelet,30,HIGH,100
sterling silver initial necklace with birthstone,30,HIGH,100
mens silver dangle earrings,30,HIGH,100
plain stud earrings silver,30,HIGH,97
november bracelet,30,HIGH,100
rose gold crystal bracelet,30,HIGH,100
jcpenney cubic zirconia earrings,30,HIGH,100
pandora december birthstone necklace,30,HIGH,99
silver sparkly dangle earrings,30,HIGH,100
december birthstone earrings pandora,30,MEDIUM,56
garnet drop earrings silver,30,HIGH,100
10mm sterling silver hoop earrings,30,HIGH,100
small crystals for jewelry making,30,HIGH,100
red stone drop earrings,30,HIGH,100
swarovski pink drop earrings,30,HIGH,90
dark blue topaz earrings,30,HIGH,100
sparkly statement earrings,30,HIGH,100
ladies rings with stones,30,HIGH,100
om crystal jewelry,30,LOW,24
swarovski double bracelet,30,HIGH,100
real clear quartz necklace,30,MEDIUM,63
silver earrings with pearl drop,30,HIGH,100
birthstone stud earrings gold,30,MEDIUM,56
energy stone necklace,30,HIGH,96
march birthstone cross necklace,30,HIGH,100
925 silver huggie earrings,30,HIGH,100
december gemstone ring,30,HIGH,92
swarovski bridal necklace set,30,HIGH,100
crystal diamond earrings,30,HIGH,100
small silver nose stud,30,HIGH,100
shungite crystal bracelet,30,HIGH,100
crystal heart pendant necklace,30,HIGH,86
black and silver statement earrings,30,HIGH,86
pandora april birthstone necklace,30,HIGH,100
silver dot earrings,30,HIGH,97
real turquoise stone ring,30,HIGH,100
amazon silver drop earrings,30,MEDIUM,45
kohls birthstone earrings,30,MEDIUM,40
silver evening earrings,30,HIGH,100
white gold crystal earrings,30,MEDIUM,33
swarovski square stud earrings,30,HIGH,97
gold crystal choker,30,HIGH,85
mens crystal pendant necklace,30,HIGH,100
best sterling silver hoop earrings,30,HIGH,100
thick small silver hoops,30,HIGH,97
citrine stone pendant,30,HIGH,100
rose gold sterling silver earrings,30,HIGH,100
swarovski leaf necklace,30,HIGH,100
swarovski products,30,HIGH,100
effy cocktail rings,30,HIGH,100
3mm crystal beads,30,HIGH,100
birth month earrings,30,HIGH,100
silver forest earrings amazon,30,HIGH,75
tiffany heart tag key ring,30,HIGH,88
jcpenney birthstone earrings,30,LOW,27
celtic birthstone rings,30,HIGH,100
cheap silver hoop earrings,30,HIGH,100
vogel crystal necklace,30,HIGH,100
yellow citrine engagement ring,30,HIGH,100
swarovski leverback earrings,30,HIGH,100
swarovski owl necklace,30,HIGH,100
swarovski pink teddy bear necklace,30,HIGH,100
expensive silver rings,30,HIGH,100
silver ear crawler earrings,30,HIGH,100
citrine claddagh ring,30,HIGH,100
yellow gold statement ring,30,HIGH,100
drop & linear silver earrings for women,30,HIGH,100
fertility crystal necklace,30,MEDIUM,50
rose quartz locket,30,HIGH,100
crystal jewelry online store,30,HIGH,93
swarovski rainbow earrings,30,HIGH,79
mother of the bride earrings silver,30,HIGH,100
crystal tree necklace,30,HIGH,100
swarovski halo necklace,30,HIGH,100
thin silver earrings,30,HIGH,100
swarovski daisy earrings,30,HIGH,100
crystal loc jewelry,30,HIGH,100
12mm sterling silver hoop earrings,30,HIGH,100
dainty silver hoops,30,HIGH,100
green cubic zirconia earrings,30,HIGH,100
black onyx drop earrings sterling silver,30,HIGH,100
birthstone stud earrings set,30,HIGH,100
gucci rhinestone earrings,30,HIGH,100
pandora may birthstone necklace,30,HIGH,100
blue sapphire 2 carat price,30,HIGH,100
swarovski circle pendant necklace,30,HIGH,100
sterling diamond earrings,30,HIGH,98
july bracelet,30,HIGH,100
buy gemstones wholesale,30,HIGH,100
swarovski sparkling dance heart necklace,30,HIGH,89
tiger stone necklace,30,HIGH,100
green stone earrings silver,30,HIGH,100
carnelian anklet,30,HIGH,100
silver bar drop earrings,30,HIGH,100
gold ring statement,30,HIGH,100
swarovski teddy necklace,30,HIGH,96
swarovski only bracelet,30,HIGH,100
guess silver hoop earrings,30,HIGH,100
bvlgari earrings silver,30,HIGH,100
large silver studs,30,HIGH,97
minnie mouse birthstone necklace,30,HIGH,100
etsy mens silver rings,30,HIGH,100
swarovski silver hoops,30,HIGH,100
cos silver earrings,30,MEDIUM,57
earring crawlers silver,30,HIGH,100
gunmetal statement earrings,30,HIGH,100
beautiful crystal necklaces,30,HIGH,100
pink sapphire stone price,30,HIGH,100
mens small hoop earrings silver,30,HIGH,100
october birthstone bracelet pandora,30,HIGH,100
surgical silver earrings,30,HIGH,100
long chain earrings silver,30,HIGH,100
silver earring sets for 3 holes,30,HIGH,100
statement earrings pearl,30,HIGH,100
swarovski pink crystal bracelet,30,HIGH,92
silver necklace earrings and bracelet set,30,HIGH,97
swarovski stone bracelet,30,HIGH,100
aqeeq ring islam,30,HIGH,81
leo crystal bracelet,30,HIGH,90
925 sterling silver drop earrings,30,HIGH,100
rose quartz cocktail ring,30,HIGH,100
january birthstone earrings pandora,30,HIGH,100
aqua aura quartz pendant,30,HIGH,100
kay jewelers cocktail rings,30,HIGH,88
pink crystal pendant,30,HIGH,100
dressy silver earrings,30,HIGH,100
silver nose cuff,30,HIGH,85
swarovski pear earrings,30,HIGH,100
brilliance genuine crystal bracelet,30,HIGH,100
crystal vial necklace,30,HIGH,86
healing crystal wedding rings,30,HIGH,100
alex and ani october birthstone bracelet,30,HIGH,68
classy statement earrings,30,HIGH,100
sterling silver french wire,30,HIGH,100
crystal turtle necklace,30,HIGH,100
sterling studs,30,HIGH,100
blue topaz heart,30,HIGH,100
everyday elegance jewelry,30,HIGH,95
jtv silver hoop earrings,30,HIGH,100
white sapphire rose gold engagement rings,30,HIGH,100
white gold crystal ring,30,LOW,29
big chunky silver earrings,30,HIGH,100
6 carat amethyst price,30,MEDIUM,65
swarovski link bracelet,30,HIGH,100
swarovski cross earrings,30,HIGH,100
sapphire diamond price,30,HIGH,96
swarovski double ring necklace,30,HIGH,84
gemini crystal bracelet,30,HIGH,100
ross simons sterling silver earrings,30,HIGH,100
sterling silver earrings set of 4,30,HIGH,100
sterling dangle earrings,30,HIGH,97
blue sterling silver earrings,30,HIGH,100
cute silver hoop earrings,30,HIGH,100
breastmilk necklace with birthstones,30,HIGH,100
aqua aura quartz necklace,30,HIGH,100
swarovski pear necklace,30,HIGH,100
swarovski silver chain,30,HIGH,100
chanel metal and strass earrings,30,HIGH,100
pandora birthstone necklace december,30,HIGH,99
silver textured hoop earrings,30,HIGH,100
dinosaur earrings sterling silver,30,HIGH,100
simple crystal necklace,30,HIGH,100
emerald cut citrine engagement ring,30,HIGH,98
sapphire crystal bracelet,30,HIGH,100
rose quartz necklace near me,30,HIGH,100
tanzanite crystal necklace,30,HIGH,100
crystal wedding necklace,30,HIGH,100
silver dragon jewelry,30,HIGH,99
men's citrine wedding band,30,HIGH,100
crystal layered necklace,30,HIGH,100
november birthstone band,30,HIGH,100
swarovski diamond pendant,30,HIGH,100
dinosaur earrings silver,30,HIGH,100
anthropologie birthstone ring,30,HIGH,74
dainty crystal rings,30,HIGH,94
swarovski swan stud earrings,30,HIGH,100
famous emerald engagement rings,30,HIGH,90
silver sparkly jewelry,30,HIGH,97
sterling silver sleeper hoop earrings,30,HIGH,73
hanging rhinestones,30,HIGH,100
quartz stone necklace,30,HIGH,100
aquamarine cocktail ring emerald cut,30,HIGH,100
pandora vintage earrings,30,HIGH,100
crystal spacer beads,30,HIGH,97
purple crystal jewelry,30,HIGH,100
june birthstone bracelet pandora,30,HIGH,100
swarovski snowflake ring,30,HIGH,92
hamsa earrings silver,30,HIGH,100
925 silver ring with diamond price,30,HIGH,100
teardrop stud earrings silver,30,HIGH,98
etsy citrine necklace,30,HIGH,100
dainty dangle earrings silver,30,HIGH,100
swarovski 3 stone necklace,30,HIGH,100
silver glitter hoop earrings,30,HIGH,100
crystal cluster necklace,30,HIGH,100
crystal bracelet shop,30,LOW,33
butterfly statement ring,30,HIGH,100
january earrings,30,HIGH,86
citrine pixiu bracelet,30,HIGH,100
larimar hoop earrings,30,HIGH,100
silver butterfly earrings studs,30,HIGH,100
chunky silver statement rings,30,HIGH,100
january bracelet,30,HIGH,98
oval crystal ring,30,HIGH,100
black tourmaline choker,30,HIGH,100
silver tree earrings,30,HIGH,100
zara silver earrings,30,HIGH,100
constellation stud earrings,30,HIGH,100
rose quartz belly ring,30,HIGH,100
hexagon hoop earrings silver,30,HIGH,100
swarovski galet earrings,30,HIGH,100
august ring stone,30,HIGH,92
swarovski blue pendant necklace,30,HIGH,99
swarovski crystaldust bracelet,30,HIGH,100
black tourmaline stone necklace,30,HIGH,100
sardonyx birthstone ring,30,HIGH,100
vivienne westwood crystal necklace,30,HIGH,100
large emerald cocktail ring,30,HIGH,100
sterling silver ear crawlers,30,HIGH,100
evil eye stone bracelet,30,HIGH,100
statement silver rings for women,30,HIGH,100
small silver cross earrings,30,HIGH,100
swarovski disney bracelet,30,HIGH,100
angelite pendant,30,HIGH,100
sterling silver ball hoop earrings,30,HIGH,100
10k gold citrine ring,30,HIGH,96
swarovski crown necklace,30,HIGH,92
gold filled statement ring,30,HIGH,100
ethnic silver earrings,30,HIGH,97
pyrite stone necklace,30,HIGH,100
white quartz pendant,30,HIGH,98
crystal bracelet shop near me,30,HIGH,98
breast milk jewelry with birthstones,30,HIGH,100
moon crystal ring,30,HIGH,77
garnet ring price,30,HIGH,96
sterling silver heart studs,30,HIGH,100
red birthstone ring,30,HIGH,100
alexander stone ring,30,HIGH,80
swarovski elderflower bracelet,30,HIGH,68
heart shaped cocktail ring,30,HIGH,71
spiritual stone necklaces,30,HIGH,100
silver ring for gf,30,HIGH,100
crystal bear necklace,30,HIGH,100
clear resin earrings,30,HIGH,88
pandora birthstone necklace may,30,HIGH,100
swarovski moon pendant,30,HIGH,94
breast milk birthstone ring,30,HIGH,100
silver stone hoop earrings,30,HIGH,100
black obsidian wolf necklace,30,HIGH,96
swarovski rope bracelet,30,HIGH,74
citrine wedding set,30,HIGH,100
big silver studs,30,HIGH,97
black tourmaline stone ring,30,HIGH,100
iridescent crystal earrings,30,HIGH,100
nic & syd swarovski necklace,30,HIGH,71
sapphire dinner rings,30,HIGH,100
cool statement earrings,30,HIGH,98
women rose quartz bracelet,30,HIGH,100
sterling silver long drop earrings,30,HIGH,95
leverback earrings swarovski,30,HIGH,100
purple crystal pendant,30,HIGH,100
december ring stone,30,HIGH,100
aquamarine ring price,30,HIGH,100
teal crystal necklace,30,HIGH,100
7 chakra beads,30,HIGH,100
tory burch roxanne ring,30,HIGH,87
aventurine stone bracelet,30,HIGH,100
stones that sparkle like diamonds,30,HIGH,78
14k citrine earrings,30,HIGH,100
enamel cocktail ring,30,HIGH,100
sagittarius crystal bracelet,30,HIGH,100
dark blue crystal necklace,30,HIGH,100
14k gold yellow topaz ring,30,HIGH,95
magic crystal necklace,30,HIGH,89
snake hoop earrings silver,30,HIGH,100
garnet and citrine earrings,30,HIGH,91
s925 diamond earrings,30,HIGH,100
crystal rings for protection,30,HIGH,100
7 chakra crystal necklace,30,HIGH,100
sterling silver pumpkin earrings,30,HIGH,100
citrine stone gold ring,30,HIGH,90
jade statement ring,30,HIGH,100
silver mandala earrings,30,HIGH,94
8 mm hoops,30,HIGH,100
men citrine ring,30,HIGH,100
pandora citrine earrings,30,LOW,31
tiffany and co heart earrings silver,30,HIGH,100
pandora january birthstone earrings,30,HIGH,100
swarovski elements necklace,30,HIGH,100
s 925 ring,30,HIGH,76
oval diamond cocktail ring,30,HIGH,100
silver kundan earrings,30,HIGH,100
sunflower earrings james avery,30,HIGH,99
10k citrine ring,30,HIGH,100
onyx crystal bracelet,30,HIGH,100
dinosaur design earrings,30,HIGH,96
butterfly dangle earrings silver,30,HIGH,100
silver vine earrings,30,HIGH,100
monstera stud earrings,30,HIGH,100
white sapphire stone ring,30,HIGH,100
aurora rhinestones,30,HIGH,100
birthstone brats,30,HIGH,100
citrine stone birthstone,30,HIGH,100
dream amethyst bracelet,30,HIGH,100
genuine birthstones by month,30,HIGH,100
dangle star earrings silver,30,HIGH,100
sky blue stone ring,30,HIGH,86
etsy citrine earrings,30,LOW,25
silver dangle butterfly earrings,30,HIGH,100
cushion cut cocktail ring,30,HIGH,100
summer birthstones,30,MEDIUM,54
ice blue topaz,30,HIGH,100
big round silver earrings,30,HIGH,100
ball hook earrings,30,HIGH,94
blue topaz for sagittarius,30,MEDIUM,37
fluorite crystal pendant,30,HIGH,100
silver earrings with chain,30,HIGH,100
crystal bead shop,30,HIGH,94
western statement earrings,30,HIGH,100
pear cut citrine ring,30,HIGH,100
cool cocktail rings,30,HIGH,100
amber cocktail ring,30,HIGH,100
mystic topaz birthstone,30,HIGH,98
orange crystal ring,30,HIGH,100
silver butterfly drop earrings,30,HIGH,100
enchanted moonstone necklace,30,HIGH,100
david yurman men's spiritual bead bracelet,30,HIGH,100
sundance turquoise earrings,30,HIGH,100
david yurman eye bracelet,30,HIGH,100
citrine fine jewelry,30,HIGH,100
moonstone earrings 14k gold,30,HIGH,100
14k gold turquoise pendant,30,HIGH,95
zales citrine necklace,30,HIGH,100
temple st clair moonstone necklace,30,HIGH,100
citrine sunflower necklace,30,HIGH,100
turquoise network wholesale,30,HIGH,100
bradford exchange turquoise jewelry,30,HIGH,91
kay jewelers november birthstone,30,HIGH,100
stauer turquoise jewelry,30,HIGH,99
monica vinader turquoise earrings,30,HIGH,90
kay jewelers turquoise rings,30,HIGH,100
citrine huggie earrings,30,HIGH,100
turquoise sapphire engagement rings,30,HIGH,100
jennifer meyer turquoise earrings,30,HIGH,99
sapphire and citrine necklace,30,HIGH,100
moonstone jewelry for sale,30,HIGH,100
antler rings turquoise,30,HIGH,100
western turquoise promise ring,30,HIGH,100
jtv moonstone rings,30,HIGH,100
turquoise huggie hoop earrings,30,HIGH,100
turquoise and gold beaded necklace,30,HIGH,100
citrine and gold necklace,30,HIGH,100
14k gold turquoise stud earrings,30,HIGH,97
indian turquoise jewelry near me,30,HIGH,99
14k turquoise earrings,30,HIGH,100
women's moonstone engagement ring,30,HIGH,100
southwest turquoise rings,30,HIGH,100
jennifer meyer turquoise ring,30,HIGH,73
moonstone 14k gold ring,30,HIGH,100
citrine diamond pendant,30,HIGH,100
moonstone solitaire ring,30,HIGH,100
mens gold and turquoise wedding band,30,HIGH,100
tiger bracelet mens,30,HIGH,100
levian citrine earrings,30,HIGH,100
rose gold moonstone bracelet,30,HIGH,100
genuine navajo turquoise jewelry,30,HIGH,100
ross simons turquoise jewelry,30,HIGH,100
moonstone ring set,30,HIGH,100
thin turquoise necklace,30,HIGH,100
rose gold and turquoise jewelry,30,HIGH,100
pueblo turquoise jewelry,30,HIGH,70
14k gold moonstone necklace,30,HIGH,100
citrine gemstone bracelet,30,HIGH,100
citron necklace,30,HIGH,100
turquoise gold studs,30,HIGH,82
mens turquoise inlay rings,30,HIGH,100
moonstone and opal engagement ring,30,HIGH,100
van cleef and arpels turquoise,30,HIGH,100
carnelian heart bracelet,30,HIGH,99
clearance turquoise jewelry,30,HIGH,100
oval moonstone engagement ring,30,HIGH,100
pandora moments seashell clasp turquoise braided leather bracelet,30,HIGH,99
real turquoise squash blossom necklace,30,HIGH,100
tiger eye and onyx bracelet,30,HIGH,100
opal and citrine necklace,30,HIGH,100
chan luu turquoise wrap bracelet,30,HIGH,100
wood and turquoise wedding band,30,HIGH,96
genuine moonstone bracelet,30,HIGH,100
roberto coin turquoise earrings,30,HIGH,100
mens silver ring with turquoise stone,30,HIGH,100
november birthstone cross necklace,30,MEDIUM,42
citrine and peridot necklace,30,HIGH,100
november birthstone mens jewelry,30,HIGH,100
natural tiger eye bracelet,30,HIGH,100
roberto coin turquoise necklace,30,HIGH,100
mens tiger bracelet,30,HIGH,100
turquoise urn necklace,30,HIGH,100
large turquoise stud earrings,30,HIGH,100
citrine and emerald necklace,30,HIGH,100
gucci turquoise necklace,30,HIGH,97
navajo turquoise stud earrings,30,HIGH,100
925 silver signet ring,30,HIGH,100
genuine carnelian necklace,30,HIGH,100
turquoise outlet,30,HIGH,92
genuine turquoise stud earrings,30,HIGH,100
women's citrine bracelet,30,HIGH,100
discount turquoise jewelry,30,HIGH,100
authentic turquoise bracelet,30,HIGH,100
black moonstone engagement ring,30,HIGH,100
10mm tiger eye bracelet,30,HIGH,98
925 silver wedding ring sets,30,HIGH,100
pearl alexandrite and moonstone jewelry,30,HIGH,100
zales citrine earrings,30,HIGH,100
tiger eye protection bracelet,30,HIGH,86
moonstone and blue topaz ring,30,HIGH,100
citrine set,30,HIGH,100
gold tiger bracelet,30,HIGH,100
local turquoise jewelry,30,HIGH,97
emerald and citrine necklace,30,HIGH,100
arizona turquoise bracelet,30,HIGH,100
turquoise moissanite ring,30,HIGH,100
white gold citrine bracelet,30,MEDIUM,34
citrine and aquamarine jewelry,30,HIGH,100
crescent moon moonstone necklace,30,HIGH,100
silver turquoise engagement ring,30,HIGH,100
ruby and citrine necklace,30,HIGH,93
mens large turquoise rings,30,HIGH,100
silver moonstone engagement ring,30,HIGH,100
initial turquoise necklace,30,HIGH,100
beautiful turquoise rings,30,HIGH,100
obsidian and tiger eye bracelet,30,HIGH,100
healing stone engagement rings,30,HIGH,100
small moonstone ring,30,HIGH,100
bronze and turquoise jewelry,30,HIGH,100
greek turquoise jewelry,30,HIGH,100
turquoise chain bracelet,30,HIGH,100
carnelian gold bracelet,30,HIGH,100
moonstone cluster ring,30,HIGH,100
sterling and turquoise jewelry,30,HIGH,100
moonstone emerald cut ring,30,HIGH,100
moonstone butterfly ring,30,HIGH,73
925 ud ring,30,MEDIUM,38
turquoise inlay engagement ring,30,HIGH,100
sleeping beauty turquoise earrings gold,30,HIGH,100
emerald cut moonstone engagement ring,30,HIGH,100
turquoise jewelry squash blossom necklace,30,HIGH,100
tiger eye buddha bracelet,30,HIGH,100
turquoise jewelry cross,30,HIGH,100
tiger eye drop earrings,30,HIGH,100
925 sterling silver stackable rings,30,HIGH,100
14k yellow gold turquoise ring,30,HIGH,98
mens gold ring with turquoise stone,30,HIGH,100
pandora turquoise leather bracelet,30,HIGH,80
vca tiger eye necklace,30,HIGH,100
oversized turquoise ring,30,HIGH,100
925 silver drop earrings,30,HIGH,92
oval moonstone necklace,30,HIGH,100
le vian citrine,30,HIGH,100
moonstone coffin ring,30,HIGH,100
white gold turquoise pendant,30,HIGH,90
navajo pawn jewelry,30,HIGH,100
moonstone chain necklace,30,HIGH,100
sterling and turquoise earrings,30,HIGH,100
minimalist turquoise necklace,30,HIGH,100
10k gold moonstone ring,30,HIGH,100
sterling silver bracelet with turquoise stone,30,HIGH,100
bisbee turquoise earrings,30,HIGH,100
original turquoise stone,30,HIGH,100
pandora moonstone earrings,30,HIGH,80
bvlgari ring silver 925,30,HIGH,97
tiger eye leather bracelet,30,HIGH,100
turquoise and diamond ring band,30,HIGH,100
round moonstone ring,30,HIGH,100
green turquoise stud earrings,30,HIGH,100
otteson turquoise jewelry,30,HIGH,95
old pawn turquoise jewelry for sale,30,HIGH,96
citrine necklace zales,30,HIGH,100
tiger eye hematite bracelet,30,HIGH,100
opal moonstone necklace,30,HIGH,70
moonstone birthstone jewelry,30,HIGH,100
925 silver band ring,30,HIGH,98
rose quartz and carnelian bracelet,30,HIGH,100
turquoise choker necklace gold,30,HIGH,100
turquoise piercing jewelry,30,HIGH,98
orange turquoise earrings,30,HIGH,100
925 sterling silver mood ring,30,HIGH,100
bohemian ring set,30,HIGH,100
swarovski turquoise necklace,30,HIGH,100
bulgari turquoise,30,HIGH,100
moonstone threadless end,30,HIGH,100
bohemian wedding ring set,30,HIGH,100
sterling turquoise bracelet,30,HIGH,100
holy spirit earrings,30,HIGH,100
citrine 10k ring,30,HIGH,100
women spiritual jewelry,30,HIGH,100
p star m 925 ring,30,HIGH,77
cheap turquoise earrings,30,HIGH,100
real turquoise pendant necklace,30,HIGH,100
citrine bracelet near me,30,HIGH,100
custom turquoise necklace,30,HIGH,100
native owned turquoise jewelry,30,HIGH,100
concho earrings studs,30,HIGH,100
white gold moonstone pendant,30,HIGH,75
tiffany tiger eye bracelet,30,HIGH,100
turquoise color ring,30,HIGH,100
sapphire and moonstone engagement ring,30,HIGH,80
citrine and black diamond ring,30,HIGH,80
carnelian and rose quartz necklace,30,HIGH,92
turquoise initial ring,30,HIGH,100
boulder turquoise pendant,30,HIGH,100
native turquoise bracelets,30,HIGH,100
garnet and citrine bracelet,30,HIGH,100
ebay turquoise bracelets,30,HIGH,100
turquoise bead stretch bracelet,30,HIGH,100
blue turquoise pendant,30,HIGH,100
vintage turquoise drop earrings,30,HIGH,100
silver tiger bracelet,30,HIGH,98
sterling moonstone ring,30,HIGH,97
925 silver snake ring,30,HIGH,100
8mm tiger eye bracelet,30,HIGH,100
925 cfj,30,LOW,2
925 cfj ring,30,LOW,0
925 dk ring,30,LOW,17
925 dq cz,30,LOW,10
925 fzn,30,LOW,5
925 harley davidson ring,30,LOW,15
925 ibb cn,30,LOW,5
925 inside silver ring,30,LOW,10
925 kpj,30,LOW,9
925 ruby ring,30,HIGH,99
925 silver amethyst ring,30,HIGH,100
925 silver cubic zirconia,30,HIGH,95
925 silver diamond ring price,30,HIGH,100
925 silver opal ring,30,HIGH,100
925 silver ring band,30,HIGH,98
925 silver ring with amethyst,30,HIGH,100
925 silver turquoise ring,30,HIGH,100
925 stamped inside ring,30,LOW,2
925 stamped on ring,30,LOW,2
925 sterling silver adjustable ring,30,HIGH,94
925 sterling silver emerald ring,30,HIGH,93
925 sterling silver infinity ring,30,HIGH,100
925 sterling silver stacking rings,30,HIGH,100
all silver squash blossom necklace,30,HIGH,100
amazon 925 silver rings,30,HIGH,77
ana luisa moonstone necklace,30,HIGH,73
anatometal rainbow moonstone,30,MEDIUM,42
aquamarine citrine ring,30,HIGH,100
authentic native american turquoise rings,30,HIGH,100
barse 925 turquoise necklace,30,HIGH,100
begay turquoise jewelry,30,HIGH,99
bella moonstone ring twilight,30,HIGH,100
black and turquoise necklace,30,HIGH,100
blue tiger eye stone bracelet,30,HIGH,100
brass and turquoise necklace paparazzi,30,HIGH,84
buddha tiger eye bracelet,30,HIGH,100
bulgari citrine ring,30,HIGH,79
c yazzie jewelry,30,HIGH,100
carnelian egyptian jewelry,30,MEDIUM,59
carnelian jewelry necklaces,30,,
carnelian necklace near me,30,HIGH,85
carnelian pendant silver,30,MEDIUM,55
carnelian rings for women,30,HIGH,100
carnelian silver pendant,30,MEDIUM,55
cartier ring 925,30,HIGH,83
cartier tiger eye ring,30,LOW,15
cersei citrine ring,30,HIGH,99
cersei lannister citrine ring,30,HIGH,99
cheap turquoise,30,HIGH,100
chrome hearts 925 ring,30,HIGH,95
citrine and green aventurine bracelet,30,HIGH,100
citrine and jade bracelet,30,HIGH,100
citrine aquamarine ring,30,HIGH,100
citrine garnet earrings,30,HIGH,91
citrine semi precious stone,30,HIGH,100
claddagh ring citrine,30,HIGH,100
copper moonstone ring,30,HIGH,100
dark blue moonstone ring,30,HIGH,88
dark blue turquoise jewelry,30,HIGH,100
dark moonstone ring,30,HIGH,71
diamond tiger bracelet,30,HIGH,79
dl 925 ring,30,LOW,30
dry creek earrings,30,HIGH,100
early november birthstone,30,HIGH,90
edwardian moonstone ring,30,HIGH,100
effie zuni rings,30,HIGH,100
elsa peretti turquoise earrings,30,MEDIUM,66
emerald turquoise ring,30,HIGH,100
enhanced turquoise,30,HIGH,68
eye bracelet for men,30,HIGH,100
eye of onyx necklace,30,LOW,22
eye silver bracelet,30,HIGH,94
faceted moonstone engagement ring,30,HIGH,100
faux turquoise stones,30,HIGH,100
fossil turquoise,30,MEDIUM,34
fossil turquoise bracelet,30,HIGH,89
garnet and moonstone jewelry,30,HIGH,100
genuine turquoise cross necklace,30,HIGH,100
gold moon stone,30,HIGH,85
golden hill turquoise earrings,30,HIGH,100
green stone like turquoise,30,HIGH,94
grey moonstone necklace,30,MEDIUM,47
hds 925 ring,30,HIGH,72
ja 925 ring,30,HIGH,92
jtw 925,30,MEDIUM,43
kingman turquoise cuff bracelet,30,HIGH,100
light blue turquoise jewelry,30,HIGH,100
light turquoise earrings,30,HIGH,100
luna skye moonstone ring,30,HIGH,85
m spencer turquoise jewelry,30,HIGH,100
matte moonstone beads,30,MEDIUM,59
mens silver tiger eye ring,30,HIGH,100
mens turquoise rings ebay,30,HIGH,100
minimalist moonstone ring,30,HIGH,100
minimalist turquoise ring,30,HIGH,100
modern moonwalk white ring paparazzi,30,LOW,0
montezuma turquoise,30,HIGH,83
moon stone birthstone,30,HIGH,93
moon stone in gold,30,HIGH,85
moon stone ring for men,30,HIGH,100
moonstone and peridot,30,HIGH,97
moonstone bracelet near me,30,HIGH,94
moonstone charm bracelet,30,HIGH,100
moonstone crown ring,30,HIGH,71
moonstone gemstone engagement rings,30,LOW,13
moonstone inlay ring,30,HIGH,100
moonstone lotus ring,30,HIGH,100
moonstone moon face ring,30,HIGH,99
moonstone pendant designs,30,HIGH,90
moonstone ring sterling,30,HIGH,97
moonstone sapphire engagement ring,30,HIGH,80
moonstone sterling silver,30,HIGH,100
moonstone teardrop engagement ring,30,HIGH,100
moonstone waist beads,30,HIGH,97
mosaic turquoise jewelry,30,HIGH,86
nd 925 ring,30,LOW,16
needlepoint turquoise bracelet,30,HIGH,100
neometal moonstone,30,HIGH,80
november birthstone tennis bracelets,30,HIGH,100
obsidian tiger eye bracelet,30,HIGH,100
opal and citrine jewelry,30,HIGH,100
opalite moonstone necklace,30,HIGH,70
orange and turquoise necklace,30,HIGH,100
our lady turquoise,30,LOW,0
paj 925 earrings,30,HIGH,100
paparazzi brown moonstone earrings,30,LOW,0
paparazzi tiger eye ring,30,MEDIUM,56
paparazzi turquoise jewelry,30,HIGH,100
paparazzi turquoise ring,30,HIGH,81
pura vida turquoise ring,30,HIGH,89
purple copper turquoise ring,30,HIGH,91
purple moonstone necklace,30,MEDIUM,43
qvc turquoise bracelets,30,HIGH,100
rainbow moonstone crystal necklace,30,HIGH,73
rainbow turquoise stone,30,HIGH,100
raw cut moonstone ring,30,HIGH,100
raw moonstone bracelet,30,HIGH,100
real tiger eye ring,30,HIGH,100
reversible squash blossom necklace,30,HIGH,100
rose cut moonstone ring,30,HIGH,100
rough cut moonstone ring,30,HIGH,94
round moonstone necklace,30,HIGH,100
running bear turquoise ring,30,HIGH,100
sapphire moonstone ring,30,HIGH,100
shablool didae,30,LOW,26
silver carnelian pendant,30,MEDIUM,55
silver heart ring 925,30,,
simple turquoise jewelry,30,HIGH,100
sleeping turquoise,30,HIGH,100
sleeping with earrings in,30,LOW,0
snake ring 925 silver,30,HIGH,100
spiritual diva jewelry,30,LOW,0
spiritual jewelry stores near me,30,HIGH,94
spiritual stones necklace zelda,30,HIGH,78
stabilizing turquoise,30,LOW,4
stamped turquoise jewelry,30,HIGH,100
sterling silver 925 heart ring,30,HIGH,100
sterling silver carnelian pendant,30,HIGH,88
sterling silver citrine jewelry,30,HIGH,96
sterling silver squash blossom,30,HIGH,97
sterling silver turquoise band ring,30,HIGH,97
sts 10k ring,30,MEDIUM,61
sweet alhambra pendant rose gold carnelian,30,HIGH,83
t925 ring,30,MEDIUM,45
thin turquoise wedding band,30,HIGH,100
thomas francisco squash blossom,30,HIGH,82
tiffany turquoise heart bracelet,30,HIGH,100
tiger bracelet silver,30,HIGH,98
tiger diamond bracelet,30,HIGH,79
tiger eye cameo ring,30,HIGH,100
tiger eye necklace amazon,30,MEDIUM,55
tiger eye necklace price,30,HIGH,100
tiger eye studs,30,HIGH,100
tiger stone jewellery,30,HIGH,100
tiger stone ring price,30,MEDIUM,38
tiny moonstone ring,30,HIGH,100
triangle moonstone ring,30,HIGH,100
triple moon goddess moonstone ring,30,MEDIUM,57
turquoise and silver indian jewelry,30,HIGH,100
turquoise blue pendant,30,HIGH,100
turquoise clay earrings,30,HIGH,100
turquoise crawler earrings,30,HIGH,100
turquoise dragonfly ring,30,HIGH,96
turquoise earring set,30,HIGH,100
turquoise eye necklace,30,HIGH,100
turquoise horseshoe earrings,30,HIGH,98
turquoise indian,30,HIGH,69
turquoise jhumka earrings,30,HIGH,98
turquoise naja necklace,30,HIGH,98
turquoise necklace cross,30,HIGH,100
turquoise necklace price,30,HIGH,100
turquoise obsidian,30,LOW,6
turquoise rope necklace,30,HIGH,100
turquoise star pendant,30,HIGH,100
turquoise zircon,30,HIGH,71
uncut turquoise,30,HIGH,100
unisex turquoise ring,30,HIGH,100
van cleef carnelian alhambra necklace,30,HIGH,97
vca carnelian ring,30,MEDIUM,59
vintage 925 silver,30,HIGH,96
vintage citrine gold ring,30,HIGH,100
vintage gold citrine ring,30,HIGH,100
vintage mexican turquoise jewelry,30,HIGH,99
vintage turquoise and gold jewelry,30,HIGH,100
vintage zuni squash blossom necklace,30,HIGH,100
w 925 ring,30,LOW,29
white gold moonstone bracelet,30,LOW,18
white gold tiger eye necklace,30,HIGH,75
white gold tiger eye ring,30,MEDIUM,47
women carnelian necklace,30,HIGH,100
women november birthstone jewelry,30,HIGH,100
women's carnelian necklace,30,HIGH,100
yellow gold carnelian ring,30,MEDIUM,45
yellow gold moonstone necklace,30,MEDIUM,53
yellow gold tiger eye ring,30,HIGH,100
yellow gold turquoise bracelet,30,MEDIUM,43
yellow gold turquoise pendant,30,LOW,11
zales citrine jewelry,30,HIGH,100
zelda spiritual stone necklace,30,HIGH,78
zircon turquoise,30,HIGH,71
silver jewerly online,20,HIGH,100
unique jewelry for her,20,HIGH,97
jeulia premium artisan jewelry,20,MEDIUM,48
hug necklace silver,20,HIGH,100
natural stone beads wholesale,20,HIGH,100
handmade mens silver bracelets,20,HIGH,100
fendi silver ring,20,HIGH,100
silver t bar bracelet,20,HIGH,100
buy silver earrings online,20,LOW,8
siroski jewellery,20,HIGH,91
silver diamond ring for female,20,HIGH,100
mays birthstone,20,HIGH,82
silver belly bars,20,MEDIUM,51
boho spinner rings,20,HIGH,100
boho magic silver,20,HIGH,100
chandi ring for men,20,HIGH,90
ring making bali,20,HIGH,67
good luck crystal bracelet,20,HIGH,100
blue stone jewellery set,20,HIGH,100
infinity pendant silver,20,HIGH,100
emerald ring designs for female,20,HIGH,93
silver hand chain for men,20,HIGH,100
ruby stone ring for ladies,20,HIGH,100
silver jewlery online shopping,20,HIGH,100
silver anklet price,20,HIGH,96
custom handmade engagement rings,20,HIGH,100
handmade engagement rings near me,20,HIGH,100
blue boho jewelry,20,HIGH,100
tibetan lucky bracelet,20,HIGH,73
blue boho earrings,20,HIGH,100
handmade viking jewelry,20,HIGH,100
unique handmade necklaces,20,HIGH,96
handmade celtic jewellery,20,HIGH,100
bohemian style engagement rings,20,HIGH,100
premium artisan jewelry,20,HIGH,73
hand made silver jewllery,20,HIGH,100
92.5 silver gold plated jewellery,20,HIGH,100
boho earrings amazon,20,HIGH,100
handmade larimar jewelry,20,MEDIUM,62
german silver jewerly,20,HIGH,100
amethyst bracelet price,20,HIGH,100
artisan silver bracelets,20,HIGH,100
hand made silver bracelets,20,HIGH,100
pink stone jewellery set,20,HIGH,100
hand made gold rings,20,HIGH,100
stone pendant design,20,HIGH,100
hippy wedding rings,20,HIGH,100
big bohemian earrings,20,HIGH,100
chandi earrings,20,HIGH,97
rose quartz stone bracelet,20,HIGH,100
handmade bohemian earrings,20,HIGH,100
jewelry hand made,20,HIGH,100
gemstone ring for male,20,HIGH,100
artisan gold rings,20,HIGH,100
handcrafted rings near me,20,HIGH,91
custom beaded earrings,20,HIGH,100
black boho earrings,20,HIGH,100
boho promise rings,20,HIGH,100
handmade emerald ring,20,HIGH,100
handmade septum jewelry,20,HIGH,100
gold stone ring design,20,HIGH,89
boho diamond engagement rings,20,HIGH,83
morganite rose,20,HIGH,89
handmade opal necklace,20,HIGH,100
kelitch bracelets,20,HIGH,100
handmade promise rings,20,HIGH,100
sterling silver handcrafted jewelry,20,HIGH,100
boho necklaces amazon,20,HIGH,93
red stone jewellery set,20,HIGH,100
heavy silver earrings,20,HIGH,100
high end handmade jewelry,20,HIGH,71
oxidized choker,20,HIGH,70
oxidized necklace set,20,HIGH,100
local artisan jewelry near me,20,HIGH,99
handmade gold jewelry near me,20,HIGH,100
handmade crystal rings,20,HIGH,96
boho fringe earrings,20,HIGH,94
yellow sapphire ring design,20,HIGH,91
large bohemian earrings,20,HIGH,100
boho rainbow earrings,20,HIGH,94
bohemian stud earrings,20,HIGH,100
navy blue stone necklace,20,HIGH,100
handmade wrap bracelets,20,MEDIUM,50
silver dangle earrings prom,20,HIGH,67
popular handmade jewelry,20,HIGH,100
chandi necklace,20,HIGH,100
etsy bohemian earrings,20,LOW,24
bali style earrings,20,HIGH,100
handmade earrings design,20,HIGH,100
bohemian nose ring,20,HIGH,100
artisan jewelry designers,20,LOW,28
artisan turquoise jewelry,20,HIGH,100
oval stone ring design,20,HIGH,100
bali style bracelets,20,HIGH,100
hippie style engagement rings,20,HIGH,100
bohemian tassel earrings,20,HIGH,100
handmade diamond earrings,20,HIGH,83
glass baron handmade glass jewelry,20,MEDIUM,45
boho costume jewelry,20,HIGH,100
handmade jewelry artists,20,MEDIUM,57
gold rings boho,20,HIGH,82
handmade locket necklace,20,HIGH,100
moonstone ring price,20,HIGH,95
silver anklets with black beads,20,HIGH,100
opal fashion rings,20,HIGH,100
handmade spinner ring,20,HIGH,100
plumiss bracelet,20,HIGH,100
boho jewelry stand,20,HIGH,100
artisan earrings near me,20,HIGH,100
silver junk jewellery,20,HIGH,100
tiger eye bracelet price,20,HIGH,97
traditional balinese jewelry,20,HIGH,93
small boho earrings,20,HIGH,100
cute boho earrings,20,HIGH,87
boho wedding jewelry sets,20,HIGH,100
boho beaded choker,20,HIGH,100
bangle silver bracelet for men,20,HIGH,100
potessa handmade jewelry,20,HIGH,73
boho bracelets amazon,20,HIGH,100
handmade silver chain necklace,20,HIGH,96
emerald pendant design,20,HIGH,100
handmade sterling silver hoop earrings,20,MEDIUM,57
silver earrings boho,20,HIGH,100
green stone ring for male,20,HIGH,100
handmade bracelets for sale,20,HIGH,100
beautiful handmade jewelry,20,HIGH,100
women's handmade earrings,20,HIGH,100
art necklace handmade,20,HIGH,100
oxidized long necklace,20,HIGH,100
amazon boho earrings,20,LOW,31
heavy anklets,20,HIGH,97
stone hanging earrings,20,HIGH,100
ebay handmade jewelry,20,HIGH,100
wedding ring bali,20,HIGH,84
cute boho jewelry,20,HIGH,100
unique artisan jewelry,20,LOW,32
hand made gold chain,20,HIGH,82
african handmade earrings,20,HIGH,100
amazon bohemian earrings,20,MEDIUM,51
amazon boho rings,20,LOW,14
artisan handmade rings,20,HIGH,100
authentic handmade native american jewelry,20,LOW,18
bali anklets,20,HIGH,79
bali sterling silver necklace,20,HIGH,100
beautiful handmade bracelets,20,HIGH,96
big handmade earrings,20,HIGH,79
bohemian beach jewelry,20,HIGH,100
bohemian body jewelry,20,LOW,19
bohemian cross necklace,20,HIGH,100
bohemian feather necklace,20,HIGH,88
bohemian foot jewelry,20,HIGH,100
bohemian jewelry designs,20,LOW,24
bohemian mens rings,20,HIGH,100
bohemian nose stud,20,HIGH,100
bohemian silver,20,HIGH,85
bohemian turquoise ring,20,HIGH,100
bohemian wedding necklace,20,LOW,7
boho aquamarine ring,20,HIGH,100
boho beaded choker necklace,20,HIGH,100
boho blossom pink ring,20,,
boho bracelets near me,20,HIGH,100
boho clay earrings,20,HIGH,96
boho crochet necklace,20,HIGH,100
boho ear cuff,20,HIGH,99
boho glam jewelry,20,HIGH,98
boho heart necklace,20,HIGH,100
boho hippie rings,20,HIGH,100
boho jewelry bracelets,20,HIGH,100
boho knuckle rings,20,LOW,0
boho macrame earrings,20,HIGH,100
boho macrame necklace,20,HIGH,100
boho rings near me,20,HIGH,100
boho seed bead bracelets,20,HIGH,94
boho seed bead earrings,20,HIGH,88
boho seed bead necklace,20,HIGH,99
boho silver coin necklace,20,HIGH,95
boho tribal necklace,20,HIGH,100
boho turquoise bracelet,20,HIGH,100
boho wedding bracelet,20,HIGH,87
boho wood necklace,20,HIGH,100
cherished birthstone necklace james avery,20,MEDIUM,36
covaly artisan jewelry,20,LOW,32
crystal handmade rings,20,HIGH,96
custom artisan jewelry,20,LOW,22
cute handmade earrings,20,HIGH,98
cute handmade jewelry,20,HIGH,67
cute homemade earrings,20,HIGH,93
cute homemade jewelry,20,HIGH,67
easy handmade bracelets,20,HIGH,95
easy handmade earrings,20,HIGH,90
easy handmade jewellery,20,MEDIUM,42
easy homemade earrings,20,HIGH,90
etsy homemade jewelry,20,HIGH,100
gold artisan rings,20,HIGH,100
gold diamond handmade wedding,20,LOW,2
gold ring sets boho,20,HIGH,75
hand made bead bracelets,20,HIGH,100
handcrafted anklets,20,,
handcrafted glass jewelry,20,LOW,22
handcrafted jewelry online stores,20,HIGH,80
handmade amber necklace,20,,
handmade aquamarine ring,20,HIGH,71
handmade artisan rings,20,HIGH,100
handmade black earrings,20,MEDIUM,44
handmade butterfly necklace,20,HIGH,96
handmade childrens bracelets,20,HIGH,69
handmade clay bead bracelet,20,MEDIUM,36
handmade clay necklace,20,MEDIUM,56
handmade coconut jewelry,20,MEDIUM,38
handmade copper cuff bracelet,20,HIGH,99
handmade crochet necklace,20,HIGH,77
handmade cross necklace mens,20,HIGH,100
handmade crucifix necklace,20,HIGH,100
handmade cuban link bracelet,20,HIGH,100
handmade dokra jewellery,20,MEDIUM,57
handmade dream catcher earrings,20,HIGH,100
handmade earrings price,20,HIGH,100
handmade evil eye jewelry,20,HIGH,100
handmade flower necklace,20,HIGH,67
handmade freshwater pearl necklace,20,HIGH,93
handmade glass beaded jewelry,20,MEDIUM,33
handmade glass bracelets,20,HIGH,87
handmade glass necklace,20,HIGH,89
handmade hammered jewelry,20,HIGH,80
handmade hawaiian bracelets,20,HIGH,95
handmade hemp bracelets,20,MEDIUM,51
handmade hemp jewelry,20,HIGH,76
handmade hoop,20,HIGH,82
handmade jewellery makers,20,LOW,13
handmade jewellery online shop,20,HIGH,80
handmade jewellery selling sites,20,MEDIUM,61
handmade jewellery shop near me,20,HIGH,97
handmade jewelry selling websites,20,MEDIUM,61
handmade korean jewelry,20,HIGH,100
handmade masonic ring,20,HIGH,100
handmade meenakari jewelry,20,LOW,0
handmade mens copper bracelet,20,HIGH,100
handmade metal earrings,20,LOW,15
handmade metal rings,20,HIGH,100
handmade mixed metal jewelry,20,HIGH,100
handmade native american beaded jewelry,20,HIGH,93
handmade natural stone bracelets,20,HIGH,83
handmade natural stone necklaces,20,MEDIUM,58
handmade necklaces for women,20,HIGH,100
handmade pewter jewelry,20,MEDIUM,50
handmade porcelain earrings,20,MEDIUM,36
handmade post earrings,20,HIGH,100
handmade quartz jewelry,20,MEDIUM,35
handmade recycled jewellery,20,LOW,32
handmade resin necklace,20,HIGH,67
handmade resin rings,20,HIGH,100
handmade rope bracelet,20,HIGH,100
handmade seed bead earrings,20,HIGH,71
handmade seed bead necklaces,20,HIGH,90
handmade silver anklets,20,MEDIUM,38
handmade skull earrings,20,HIGH,96
handmade solid gold jewelry,20,HIGH,100
handmade stackable rings,20,HIGH,93
handmade stacking rings,20,HIGH,93
handmade teardrop earrings,20,HIGH,100
handmade tibetan bracelet,20,HIGH,75
handmade titanium rings,20,HIGH,100
handmade western rings,20,HIGH,100
handmade western wedding rings,20,HIGH,88
handmade with love bracelets,20,HIGH,95
handmade with love earrings,20,HIGH,100
handmade wooden engagement rings,20,HIGH,100
hippie boho necklace,20,HIGH,68
hippie boho rings,20,HIGH,100
hippie earrings for men,20,HIGH,94
hippie earrings men,20,HIGH,94
hippie earrings studs,20,LOW,5
hippie feather earrings,20,HIGH,100
hippie leather bracelets,20,HIGH,100
hippie ring sets,20,HIGH,67
homemade couples bracelets,20,MEDIUM,38
homemade dangle earrings,20,MEDIUM,37
homemade earrings with beads,20,HIGH,100
homemade jewelry stores near me,20,MEDIUM,63
homemade necklace chain,20,LOW,18
homemade silver jewellery,20,HIGH,92
j stoddard artisan jewelry,20,LOW,26
james avery jewelry maker,20,MEDIUM,38
james avery new jewelry,20,HIGH,93
jtv artisan collection,20,HIGH,94
jtv bali rings,20,HIGH,81
julia premium artisan jewelry,20,MEDIUM,48
large handmade earrings,20,HIGH,79
lemon clay earrings,20,HIGH,100
long silver boho necklace,20,HIGH,100
mehndi earrings handmade,20,MEDIUM,36
men's artisan jewelry,20,HIGH,100
men's handmade silver bracelets,20,HIGH,100
mens bohemian rings,20,HIGH,100
mens hippie earrings,20,HIGH,94
mexican handmade necklace,20,MEDIUM,58
minimalist boho engagement rings,20,HIGH,100
modern boho jewelry,20,HIGH,100
modern handmade jewellery,20,HIGH,100
multi strand boho necklace,20,HIGH,96
neelam stone ring design,20,HIGH,100
oxidized nose pin,20,HIGH,67
panna locket,20,,
polymer clay peach earrings,20,HIGH,75
pretty handmade bracelets,20,HIGH,96
pride clay earrings,20,HIGH,76
red boho necklace,20,HIGH,100
ruby stone bangles,20,HIGH,100
rugged life handmade jewelry,20,LOW,9
shell necklace bali,20,HIGH,81
silver chain for men hand,20,HIGH,100
silver hippie jewelry,20,HIGH,100
silverdust handmade jewellery,20,LOW,0
simple homemade earrings,20,HIGH,90
sterling silver bali necklace,20,HIGH,100
stone jewellery necklace,20,HIGH,100
stone necklace amazon,20,HIGH,87
tiffany jewelry silver bracelet,20,HIGH,100
tribal boho necklace,20,HIGH,100
tulola jewelry bali,20,LOW,14
ubud jewelry shops,20,MEDIUM,61
ubud jewelry stores,20,MEDIUM,61
victorian bohemian vintage engagement rings,20,HIGH,100
vintage bohemian rings,20,HIGH,100
vintage hippie earrings,20,HIGH,99
personalised birthstone necklace,20,HIGH,100
mothers pendant birthstones,20,HIGH,100
zales mother's rings 3 stones,20,HIGH,100
amina muaddi begum earrings,20,HIGH,100
sapphire and diamond rings for sale,20,HIGH,100
buy sapphire ring,20,HIGH,90
fiyah feather ring,20,HIGH,100
healing trust bracelet,20,HIGH,100
swarovski orbita necklace,20,HIGH,100
monica vinader silver earrings,20,HIGH,94
georg jensen ear cuff,20,HIGH,100
swarovski stone hoop earrings,20,HIGH,99
7 stone birthstone necklace,20,HIGH,100
tiffany pearl ring silver,20,HIGH,91
swarovski constella cocktail ring,20,LOW,10
harro moissanite,20,HIGH,92
gucci silver stud earrings,20,HIGH,100
alessandra rich choker,20,HIGH,100
swarovski harmonia ring,20,HIGH,100
mothers necklace 7 stones,20,,
9 birthstone necklace,20,HIGH,100
alessandra rich heart earrings,20,HIGH,100
gucci interlocking g sterling silver stud earrings,20,HIGH,95
mens silver signet ring engraved,20,HIGH,100
huggies silver,20,HIGH,100
designer hoop earrings silver,20,HIGH,100
ladies silver wedding rings,20,HIGH,100
silver diamante hoop earrings,20,HIGH,100
jewelers that sell moissanite near me,20,HIGH,100
created emerald ring,20,HIGH,100
gold vermeil studs,20,HIGH,100
jtv birthstone rings,20,HIGH,100
john hardy hoop earrings sale,20,HIGH,100
crystal haze necklace,20,HIGH,100
mothers ring 12 stones,20,HIGH,100
mother and son birthstone necklace,20,HIGH,100
love crystal necklace,20,HIGH,100
ladies silver hoop earrings,20,HIGH,100
mothers ring with 6 stones,20,HIGH,100
buy silver earrings,20,HIGH,100
zales december birthstone,20,HIGH,100
blue topaz stud earrings white gold,20,HIGH,100
genuine opal rings in sterling silver,20,HIGH,100
fire opal ring women's,20,HIGH,90
isabel marant crystal earrings,20,MEDIUM,40
silver wedding ring sets for her,20,HIGH,100
swarovski tennis bracelet sale,20,HIGH,100
lucent ring swarovski,20,HIGH,99
8 stone family ring,20,HIGH,100
swarovski harmonia bracelet,20,HIGH,100
men's tennis bracelet swarovski,20,HIGH,100
original silver ring for men,20,HIGH,100
shane co birthstone,20,HIGH,95
solid silver stud earrings,20,HIGH,100
crystal huggies,20,HIGH,100
november birthstone necklace for mom,20,HIGH,100
delicate birthstone necklace,20,HIGH,100
heart gucci earrings,20,HIGH,100
wholesale raw gemstones and crystals,20,HIGH,100
swarovski curiosa cocktail ring,20,HIGH,100
initial and birthstone necklace silver,20,HIGH,100
25mm silver hoop earrings,20,HIGH,100
emerald drop earrings silver,20,HIGH,100
healing beads for jewelry making,20,HIGH,98
wholesale crystal necklaces,20,HIGH,100
swarovski stone ring,20,HIGH,87
statement gold rings for men,20,MEDIUM,34
september birthstone promise rings,20,HIGH,100
swarovski millenia cocktail ring,20,HIGH,93
mk earrings silver,20,HIGH,88
swarovski solitaire,20,HIGH,100
stackable mothers ring 3 stones,20,HIGH,83
scorpio necklace swarovski,20,HIGH,86
gucci ring snake,20,HIGH,81
bella drop earrings swarovski,20,HIGH,100
solid silver hoops,20,HIGH,100
dog birthstone necklace,20,HIGH,100
august birthstone necklace and earring set,20,HIGH,100
swarovski stone bangle,20,HIGH,100
august birthstone necklace for mom,20,HIGH,100
60mm sterling silver hoop earrings,20,HIGH,100
modern statement earrings,20,HIGH,93
silver huggie drop earrings,20,HIGH,89
gold vermeil ear cuff,20,HIGH,100
swarovski gema stud earrings,20,HIGH,100
kay jewelers name necklace with birthstone,20,HIGH,71
swarovski infinity bracelet rose gold,20,HIGH,89
10 carat moissanite price,20,HIGH,90
swarovski lifelong bow bracelet,20,HIGH,100
positive energy crystal necklace,20,MEDIUM,49
link earrings silver,20,HIGH,100
december birthstone heart necklace,20,HIGH,83
silver croissant earrings,20,HIGH,100
hyperbola cocktail ring,20,HIGH,100
bridal drop earrings swarovski,20,HIGH,100
silver initial necklace with birthstone,20,HIGH,100
small silver hoops with diamonds,20,HIGH,83
designer birthstone jewelry,20,HIGH,80
pearl hoops silver,20,HIGH,100
sterling silver pinky ring womens,20,LOW,31
4 carat moissanite price,20,HIGH,100
birth month flower earrings,20,HIGH,100
citrine stackable ring white gold,20,HIGH,100
swarovski floating necklace,20,HIGH,100
swarovski sparkling dance bracelet,20,HIGH,100
14 karat gold birthstone rings,20,HIGH,100
claddagh ring august birthstone,20,HIGH,95
best crystals for engagement rings,20,HIGH,100
citrine and diamond ring white gold,20,HIGH,100
sterling silver clicker hoop,20,HIGH,100
gold claddagh ring with birthstone,20,HIGH,100
angel wing ring with birthstone,20,HIGH,100
mestige necklace,20,HIGH,73
crystal friendship bracelets,20,HIGH,100
plain silver hoops,20,HIGH,100
chunky silver huggies,20,HIGH,100
crystals for bracelet making,20,HIGH,100
citrine anniversary,20,HIGH,100
august birthstone stackable ring,20,HIGH,100
calming crystal bracelet,20,HIGH,100
silver ear huggies,20,HIGH,67
single silver earrings,20,HIGH,100
thin silver huggie earrings,20,HIGH,100
september birthstone jewelry sets,20,HIGH,100
14k gold crystal necklace,20,HIGH,100
swarovski latisha necklace,20,HIGH,100
real amethyst crystal bracelet,20,HIGH,100
plain silver ring for female,20,HIGH,100
october birthstone jewelry sets,20,HIGH,100
high end crystal jewelry,20,HIGH,100
february birthstone jewelry sets,20,,
swarovski love heart necklace,20,HIGH,99
yellow topaz rings for her,20,HIGH,100
christian dior earrings silver,20,HIGH,100
plain silver studs,20,HIGH,100
ear huggies silver,20,HIGH,92
may birthstone stud earrings,20,LOW,0
real crystals for jewelry making,20,HIGH,100
birthstone memorial necklace,20,HIGH,100
swarovski hamsa necklace,20,HIGH,100
protection necklace crystal,20,HIGH,100
pandora march birthstone necklace,20,HIGH,100
may birthstone jewelry set,20,MEDIUM,33
swarovski green drop earrings,20,HIGH,93
pandora august birthstone necklace,20,HIGH,100
pearl wedding earrings silver,20,HIGH,100
tiny birthstone necklace,20,HIGH,100
heart shaped crystal necklace,20,HIGH,100
small crystal stud earrings,20,HIGH,100
tiffany and co t ring silver,20,HIGH,100
effy citrine and diamond ring,20,HIGH,100
small crystal hoop earrings,20,HIGH,100
fine silver hoop earrings,20,HIGH,100
spiritual crystal bracelets,20,HIGH,100
small silver hoop earrings for second hole,20,HIGH,100
claddagh ring january birthstone,20,HIGH,100
35mm silver hoop earrings,20,HIGH,100
pandora may birthstone earrings,20,MEDIUM,62
gold plated silver hoop earrings,20,HIGH,100
chakra healing necklace,20,HIGH,94
statement heart earrings,20,HIGH,94
guess silver earrings,20,HIGH,100
real silver huggie earrings,20,HIGH,100
bottega veneta earrings silver,20,HIGH,100
leafael heart necklace,20,HIGH,100
genuine crystal necklace,20,HIGH,100
november birthstone topaz necklace,20,HIGH,100
pink crystal stud earrings,20,HIGH,100
large silver diamond hoop earrings,20,HIGH,100
crystal bracelets bulk,20,HIGH,100
triple ring set,20,HIGH,100
silver costume earrings,20,HIGH,100
swarovski evil eye key necklace,20,MEDIUM,51
promise rings crystals,20,HIGH,100
silver green ring,20,HIGH,100
black tennis bracelet swarovski,20,HIGH,100
crystal necklaces for sale,20,HIGH,100
energy stone rings,20,HIGH,88
healing gemstone necklaces,20,HIGH,100
padlock earrings silver,20,HIGH,100
anxiety fidget ring sterling silver,20,,
october birthstone promise rings,20,HIGH,100
swarovski hand bracelet,20,HIGH,100
cocktail rings cheap,20,HIGH,100
sterling silver bridal earrings,20,HIGH,100
april birthstone necklace gold,20,HIGH,100
september birthstone stud earrings,20,MEDIUM,40
designer silver hoops,20,HIGH,100
silver dress earrings,20,HIGH,100
claddagh ring october birthstone,20,HIGH,93
healing crystal pendant necklace,20,HIGH,100
single silver hoop earring,20,HIGH,100
gucci crystal drop earrings,20,HIGH,100
april birthstone ring gold,20,HIGH,100
swarovski tennis ring,20,HIGH,94
set of 3 silver earrings,20,HIGH,100
chanel earrings cha nel,20,HIGH,100
14mm silver hoop earrings,20,HIGH,100
riva hoop cocktail ring,20,HIGH,68
north star earrings silver,20,HIGH,100
swarovski earrings sale amazon,20,HIGH,92
4mm crystal bracelets,20,HIGH,100
rose gold crystal ring,20,HIGH,100
amethyst crystal engagement ring,20,HIGH,99
sterling silver sleeper hoops,20,HIGH,100
swarovski diamond engagement rings,20,HIGH,100
silver earrings set of 3,20,HIGH,100
gold and silver earrings studs,20,HIGH,100
february earrings,20,HIGH,100
april birthstone jewelry set,20,LOW,0
real gold crystal necklace,20,HIGH,100
rose crystal necklace,20,HIGH,100
pandora april birthstone earrings,20,MEDIUM,61
crystal fidget ring,20,HIGH,100
effy citrine,20,HIGH,100
alan crocetti ear cuff,20,HIGH,100
small huggie hoop earrings silver,20,HIGH,100
fun cocktail rings,20,HIGH,100
gold plated sterling silver hoops,20,HIGH,100
citrine mothers ring,20,HIGH,100
silver sparkly drop earrings,20,HIGH,100
sterling silver mushroom earrings,20,HIGH,100
3mm silver stud earrings,20,HIGH,100
paw ring silver,20,HIGH,100
july earrings,20,HIGH,100
affordable cocktail rings,20,MEDIUM,41
april earrings,20,HIGH,92
pure silver hoops,20,HIGH,100
pure crystal bracelet,20,HIGH,100
natural crystal earrings,20,HIGH,100
1 carat moissanite diamond price,20,HIGH,80
crystal glass beads wholesale,20,HIGH,100
blue birthstone necklace,20,HIGH,100
stitch sterling silver earrings,20,HIGH,100
swarovski tree of life necklace,20,HIGH,100
february birthstone stud earrings,20,HIGH,100
10k birthstone ring,20,HIGH,100
swarovski stud earrings set,20,HIGH,84
natural citrine earrings,20,HIGH,100
5 carat blue sapphire price,20,HIGH,97
pandora august birthstone earrings,20,HIGH,100
pandora crystal necklace,20,HIGH,100
swarovski diamond cross necklace,20,HIGH,100
ruby stud earrings sterling silver,20,HIGH,100
5 carat pink sapphire price,20,HIGH,100
silver stud set,20,HIGH,100
raw crystal wedding rings,20,HIGH,83
big silver statement earrings,20,HIGH,100
statement sapphire rings for women,20,HIGH,96
invisible necklace swarovski,20,HIGH,84
swarovski om necklace,20,HIGH,100
bulk crystal pendants,20,HIGH,100
adjustable crystal bracelet,20,HIGH,100
beautiful cocktail rings,20,HIGH,100
apm monaco pearl earrings,20,HIGH,95
bumble bee earrings silver,20,HIGH,100
prada silver earrings,20,HIGH,100
alex and ani march birthstone bracelet,20,HIGH,85
real orgonite necklace,20,HIGH,100
aries birthstone bracelet,20,HIGH,100
opal october birthstone necklace,20,HIGH,100
tigergemstones,20,HIGH,100
statement white earrings,20,HIGH,100
turquoise birthstone earrings,20,HIGH,100
genuine silver earrings,20,HIGH,98
dancing necklace swarovski,20,HIGH,100
cool sterling silver earrings,20,HIGH,100
cubic zirconia statement earrings,20,HIGH,100
s925 diamond ring price,20,HIGH,100
october birthstone earrings pandora,20,MEDIUM,57
silver padlock earrings,20,HIGH,100
heart huggie earrings silver,20,HIGH,100
alex and ani birthstone wrap ring,20,HIGH,93
tiffany & co earrings silver,20,HIGH,90
single crystal necklace,20,HIGH,100
healing crystal choker,20,HIGH,71
tiffany smile earrings silver,20,HIGH,100
pearl and stone earrings,20,HIGH,100
bridal earrings statement,20,HIGH,94
taurus crystal bracelet,20,HIGH,92
birthstone necklace set,20,HIGH,100
sterling silver bar stud earrings,20,HIGH,100
swarovski cuban chain,20,HIGH,100
tiny stud earrings silver,20,HIGH,93
tiny crystal stud earrings,20,HIGH,100
925 sterling silver large hoop earrings,20,HIGH,100
silver diamond earrings dangle,20,HIGH,100
aquarius birthstone bracelet,20,HIGH,100
dramatic silver earrings,20,HIGH,100
dog mom birthstone ring,20,HIGH,100
swarovski october birthstone necklace,20,HIGH,100
3 carat citrine ring,20,HIGH,100
multi stud earrings,20,HIGH,100
best silver earrings for sensitive ears,20,HIGH,100
silver halo earrings,20,HIGH,74
swarovski hand necklace,20,HIGH,100
crystal shop jewelry,20,HIGH,100
matching crystal necklaces,20,HIGH,94
minimal silver ring,20,HIGH,94
star huggie earrings silver,20,HIGH,100
etsy silver stud earrings,20,HIGH,100
dainty drop earrings silver,20,HIGH,100
silver dressy earrings,20,HIGH,100
swarovski evil eye bracelet silver,20,HIGH,94
funky sterling silver earrings,20,HIGH,100
dainty blue topaz ring,20,HIGH,100
gold hoop earrings sterling silver,20,HIGH,100
swarovski pink cocktail ring,20,HIGH,100
swarovski swan heart necklace,20,HIGH,92
silver disc drop earrings,20,HIGH,100
statement mens diamond ring,20,HIGH,100
silver earcuffs,20,HIGH,100
om necklace swarovski,20,HIGH,100
mid rings silver,20,HIGH,100
round crystal necklace,20,HIGH,90
unique crystal necklace,20,HIGH,94
chain stud earrings silver,20,HIGH,100
authentic crystal necklace,20,HIGH,100
healing rose quartz necklace,20,MEDIUM,62
loop silver earrings,20,HIGH,100
chanel crystal stud earrings,20,HIGH,100
sparkly silver hoops,20,HIGH,83
small thick silver hoops,20,HIGH,100
swarovski chroma cocktail ring,20,HIGH,91
cocktail rings fine jewelry,20,HIGH,100
male crystal necklace,20,HIGH,92
hoop earrings small silver,20,HIGH,100
september birthstone earrings gold,20,HIGH,100
black tourmaline wedding ring,20,HIGH,100
ross simons citrine ring,20,HIGH,100
long gold statement earrings,20,HIGH,83
blue stone cocktail ring,20,HIGH,100
large stone cocktail rings,20,HIGH,100
scorpio birthstone bracelet,20,LOW,25
citrine rose gold,20,HIGH,78
custom cocktail rings,20,HIGH,100
chain silver earrings,20,HIGH,100
claw earrings silver,20,HIGH,100
silver rings with dangle charms,20,HIGH,100
dainty silver stud earrings,20,HIGH,90
qvc leverback earrings,20,HIGH,100
gucci cocktail ring,20,HIGH,93
beaded ring pandora,20,HIGH,87
stainless silver earrings,20,HIGH,100
sagittarius birthstone bracelet,20,HIGH,100
crystal chain earrings,20,HIGH,100
swarovski black swan ring,20,HIGH,97
luxury crystal bracelets,20,HIGH,100
statement men diamond rings,20,HIGH,100
double chain earrings silver,20,HIGH,80
green stud earrings silver,20,HIGH,100
crystal beads wholesale near me,20,HIGH,80
swarovski eye ring,20,HIGH,98
emerald dinner ring,20,HIGH,89
large silver dangle earrings,20,HIGH,100
swarovski dachshund necklace,20,LOW,10
statement silver rings for men,20,HIGH,100
dangle heart earrings silver,20,HIGH,100
crystal skull earrings,20,HIGH,100
august birthstone bracelet pandora,20,HIGH,100
cute crystal necklaces,20,HIGH,100
birthstone ring and necklace set,20,HIGH,100
beaten silver earrings,20,MEDIUM,39
silver wedding rings for her,20,HIGH,100
swarovski elements earrings,20,HIGH,100
set of 3 earrings silver,20,HIGH,100
swarovski dancing crystal necklace,20,HIGH,94
buddha crystal necklace,20,HIGH,100
925 silver emerald ring,20,HIGH,100
aoboco earrings,20,HIGH,82
tiger eye black obsidian hematite bracelet,20,HIGH,100
swarovski feather ring,20,HIGH,100
crystal necklace shop,20,HIGH,100
pandora blue stone bracelet,20,HIGH,95
swarovski crystal cocktail rings,20,HIGH,100
angel aura necklace,20,HIGH,87
swarovski lifelong heart earrings,20,HIGH,70
swarovski diamond set,20,HIGH,100
cheap crystal rings,20,HIGH,95
january birthstone necklace and earring set,20,HIGH,100
long crystal pendant necklace,20,HIGH,100
silver stud mens earrings,20,HIGH,100
silver ear jewellery,20,HIGH,89
925 silver studs,20,HIGH,100
toupop tree of life necklace,20,HIGH,100
pink quartz crystal necklace,20,LOW,29
blue topaz stone necklace,20,HIGH,100
right hand statement ring,20,HIGH,94
statement mens emerald ring,20,HIGH,100
chanel baguette earrings,20,HIGH,100
swarovski crystal dust bracelet,20,HIGH,88
tiffany sterling silver ball earrings,20,HIGH,100
green jade crystal bracelet,20,HIGH,80
december birthstone mens jewelry,20,HIGH,82
trendy statement earrings,20,HIGH,100
blue crystal pendant necklace,20,HIGH,100
original citrine bracelet,20,HIGH,71
silver and blue drop earrings,20,HIGH,100
pearl gemstone ring,20,HIGH,100
fine jewelry cocktail rings,20,HIGH,100
spiritual healing jewelry,20,HIGH,100
swarovski rose gold pendant,20,HIGH,100
925 sterling silver small hoop earrings,20,HIGH,100
black obsidian stud earrings,20,HIGH,100
cobalt blue statement earrings,20,HIGH,100
cat necklace swarovski,20,HIGH,99
14k white gold blue topaz earrings,20,HIGH,100
cheap crystal necklace,20,HIGH,100
birth ring stone,20,HIGH,99
giani bernini cubic zirconia,20,MEDIUM,51
luxury cocktail rings,20,HIGH,100
stone ring swarovski,20,HIGH,87
citrine bridal set,20,HIGH,100
silver diamond jewellery set,20,HIGH,100
little silver earrings,20,HIGH,100
scorpio crystal bracelet,20,HIGH,100
teardrop earrings for wedding,20,HIGH,100
pandora birthstone necklace march,20,HIGH,100
sterling silver green earrings,20,HIGH,100
925 bee ring,20,LOW,32
beautiful stone rings,20,HIGH,100
cocktail ring sale,20,HIGH,100
ring s925 price,20,HIGH,80
march birthstone blue topaz,20,HIGH,100
qvc sterling silver hoop earrings,20,HIGH,100
natural alexandrite birthstone,20,HIGH,88
18k gold citrine ring,20,HIGH,100
gimlet ring,20,MEDIUM,52
large gold cocktail rings,20,HIGH,100
silver ring for little finger,20,HIGH,100
carnelian aqiq ring set with silver,20,HIGH,80
white sapphire cocktail ring,20,HIGH,100
small statement earrings,20,HIGH,100
petalite bracelet,20,HIGH,92
swarovski ear ring,20,HIGH,78
green sterling silver earrings,20,HIGH,100
minimal silver earrings,20,HIGH,100
s925 silver ring with diamonds,20,HIGH,79
cool crystal necklaces,20,HIGH,100
coco chanel earrings silver,20,HIGH,92
3 carat diamond cocktail ring,20,HIGH,100
liquid silver ring,20,HIGH,97
pandora earrings hoops silver,20,HIGH,100
etsy chakra necklace,20,HIGH,91
aries crystal bracelet,20,HIGH,100
unique crystal rings,20,HIGH,100
swarovski 2 heart necklace,20,HIGH,100
resin statement earrings,20,HIGH,100
funky statement earrings,20,HIGH,100
huge statement earrings,20,HIGH,77
gemstone november birthstone,20,HIGH,70
diamante hoop earrings silver,20,HIGH,100
big crystal stud earrings,20,HIGH,100
3mm sterling silver stud earrings,20,HIGH,100
silver line earrings,20,HIGH,100
neon green hoop earrings,20,HIGH,100
statement mens sapphire rings,20,HIGH,100
pandora august birthstone bracelet,20,HIGH,100
sapphire crystal ring,20,HIGH,100
2 carat diamond cocktail ring,20,HIGH,100
emerald green crystal necklace,20,HIGH,100
garnet crystal ring,20,HIGH,91
swarovski heart and infinity necklace,20,HIGH,100
swarovski pe drop earrings,20,HIGH,91
fashion cocktail rings,20,HIGH,100
real gold and silver earrings,20,HIGH,100
swarovski swan necklace sale,20,HIGH,100
silver trendy earrings,20,HIGH,100
mens silver statement rings,20,HIGH,100
black tourmaline stone bracelet,20,HIGH,100
harry winston cocktail rings,20,HIGH,80
red earrings for wedding,20,HIGH,100
long silver sparkly earrings,20,HIGH,100
10 carat citrine ring,20,HIGH,100
swarovski skull bracelet,20,HIGH,100
crystal buddha necklace,20,HIGH,100
minimalist statement earrings,20,HIGH,100
jade statement earrings,20,HIGH,100
alessandra rich body chain,20,LOW,0
silver snake stud earrings,20,HIGH,100
swarovski black swan pendant,20,HIGH,100
sterling silver irish earrings,20,HIGH,100
pandora june ring,20,HIGH,100
silver moon earrings dangle,20,HIGH,100
pandora may birthstone bracelet,20,HIGH,100
swarovski heart and infinity bracelet,20,HIGH,87
anne klein crystal bracelet,20,HIGH,78
round citrine ring,20,HIGH,100
yellow topaz stone ring,20,HIGH,100
tree of life crystal pendant,20,HIGH,88
amethyst crystal necklace mens,20,HIGH,95
rose gold citrine,20,HIGH,78
silver stud earrings claire's,20,HIGH,100
austrian crystal stud earrings,20,HIGH,100
crystal mala necklace,20,HIGH,75
september birthstone james avery,20,HIGH,100
swarovski moon and star bracelet,20,HIGH,100
rachel ashwell sterling silver earrings,20,,
pandora crystal ring,20,HIGH,97
couple crystal bracelet,20,HIGH,100
simple statement earrings,20,HIGH,100
ebay silver hoop earrings,20,HIGH,100
red stone ring for ladies,20,HIGH,100
yurman citrine ring,20,HIGH,100
i am sterling silver 925 earrings,20,HIGH,86
pure silver earrings for men,20,HIGH,97
chanel studs silver,20,HIGH,97
crystal ring set,20,HIGH,71
mens diamond statement rings,20,HIGH,100
14k cocktail ring,20,HIGH,100
swarovski parrot necklace,20,MEDIUM,53
dior crystal necklace,20,HIGH,100
jtv madeira citrine rings,20,HIGH,98
swarovski dancing diamond necklace,20,HIGH,100
cocktail rings costume jewelry,20,HIGH,100
kenneth jay lane cocktail ring,20,MEDIUM,65
rope crystal necklace,20,HIGH,100
red crystal choker,20,HIGH,100
green stone cocktail ring,20,HIGH,100
tiffany earrings heart silver,20,HIGH,100
topaz november birthstone ring,20,HIGH,100
sterling silver ball earrings tiffany,20,HIGH,100
crystal bottle necklace,20,HIGH,100
pyrite and citrine bracelet,20,HIGH,100
dulcis ring swarovski,20,HIGH,100
pandora earrings amazon,20,MEDIUM,63
real pearl ring in silver,20,HIGH,100
aesthetic silver rings,20,HIGH,100
donut crystal necklace,20,HIGH,83
swarovski swan bracelet silver,20,HIGH,100
lavender crystal necklace,20,HIGH,100
s925 silver earrings,20,HIGH,95
turquoise crystal pendant,20,HIGH,100
jcpenney diamond cocktail rings,20,LOW,17
silver earrings shein,20,HIGH,90
jtv blue topaz earrings,20,HIGH,100
crystal gold jewellery,20,HIGH,100
making crystal bracelets,20,HIGH,100
large raw crystal necklace,20,LOW,27
white crystal pendant,20,HIGH,89
citrine belly button ring,20,HIGH,100
crystal piercing jewelry,20,HIGH,100
black tourmaline and obsidian bracelet,20,HIGH,100
swarovski key pendant,20,HIGH,100
cute crystal bracelets,20,MEDIUM,62
silver plated earrings sensitive ears,20,HIGH,100
yellow stone birthstone,20,HIGH,95
july ring stone,20,HIGH,100
pyrite stone pendant,20,HIGH,100
adjustable statement rings,20,HIGH,100
citrine white gold,20,HIGH,100
kendra scott bronze veined turquoise,20,HIGH,100
citrine jewelry tiffany,20,HIGH,100
turquoise engagement ring with diamonds,20,HIGH,100
alltribes turquoise jewelry,20,MEDIUM,51
zales moonstone ring,20,HIGH,100
maria tash turquoise earrings,20,HIGH,100
november birthstone david yurman,20,HIGH,100
female turquoise engagement ring,20,HIGH,100
tom wood tiger eye ring,20,HIGH,100
david yurman turquoise bead bracelet,20,HIGH,100
john hardy tiger eye bracelet,20,HIGH,100
fossil tiger eye bracelet,20,HIGH,85
carnelian heart ring,20,HIGH,100
custom moonstone rings,20,HIGH,94
moon stone necklace silver,20,HIGH,100
turquoise wholesale distributors,20,HIGH,96
john hardy turquoise,20,HIGH,100
moonstone stud earrings gold,20,HIGH,100
november birthstone gold necklace,20,HIGH,100
turquoise and 14k gold jewelry,20,HIGH,100
citrine butterfly necklace,20,HIGH,100
turquoise pendants for sale,20,HIGH,100
pear shaped moonstone engagement ring,20,HIGH,100
kay jewelers moonstone ring,20,HIGH,100
moonstone magic jewelry,20,HIGH,100
local eclectic moonstone ring,20,HIGH,100
elizabeth cole turquoise earrings,20,HIGH,100
citrine tennis bracelet gold,20,HIGH,100
best turquoise necklace,20,HIGH,100
turquoise womens wedding band,20,HIGH,100
madeira citrine necklace,20,HIGH,100
turquoise tuesday rings,20,HIGH,76
large citrine earrings,20,HIGH,100
14k gold citrine bracelet,20,HIGH,100
monica vinader moonstone earrings,20,HIGH,98
genuine citrine necklace,20,HIGH,88
authentic turquoise jewelry wholesale,20,HIGH,100
american west turquoise jewelry,20,HIGH,100
moon stone ring silver,20,HIGH,100
solid gold moonstone necklace,20,HIGH,100
wholesale authentic turquoise jewelry,20,HIGH,94
pearl and citrine jewelry,20,HIGH,100
jay king turquoise earrings,20,MEDIUM,39
spiritual pendant necklace,20,HIGH,100
925 silver ring price per gram,20,HIGH,82
designer turquoise earrings,20,HIGH,100
authentic moonstone necklace,20,HIGH,100
moonstone ring kay jewelers,20,HIGH,100
citrine pendant necklace gold,20,HIGH,100
elizabeth locke turquoise ring,20,HIGH,100
rainbow moonstone wedding ring,20,HIGH,100
citrine and garnet earrings,20,HIGH,100
14k gold moonstone earrings,20,HIGH,100
14k gold citrine pendant,20,HIGH,100
citrine station necklace,20,MEDIUM,57
carnelian aqeeq ring,20,HIGH,100
mens red tiger eye bracelet,20,HIGH,100
citrine necklace near me,20,HIGH,100
native american turquoise stud earrings,20,HIGH,100
best turquoise earrings,20,HIGH,100
moonstone mens bracelet,20,HIGH,100
925 silver mens wedding bands,20,HIGH,100
van cleef and arpels turquoise bracelet,20,HIGH,90
turquoise stud earrings white gold,20,HIGH,100
topaz november birthstone jewelry,20,HIGH,100
tigers eye mens wedding band,20,HIGH,100
gold bracelet with turquoise,20,HIGH,100
gold november birthstone necklace,20,HIGH,100
emerald and citrine jewelry,20,HIGH,79
citrine teardrop necklace,20,HIGH,100
men's spiritual rings,20,HIGH,100
red tiger eye men's bracelet,20,HIGH,100
david yurman mens turquoise ring,20,HIGH,100
van cleef arpels turquoise,20,HIGH,100
mens western turquoise rings,20,HIGH,100
zales turquoise jewelry,20,HIGH,100
turquoise bangle bracelet silver,20,HIGH,100
david yurman turquoise albion ring,20,HIGH,100
kendra scott elisa turquoise necklace,20,HIGH,100
turquoise huggie earrings silver,20,HIGH,100
citrine and ruby necklace,20,HIGH,100
mens turquoise jewelry near me,20,HIGH,100
gold spiritual jewelry,20,HIGH,100
opal moonstone engagement ring,20,HIGH,100
sundance turquoise necklace,20,HIGH,100
anna beck turquoise necklace,20,HIGH,100
wholesale 925 rings,20,HIGH,100
turquoise solitaire necklace,20,HIGH,100
platinum turquoise ring,20,HIGH,100
natural healing stone bracelets,20,HIGH,100
missoma moonstone necklace,20,HIGH,91
citrine topaz earrings,20,HIGH,100
real turquoise necklace western,20,HIGH,100
jtv moonstone jewelry,20,HIGH,100
levian citrine necklace,20,HIGH,100
navajo turquoise hoop earrings,20,HIGH,100
swarovski turquoise earrings,20,HIGH,85
tigers eye jewelry near me,20,HIGH,100
june moonstone ring,20,HIGH,100
spirit adornments jewelry,20,HIGH,100
cuff mens turquoise bracelet,20,HIGH,100
moonstone fertility necklace,20,MEDIUM,33
monica vinader turquoise bracelet,20,HIGH,85
oval citrine earrings,20,HIGH,100
stainless steel turquoise jewelry,20,HIGH,100
aquamarine and citrine necklace,20,HIGH,100
moon stone ring gold,20,HIGH,97
14k gold turquoise bracelet,20,HIGH,100
moonstone fidget ring,20,HIGH,100
genuine carnelian bracelet,20,HIGH,100
mejuri citrine,20,HIGH,100
jtv citrine earrings,20,HIGH,100
turquoise earrings for sale,20,HIGH,100
925 huggie earrings,20,HIGH,100
ross simons citrine earrings,20,HIGH,100
real turquoise initial necklace,20,HIGH,100
titanium turquoise ring,20,HIGH,100
moonstone station necklace,20,HIGH,100
most valuable turquoise jewelry,20,HIGH,100
turquoise hoop earrings small,20,HIGH,100
tiger eye triple protection bracelet,20,HIGH,100
pear shaped turquoise engagement ring,20,HIGH,96
june birthstone moonstone jewelry,20,HIGH,100
gold turquoise ring womens,20,HIGH,100
genuine turquoise hoop earrings,20,HIGH,100
effy tiger eye bracelet,20,HIGH,100
turquoise stud earrings native american,20,HIGH,100
brighton turquoise earrings,20,HIGH,100
platinum moonstone engagement ring,20,HIGH,83
pandora turquoise necklace,20,HIGH,75
dainty citrine necklace,20,HIGH,100
real turquoise choker,20,HIGH,100
sleeping beauty turquoise jewelry for sale,20,HIGH,100
spiritual anklets,20,HIGH,93
red spiritual bracelet,20,HIGH,100
mens moonstone ring gold,20,HIGH,100
chunky 925 silver rings,20,HIGH,100
spiritual stone bracelets,20,HIGH,100
heart shaped turquoise earrings,20,HIGH,100
turquoise and silver wedding rings,20,HIGH,100
small turquoise bracelet,20,HIGH,100
montana silversmith turquoise rings,20,HIGH,100
buddha to buddha ring turquoise,20,HIGH,100
orange citrine necklace,20,HIGH,100
ross simons turquoise necklace,20,HIGH,100
blue eye tiger bracelet,20,MEDIUM,63
mens silver and turquoise necklace,20,HIGH,100
simple moonstone ring,20,HIGH,100
oval citrine pendant,20,HIGH,100
turquoise cross necklace gold,20,HIGH,100
turquoise blue jewellery set,20,HIGH,99
citrine and garnet bracelet,20,HIGH,93
engagement ring with turquoise band,20,HIGH,100
spiritual stone jewelry,20,HIGH,100
jtv citrine jewelry,20,HIGH,86
925 silver couple ring,20,MEDIUM,53
turquoise and ruby necklace,20,HIGH,97
lightning bolt turquoise necklace,20,HIGH,94
black tiger eye beads,20,HIGH,98
925 gm cn ring,20,MEDIUM,50
turquoise anniversary band,20,HIGH,100
turquoise jewelry online,20,HIGH,100
citrine flower earrings,20,HIGH,100
genuine native american turquoise jewelry,20,HIGH,97
turquoise gold hoops,20,HIGH,100
famous turquoise jewelry designers,20,LOW,27
tiger pearl necklace,20,LOW,0
silver and turquoise anklet,20,HIGH,97
shop lc sleeping beauty turquoise,20,HIGH,78
turquoise pendant earrings,20,HIGH,100
kendra scott moonstone ring,20,HIGH,100
mens turquoise stud earrings,20,HIGH,86
men's navajo turquoise jewelry,20,HIGH,100
hummingbird bracelet charm,20,HIGH,100
real moonstone pendant,20,HIGH,100
sterling silver necklace with turquoise stone,20,HIGH,100
november birthstone set,20,HIGH,100
9.25 silver ring,20,HIGH,100
red carnelian earrings,20,HIGH,100
turquoise enamel bracelet,20,HIGH,100
best spiritual bracelets,20,HIGH,100
monica vinader turquoise ring,20,HIGH,93
white gold turquoise engagement rings,20,HIGH,100
alexandrite and moonstone necklace,20,HIGH,100
925 sterling silver couple rings,20,HIGH,100
mejuri turquoise ring,20,HIGH,100
blue stone rings turquoise,20,HIGH,100
pawn turquoise jewelry,20,HIGH,100
modern turquoise necklace,20,HIGH,100
turquoise and diamond drop earrings,20,HIGH,100
topaz and citrine earrings,20,HIGH,100
most expensive turquoise jewelry,20,MEDIUM,60
citrine and topaz earrings,20,HIGH,100
silver and turquoise engagement ring,20,HIGH,100
topaz november birthstone necklace,20,HIGH,100
princess cut turquoise ring,20,HIGH,100
tiger eye and obsidian bracelet,20,HIGH,83
cartier turquoise necklace,20,HIGH,100
stainless steel moonstone ring,20,HIGH,100
sleeping beauty stud earrings,20,HIGH,94
citrine drop earrings yellow gold,20,HIGH,100
citrine cuff bracelet,20,HIGH,100
stackable turquoise rings for women,20,HIGH,100
moonstone charm necklace,20,HIGH,100
november birthstone hoop earrings,20,LOW,17
citrine gemstone pendant,20,HIGH,92
pawn shop turquoise jewelry,20,HIGH,99
moonstone pear ring,20,HIGH,100
tiger earrings studs,20,HIGH,100
zales 925 ring,20,HIGH,90
mens silver turquoise jewelry,20,HIGH,100
turquoise pierced earrings,20,HIGH,100
turquoise evil eye pendant,20,HIGH,100
moonstone june birthstone ring,20,HIGH,100
tiffany t ring turquoise,20,HIGH,100
mens copper and turquoise bracelet,20,HIGH,100
spiny oyster and turquoise jewelry,20,HIGH,100
brit west turquoise jewelry,20,HIGH,71
mens silver and turquoise jewelry,20,HIGH,100
pear moonstone ring,20,HIGH,100
turquoise stone pendant necklace,20,HIGH,98
lava stone tiger eye bracelet,20,HIGH,100
harley davidson ring 925 silver,20,MEDIUM,51
blue moon stone ring,20,HIGH,96
925 silver rings wholesale,20,HIGH,100
necklace with moonstone,20,HIGH,100
wholesale moonstone jewelry,20,HIGH,100
silver spiritual jewelry,20,HIGH,92
925 silver stacking rings,20,HIGH,100
genuine turquoise squash blossom necklace,20,HIGH,100
unique turquoise engagement rings,20,HIGH,100
real 925 sterling silver rings,20,HIGH,100
turquoise hanging earrings,20,HIGH,100
turquoise star of david necklace,20,HIGH,100
men's tiger eye bead necklace,20,HIGH,97
small moonstone pendant,20,HIGH,82
turquoise and opal earrings,20,HIGH,100
silver and turquoise ring mens,20,HIGH,100
turquoise dragonfly earrings,20,HIGH,100
9.25 sterling silver rings,20,HIGH,100
moonstone stud earrings silver,20,HIGH,100
gold tiger jewelry,20,MEDIUM,64
belk turquoise jewelry,20,HIGH,100
mens spiritual rings,20,HIGH,100
925 silver eternity ring,20,HIGH,90
designer turquoise necklace,20,HIGH,100
925 barse,20,MEDIUM,55
cheap moonstone rings,20,HIGH,100
oval citrine engagement ring,20,HIGH,100
square turquoise stud earrings,20,HIGH,93
navajo turquoise jewelry near me,20,HIGH,100
moon stone silver ring,20,HIGH,100
tiger eye jewelry sterling silver,20,HIGH,96
montana silversmith turquoise bracelet,20,HIGH,100
buy turquoise jewelry near me,20,HIGH,100
authentic navajo squash blossom necklace,20,HIGH,100
unique turquoise earrings,20,HIGH,100
zuni stud earrings,20,HIGH,100
turquoise chevron ring,20,HIGH,100
turquoise circle pendant,20,HIGH,100
delicate moonstone ring,20,HIGH,100
moonstone and amethyst bracelet,20,HIGH,100
925 silver ring real,20,HIGH,100
moonstone tree of life necklace,20,HIGH,87
925 silver promise rings,20,HIGH,100
turquoise conch earring,20,HIGH,100
tiger bead necklace,20,HIGH,100
rectangle turquoise earrings,20,HIGH,100
addison moonstone necklace,20,LOW,21
green aventurine and citrine bracelet,20,HIGH,92
pura vida moonstone ring,20,HIGH,100
moonstone pear shaped engagement ring,20,HIGH,100
turquoise cow necklace,20,HIGH,100
14k turquoise necklace,20,HIGH,100
gold plated turquoise ring,20,HIGH,100
925 sterling silver men,20,HIGH,100
929 silver ring,20,HIGH,83
turquoise inlay hoop earrings,20,HIGH,100
simple moonstone necklace,20,HIGH,100
citrine and peridot earrings,20,HIGH,100
turquoise bead strands,20,HIGH,100
turquoise pieces for sale,20,HIGH,100
alexandrite pearl and moonstone ring,20,HIGH,100
swarovski turquoise ring,20,LOW,28
vintage turquoise rings for sale,20,HIGH,90
925 silver jump rings,20,HIGH,100
mens western turquoise jewelry,20,HIGH,100
lava and tiger eye bracelet,20,HIGH,97
etsy turquoise engagement ring,20,HIGH,100
jtv com turquoise jewelry,20,HIGH,81
effie calavaza bracelet,20,HIGH,100
jtv sleeping beauty turquoise necklace,20,HIGH,100
van cleef sweet alhambra necklace carnelian,20,HIGH,100
real turquoise stones for sale,20,HIGH,100
turquoise hearts & feather hoop earrings,20,LOW,2
madeira citrine bracelet,20,HIGH,100
10k gold tiger eye ring,20,HIGH,69
14k gold tiger ring,20,HIGH,71
14k tiger eye ring,20,HIGH,100
18k gold tiger eye ring,20,MEDIUM,41
1997 tiffany & co 925 ring price,20,LOW,26
8 turquoise jewelry,20,HIGH,100
925 c ec,20,MEDIUM,52
925 cn earrings,20,MEDIUM,43
925 cz silver ring,20,HIGH,100
925 earrings price,20,MEDIUM,59
925 f ring,20,LOW,4
925 flower ring,20,HIGH,100
925 gha ring,20,MEDIUM,43
925 jcl ring,20,MEDIUM,64
925 jump rings,20,HIGH,100
925 kpj ring,20,LOW,13
925 mood ring,20,HIGH,100
925 moonstone ring,20,HIGH,89
925 on ring band,20,LOW,21
925 pinky ring,20,HIGH,100
925 ring band,20,HIGH,100
925 sd ring,20,LOW,6
925 silver carat,20,LOW,27
925 silver cubic zirconia rings,20,HIGH,100
925 silver dragon ring,20,HIGH,94
925 silver men's wedding bands,20,HIGH,100
925 silver mood ring,20,HIGH,100
925 silver ring with pink stone,20,MEDIUM,56
925 silver ruby ring,20,HIGH,71
925 silver wolf ring,20,,
925 sterling silver 14k gold plated,20,MEDIUM,66
925 sterling silver blue topaz ring,20,HIGH,100
925 sterling silver dragon ring,20,HIGH,94
925 sterling silver rings for sale,20,HIGH,100
925 sterling silver ruby ring,20,HIGH,84
925 sterling silver snake ring,20,HIGH,100
925 sterling silver vintage,20,HIGH,100
925 sterling silver women's ring,20,HIGH,93
925 tiffany and co ring,20,HIGH,100
925 wholesale rings,20,HIGH,100
a moonstone necklace,20,HIGH,100
african spiritual jewelry,20,HIGH,70
amazon citrine earrings,20,MEDIUM,64
amg 925 ring price,20,MEDIUM,39
aquamarine and citrine jewelry,20,HIGH,74
asscher cut citrine ring,20,HIGH,100
authentic turquoise squash blossom necklace,20,HIGH,100
av 925 earrings,20,LOW,25
avery sterling 925,20,HIGH,98
avon citrine ring,20,MEDIUM,49
beautiful moonstone necklace,20,HIGH,100
beautiful turquoise,20,HIGH,90
bee 925 ring,20,LOW,32
bella's ring in twilight moonstone,20,LOW,0
berricle 925 cn,20,LOW,29
best turquoise stone,20,MEDIUM,51
black and turquoise earrings,20,HIGH,100
black obsidian and tiger eye bracelet,20,HIGH,100
black tourmaline and citrine bracelet,20,HIGH,100
black with turquoise,20,LOW,0
blue tiger eye earrings,20,HIGH,94
blue tiger eye stone ring,20,MEDIUM,60
blue turquoise stone ring,20,HIGH,78
bohemian earrings studs,20,HIGH,100
bohemian nose,20,LOW,2
boho gold ring set,20,HIGH,100
boruo 925 sterling silver ring,20,MEDIUM,61
brass and turquoise jewelry,20,HIGH,100
brazilian citrine jewelry,20,HIGH,79
buffalo turquoise bracelet,20,HIGH,100
bvlgari 925 silver ring price,20,HIGH,91
carnelian and citrine bracelet,20,HIGH,100
carnelian and rose quartz ring,20,HIGH,100
carnelian and tiger's eye bracelet,20,HIGH,100
carnelian bracelet near me,20,HIGH,97
carnelian bracelet van cleef,20,HIGH,98
carnelian choker necklace,20,HIGH,100
carnelian donut necklace,20,HIGH,100
carnelian hoop earrings,20,HIGH,100
carnelian ring near me,20,HIGH,100
carnelian vca bracelet,20,HIGH,100
carved turquoise pendant,20,HIGH,100
ceremonial turquoise,20,HIGH,73
chaps turquoise necklace,20,HIGH,100
cheap turquoise necklace,20,HIGH,100
chinese spiderweb turquoise,20,MEDIUM,65
cid 925 ring,20,LOW,12
citrine and pearl jewelry,20,HIGH,100
citrine and sapphire jewelry,20,HIGH,100
citrine and turquoise ring,20,HIGH,100
citrine belly ring,20,HIGH,100
citrine cushion ring,20,HIGH,75
citrine diamond rings white gold,20,HIGH,100
citrine month birthstone,20,HIGH,97
citrine navel ring,20,HIGH,100
citrine pendant 14k gold,20,HIGH,100
citrine pi yao bracelet,20,HIGH,100
citrine quartz necklace,20,HIGH,90
citrine quartz ring,20,HIGH,100
citrine ring ebay,20,HIGH,100
citrine ring gold band,20,HIGH,100
citrine sterling ring,20,HIGH,100
citrine sterling silver,20,MEDIUM,53
citrine stone ring for men,20,HIGH,100
citrine wealth bracelet,20,HIGH,100
cortez h turquoise ring,20,HIGH,88
crescent moon stone necklace,20,HIGH,100
crystal healing stones necklace,20,HIGH,100
curved turquoise wedding band,20,HIGH,100
cushion citrine ring,20,HIGH,75
cz 925 silver ring,20,HIGH,100
dainty carnelian necklace,20,HIGH,100
dark citrine ring,20,HIGH,94
david yurman citrine noblesse ring,20,HIGH,100
david yurman noblesse citrine ring,20,HIGH,100
double band moonstone ring,20,HIGH,100
dqcz 925,20,LOW,0
ebay moonstone ring,20,HIGH,100
edco 925 ring,20,MEDIUM,49
effie c zuni bracelet,20,HIGH,100
effy 925 ring,20,HIGH,100
ehc 925 earrings,20,HIGH,94
emporio armani 925 ring,20,LOW,30
etsy 925 sterling silver ring,20,HIGH,100
etsy carnelian pendant,20,LOW,28
etsy citrine bracelet,20,HIGH,100
etsy moonstone pendant,20,HIGH,100
etsy turquoise stud earrings,20,HIGH,100
etsy vintage turquoise jewelry,20,HIGH,100
fake moonstone ring,20,HIGH,76
faux turquoise bracelet,20,HIGH,87
faux turquoise squash blossom necklace,20,HIGH,79
feng shui blue tiger eye bracelet,20,LOW,0
fine moonstone,20,MEDIUM,40
flower turquoise earrings,20,HIGH,100
fred harvey era bracelet,20,HIGH,100
fred harvey turquoise bracelet,20,HIGH,100
galaxy tiger eye bracelet,20,HIGH,100
gem stone king 925 sterling silver,20,HIGH,100
gha 925 ring,20,MEDIUM,43
gold moonstone ring paparazzi,20,LOW,3
gold moonstone stud earrings,20,HIGH,67
gray moonstone bracelet,20,HIGH,100
green copper turquoise ring,20,HIGH,100
green eye bracelet,20,HIGH,100
green moonstone earrings paparazzi,20,LOW,6
green turquoise necklace vintage,20,HIGH,100
hamsa all seeing eye & feather spirituality dangle charm,20,MEDIUM,53
healing crystal jewelry near me,20,HIGH,100
healing stone pendant necklace,20,HIGH,100
heart shaped turquoise pendant,20,HIGH,100
heritage style turquoise,20,HIGH,83
hippie ring set,20,HIGH,67
holy spirit dove jewelry,20,MEDIUM,59
horsekeeping native american jewelry,20,LOW,16
indian squash necklace,20,HIGH,100
indian turquoise stone,20,HIGH,100
jdcz925,20,MEDIUM,64
judith ripka citrine,20,HIGH,67
kate middleton citrine earrings,20,HIGH,98
kendra scott moonstone earrings,20,HIGH,100
ks 925 ring,20,MEDIUM,52
large moonstone engagement ring,20,HIGH,100
large turquoise slab earrings,20,HIGH,100
lemon turquoise,20,HIGH,67
lightning bolt turquoise ring,20,HIGH,100
lion eye bracelet,20,HIGH,100
lucky brand turquoise jewelry,20,HIGH,91
luna norte moonstone necklace,20,MEDIUM,58
luna norte moonstone necklace set,20,LOW,24
mac miller turquoise ring,20,HIGH,100
mejuri citrine ring,20,HIGH,86
men's blue tiger eye ring,20,HIGH,100
men's carnelian necklace,20,HIGH,100
mens carnelian signet ring,20,HIGH,100
mens ring with tiger eye stone,20,HIGH,100
mercury dime squash blossom necklace,20,HIGH,100
mexican silver and turquoise jewelry,20,HIGH,100
mohave turquoise ring,20,HIGH,100
mood ring 925 silver,20,HIGH,100
moon stone ring men,20,HIGH,71
moonstone and amethyst jewelry,20,HIGH,78
moonstone and black diamond ring,20,HIGH,100
moonstone and pearl earrings,20,HIGH,100
moonstone and rose quartz necklace,20,HIGH,85
moonstone bar necklace,20,MEDIUM,55
moonstone crescent moon ring,20,HIGH,100
moonstone ear cuff,20,HIGH,100
moonstone engagement ring reddit,20,HIGH,86
moonstone face ring,20,HIGH,94
moonstone for jewelry making,20,HIGH,100
moonstone halo engagement ring,20,HIGH,100
moonstone jewellery sale,20,HIGH,100
moonstone pear engagement ring,20,HIGH,100
moonstone piercing jewelry,20,HIGH,100
moonstone point necklace,20,MEDIUM,42
moonstone ring wedding,20,HIGH,100
moonstone ring which finger,20,HIGH,87
moonstone silver stud earrings,20,HIGH,100
moonstone twig ring,20,HIGH,100
moonstone wedding ring men,20,HIGH,100
moonstone wire ring,20,MEDIUM,60
morganite and moonstone ring,20,HIGH,100
n 925 ring,20,MEDIUM,39
nakai navajo jewelry,20,HIGH,100
natural citrine crystal necklace,20,MEDIUM,61
navajo blossom necklace,20,HIGH,97
needlepoint squash blossom necklace,20,HIGH,100
november birthstone cost,20,MEDIUM,38
november birthstone for men,20,HIGH,100
november birthstone topaz and citrine,20,MEDIUM,65
og 925 ring,20,LOW,15
old pawn turquoise cuff bracelet,20,HIGH,100
old squash blossom necklace,20,HIGH,100
onyx and turquoise jewelry,20,HIGH,100
opal citrine ring,20,HIGH,100
orange citrine gemstone,20,HIGH,79
orange moonstone ring paparazzi,20,LOW,7
oval citrine and diamond ring,20,HIGH,88
paparazzi blue moonstone earrings,20,LOW,7
paparazzi blue moonstone ring,20,MEDIUM,42
paparazzi gold moonstone necklace,20,HIGH,67
paparazzi tiger eye necklace,20,MEDIUM,37
paparazzi turquoise earrings,20,HIGH,100
paparazzi turquoise zi necklace,20,HIGH,100
petit point squash blossom necklace,20,HIGH,100
petit point turquoise ring,20,HIGH,100
pscl 925 ring,20,HIGH,68
purple moonstone earrings paparazzi,20,LOW,17
rachel green turquoise ring,20,HIGH,100
rainbow tigers eye bracelet,20,HIGH,100
raw carnelian crystal necklace,20,HIGH,93
real carnelian crystal bracelet,20,HIGH,100
real turquoise stone necklace,20,HIGH,100
red moonstone ring,20,HIGH,97
red tiger eye bead bracelet,20,HIGH,97
red tiger eye stone bracelet,20,HIGH,95
ring that says 925,20,LOW,15
rl 925 ring,20,MEDIUM,48
rondell turquoise,20,LOW,18
rose quartz and carnelian necklace,20,HIGH,84
rose quartz and moonstone necklace,20,HIGH,85
rose quartz and moonstone ring,20,HIGH,100
rough moonstone ring,20,HIGH,100
royal blue moonstone jewelry,20,HIGH,78
s for sparkle carnelian necklace,20,,
s925 inside ring,20,LOW,6
sapphire and citrine jewelry,20,HIGH,100
seta 925 silver ring,20,,
sg 925 ring,20,MEDIUM,61
shop lc turquoise jewelry,20,HIGH,95
signed turquoise jewelry,20,HIGH,100
silver moonstone stud earrings,20,HIGH,100
silver moonstone wedding ring,20,HIGH,100
silver squash blossom earrings,20,HIGH,100
silversmith turquoise jewelry,20,HIGH,100
simple citrine ring,20,HIGH,100
sl 925 ring,20,LOW,27
sleeping beauty squash blossom necklace,20,HIGH,100
sleeping in necklaces,20,LOW,0
spiny oyster copper turquoise,20,HIGH,98
spiny turquoise rings,20,HIGH,100
squash blossom earrings silver,20,HIGH,100
sterling citrine ring,20,HIGH,100
sterling silver bone ring,20,HIGH,100
sterling silver citrine,20,MEDIUM,53
sterling silver cross with turquoise,20,HIGH,100
sterling silver moonstone drop earrings,20,HIGH,100
sterling silver rainbow moonstone bracelet,20,MEDIUM,57
sterling silver turquoise heart ring,20,HIGH,95
sterling turquoise jewelry,20,HIGH,100
sterling turquoise necklace,20,HIGH,100
su 925 earrings,20,LOW,20
su 925 ring,20,LOW,15
sw 925 cz,20,LOW,11
sw 925 ring,20,MEDIUM,34
sweet alhambra bracelet carnelian,20,HIGH,100
sweet alhambra carnelian necklace,20,HIGH,100
tacori 925,20,MEDIUM,54
tacori 925 ring,20,HIGH,97
target turquoise jewelry,20,HIGH,99
ted muehling turquoise earrings,20,HIGH,100
the triple protection bracelet,20,HIGH,100
the turquoise cowgirl,20,LOW,23
tiffany citrine sparkler ring,20,HIGH,100
tiffany ring turquoise,20,HIGH,100
tiger eye 7 chakra bracelet,20,HIGH,81
tiger eye bracelet blue,20,HIGH,100
tiger eye choker necklace,20,HIGH,100
tiger eye gemstone ring,20,HIGH,84
tiger eye lava bracelet,20,HIGH,97
tiger eye stone mens ring,20,HIGH,100
tiger eye stone ring men,20,HIGH,100
tiger stone ring for men,20,MEDIUM,62
tigers eye and amethyst bracelet,20,HIGH,100
tigers eye and citrine bracelet,20,HIGH,89
tigers eye septum ring,20,HIGH,100
tigerseye ring,20,HIGH,100
topaz and turquoise ring,20,HIGH,100
tourmaline and citrine ring,20,HIGH,100
trifari turquoise necklace,20,HIGH,79
tsd 925 ring,20,LOW,29
turquoise and red coral earrings,20,HIGH,100
turquoise and rhinestone necklace,20,HIGH,100
turquoise and topaz ring,20,HIGH,100
turquoise bear earrings,20,HIGH,100
turquoise bezel ring,20,HIGH,100
turquoise bird earrings,20,HIGH,100
turquoise color bracelet,20,HIGH,100
turquoise hoop earrings sterling silver,20,HIGH,100
turquoise horse earrings,20,HIGH,100
turquoise horse ring,20,HIGH,100
turquoise hummingbird jewelry,20,HIGH,100
turquoise inlay band rings,20,HIGH,100
turquoise mountain necklace,20,HIGH,100
turquoise paparazzi jewelry,20,HIGH,100
turquoise ring designs,20,HIGH,100
turquoise ring gold band,20,HIGH,88
turquoise ring paparazzi,20,HIGH,81
turquoise ring price,20,HIGH,97
turquoise ring set in gold,20,HIGH,100
turquoise rings and bracelets,20,HIGH,100
turquoise square earrings,20,HIGH,100
turquoise stone birthstone,20,HIGH,87
turquoise tanzanite zircon,20,MEDIUM,57
turquoise teal gemstones,20,HIGH,95
turquoise topaz ring,20,HIGH,100
used turquoise jewelry for sale,20,HIGH,94
van cleef and arpels carnelian bracelet,20,HIGH,100
vanna k cz 925,20,MEDIUM,65
victorian carnelian necklace,20,MEDIUM,60
viking turquoise,20,MEDIUM,53
vintage native american squash blossom necklace,20,HIGH,100
vintage tiger eye earrings,20,HIGH,94
vintage turquoise and coral rings,20,HIGH,82
vintage turquoise choker,20,HIGH,89
western cross necklace with turquoise,20,MEDIUM,60
western squash blossom necklace,20,HIGH,100
western style turquoise jewelry,20,HIGH,100
white buffalo turquoise cuff bracelet,20,HIGH,100
white gold carnelian ring,20,MEDIUM,50
white gold citrine and diamond ring,20,HIGH,100
white gold tiger eye pendant,20,LOW,0
willa's moonstone necklace,20,MEDIUM,43
women moonstone wedding ring,20,HIGH,100
womens tiger ring,20,HIGH,100
yellow citrine birthstone,20,HIGH,86
yellow citrine crystal necklace,20,MEDIUM,52
yellow gold moonstone bracelet,20,LOW,0
yellow moonstone ring paparazzi,20,LOW,0
yellow turquoise earrings,20,HIGH,100
zachery treated turquoise,20,HIGH,69
zales citrine bracelet,20,LOW,13
zuni butterfly ring,20,HIGH,100
zuni hummingbird ring,20,HIGH,100
zuni needlepoint squash blossom necklace,20,HIGH,100
zuni sterling silver,20,HIGH,100
unusual silver bracelets,10,HIGH,70
sterling silver personalised necklace,10,HIGH,94
ladies unusual silver bracelets,10,HIGH,100
silver engagement rings for her,10,HIGH,100
chunky silver rings ladies,10,LOW,0
silver jwellery shopping online,10,HIGH,100
silver earrings online,10,HIGH,100
real silver rings women,10,HIGH,100
unusual chunky silver bracelets,10,,
silver by mail earrings,10,,
silver love heart necklace,10,HIGH,100
unusual silver pendants,10,HIGH,100
unusual chunky silver rings,10,,
buy silver rings online,10,HIGH,100
star sign necklace silver,10,,
silver anklets online,10,HIGH,88
silver mum ring,10,MEDIUM,56
best silver chain necklace for guys,10,,
3 layer necklace sterling silver,10,,
silver fendi ring,10,HIGH,100
buy silver bracelet online,10,,
buy silver chain online,10,HIGH,100
angel whisperer jewellery,10,MEDIUM,60
agate tiger eye bracelet,10,HIGH,100
best silver jewlery online,10,HIGH,100
silver rings online,10,HIGH,100
the love silver collection,10,LOW,0
original blue sapphire ring,10,HIGH,93
sterling silver ring bombs wholesale,10,,
bespoke silver necklace,10,HIGH,100
jeulia artisan jewelry,10,HIGH,100
18ct gold vermeil on silver,10,HIGH,71
original emerald stone ring,10,HIGH,100
pure silver rings for men's with price,10,,
handmade welsh jewellery,10,,
jtv artisan of bali new arrivals,10,LOW,10
italian silver chain 925 price,10,HIGH,100
pure silver bracelet for mens with price,10,HIGH,100
boho ringe,10,HIGH,100
chunky silver handmade jewellery,10,,
blue boho rings,10,HIGH,100
unique handmade silver earrings,10,HIGH,100
shopify handmade jewelry stores,10,HIGH,100
silver diamond necklace set,10,HIGH,100
moonstone ring for ladies,10,HIGH,100
silver touch jewelry,10,LOW,21
pure silver necklace set,10,HIGH,100
jtv artisan of bali jewelry,10,HIGH,100
real emerald necklace price,10,HIGH,100
hand made silver necklace,10,HIGH,100
tiger eye bracelet original,10,HIGH,100
silver chain online,10,HIGH,100
hand made diamond rings,10,HIGH,100
emerald jewellery online,10,HIGH,100
bohemian jewellery online,10,MEDIUM,36
silver diamond ring for male,10,,
evil eye silver anklet,10,HIGH,95
pure silver earrings online,10,LOW,0
artisan jewelry wholesale,10,HIGH,100
pure silver ring price,10,LOW,26
silver bracelet for womens with price,10,HIGH,67
silver necklace set for wedding,10,HIGH,100
hug silver ring,10,MEDIUM,50
boho outlet jewelry,10,,
pure silver anklets online,10,HIGH,100
silver rings for female with price,10,HIGH,100
boho diamond bracelet,10,HIGH,100
artisan of bali bracelets,10,HIGH,84
silver ring for women price,10,HIGH,100
evil eye bracelet in silver,10,HIGH,100
diamond second stud,10,HIGH,100
chandi ring design,10,HIGH,83
boho fidget ring,10,HIGH,92
jtv artisan of bali bangle bracelets,10,,
silver pearl ring for ladies,10,HIGH,71
bali silver wholesale,10,HIGH,81
hand made mens wedding bands,10,HIGH,100
blue sapphire ring for ladies,10,LOW,0
bali jewellery online,10,HIGH,100
certified gemstone shop near me,10,HIGH,100
gia certified gemstones online,10,HIGH,100
bali jewelry clearance,10,LOW,0
pure silver locket,10,HIGH,100
925 silver necklace set,10,HIGH,100
tiffany choker toggle,10,,
bespoke silver earrings,10,HIGH,100
big stone ring for ladies,10,HIGH,100
diamond boho bracelet,10,HIGH,100
replica jewellery online,10,LOW,0
pure silver jewlery sets,10,,
silver nose pin online,10,LOW,0
best handmade jewelry websites,10,HIGH,100
artisan of bali jewelry collection,10,HIGH,71
artisan pearl jewelry,10,HIGH,100
tibetan lucky knot bracelet,10,HIGH,100
boho western jewelry wholesale,10,,
handmade wedding rings near me,10,HIGH,100
silver chain design for mens with price,10,HIGH,100
black beads anklet silver,10,HIGH,100
bali artisan jewelry wholesale,10,,
pure silver chain for mens with grams,10,,
emerald stone ring for ladies,10,HIGH,100
handmade moissanite engagement rings,10,HIGH,100
bohemian wedding earrings,10,HIGH,100
handmade birthstone jewelry,10,HIGH,100
gemstone necklace set,10,HIGH,100
stone ring design for female,10,HIGH,100
original tiger eye bracelet,10,HIGH,90
gold plated silver jewerly online,10,LOW,0
aboriginal handmade jewellery,10,LOW,0
silver black thread anklet,10,HIGH,100
handmade earrings online shop,10,LOW,0
silver jwellery for wife,10,,
artisan of bali janyl sherman,10,MEDIUM,48
silver bracelet for men's with grams,10,HIGH,100
irish made earrings,10,HIGH,100
best artisan jewelry websites,10,HIGH,100
silver love hugging hand ring,10,,
artisan of bali rings,10,,
high end boho jewelry,10,HIGH,100
hand made mens rings,10,HIGH,100
gemstone ring design for female,10,HIGH,100
solid gold boho jewellery,10,HIGH,100
pure silver pendants online,10,LOW,0
black thread anklet silver,10,HIGH,100
gold plated silver anklets,10,HIGH,100
polymer clay earrings shop,10,LOW,29
black silver anklet,10,HIGH,86
silver ring for male with price,10,HIGH,100
rose gold boho earrings,10,HIGH,100
silver chain design for female,10,,
wholesale boho earrings,10,HIGH,100
red ruby ring price,10,MEDIUM,57
engagement rings bali,10,HIGH,100
bespoke handmade jewellery,10,MEDIUM,33
silver black anklet,10,HIGH,100
artisan silver necklace,10,HIGH,100
silver anklets for bride,10,HIGH,100
artisan gemstone jewelry,10,HIGH,100
stone earrings design,10,MEDIUM,50
silver chain for women price,10,HIGH,100
boho peak rings,10,HIGH,100
silver neck chain for ladies,10,HIGH,100
bohemian wedding jewelry,10,HIGH,100
artisan mens wedding bands,10,HIGH,100
black anklet silver,10,HIGH,100
handmade sapphire engagement rings,10,HIGH,100
gold ring with stone for male,10,HIGH,100
handmade initial necklace,10,HIGH,100
chandi ring price,10,,
silverworks necklace,10,HIGH,71
pure silver earrings price,10,LOW,0
boho pearl bracelet,10,HIGH,100
jtv bali,10,HIGH,100
pure silver necklace set with price,10,,
best silver chain design for men,10,HIGH,100
ruby stone ring price,10,HIGH,100
14 august birthstone,10,HIGH,100
boho bridal necklace,10,HIGH,100
ruby stone necklace set,10,HIGH,86
boho earrings wholesale,10,LOW,0
gold hippie jewelry,10,HIGH,100
boho bridesmaid earrings,10,MEDIUM,50
amethyst stone ring price,10,HIGH,75
ruby stone ring design,10,HIGH,100
stone ring design for men,10,HIGH,100
silver chain for women design,10,HIGH,100
artisan gold earrings,10,HIGH,100
pure silver chain with pendant,10,HIGH,100
bespoke silver bracelets,10,,
double stone ring design,10,HIGH,83
handmade white gold rings,10,HIGH,100
silver tops earrings,10,HIGH,80
gemstone ring design for male,10,HIGH,100
boho bridesmaid jewelry,10,HIGH,100
one stone ring design,10,HIGH,83
silver nose ring for pierced nose,10,HIGH,100
silver look alike jewellery,10,MEDIUM,60
emmadi jewellery online shopping,10,LOW,0
cheap hippie jewelry,10,HIGH,94
purple stone necklace set,10,HIGH,100
jtv artisan of bali rings,10,,
bali jewelry bracelets,10,HIGH,100
handmade diamond necklace,10,HIGH,67
big stone ring design for female,10,HIGH,100
neelam ring design,10,HIGH,88
black stone ring for ladies,10,HIGH,83
2 gram silver ring price,10,MEDIUM,36
one stone pendant,10,HIGH,100
blue boho necklace,10,HIGH,100
boho huggie earrings,10,HIGH,100
artisan bracelets jewelry,10,HIGH,100
gold stone rings for ladies,10,,
emerald gold ring price,10,MEDIUM,57
artisan gold necklace,10,HIGH,100
stone ring designs for male,10,HIGH,100
bohoblu jewelry,10,HIGH,100
silver jewlery sets with price,10,HIGH,100
butterfly locket chain,10,HIGH,100
handmade purnama bracelet,10,HIGH,100
handmade silver mens jewelry,10,MEDIUM,60
bohemian drop earrings,10,HIGH,95
jtv bali collection,10,HIGH,86
ananda jewelry bali,10,,
australian boho jewellery,10,LOW,0
bali handmade bracelets,10,MEDIUM,43
handmade mjolnir necklace,10,HIGH,100
silver jwellery set,10,LOW,0
hypoallergenic boho earrings,10,MEDIUM,33
opal september birthstone,10,MEDIUM,57
boho crystal jewelry,10,HIGH,100
handmade birthstone rings,10,HIGH,100
emerald ring designs in gold,10,HIGH,100
jtv bali bracelets,10,HIGH,71
bridal boho earrings,10,LOW,0
canggu jewelry classes,10,LOW,12
handmade ethical engagement rings,10,HIGH,100
james avery artisan jewelry products,10,LOW,0
artisan jewelry rings,10,HIGH,100
jtv connemara marble,10,LOW,0
chunky boho sterling silver rings,10,HIGH,100
pink stone necklace set,10,HIGH,100
peridot 5 carat price,10,HIGH,100
affordable boho engagement rings,10,HIGH,100
blink jewellery bali,10,MEDIUM,51
quality handmade jewelry,10,HIGH,67
hippie wedding ring sets,10,HIGH,100
green stone gold ring for ladies,10,HIGH,100
novica bali jewelry,10,LOW,0
handmade joy ring,10,,
50 gram silver chain price,10,HIGH,100
square stone ring design,10,HIGH,100
pure silver bangles for ladies with price,10,,
handmade gemstone engagement rings,10,HIGH,100
bali silver wholesale jewelry,10,HIGH,100
handmade opal earrings,10,HIGH,100
handmade silver locket,10,MEDIUM,33
handmade birthstone necklace,10,MEDIUM,33
emerald ring for ladies in gold,10,,
handmade couple rings,10,HIGH,100
boho wedding earrings gold,10,HIGH,100
real gold boho jewelry,10,HIGH,100
best silver ring design for men,10,,
jtv artisan of bali jewelry collection,10,,
silverworks rings,10,HIGH,100
statement boho earrings,10,HIGH,100
silver ring for mens with grams,10,,
citrine bracelet price,10,LOW,11
gold plated silver antique jewellery online,10,HIGH,86
silver plated jewellery set,10,HIGH,84
stone pendant in gold,10,HIGH,100
blue boho engagement rings,10,,
20 gram silver bracelet price,10,HIGH,100
silver jwellery look,10,,
local jewelry artisans,10,HIGH,91
stone jewellery sets with prices,10,,
custom damascus ring,10,MEDIUM,48
om locket silver,10,HIGH,100
chandi rings for male,10,HIGH,100
handmade gold cross necklace,10,HIGH,100
sarda artisan of bali,10,LOW,0
silver gold plated jewellery near me,10,,
handmade sterling silver artisan jewelry,10,HIGH,100
sterling silver handmade dragon chain bracelet,10,,
fine boho jewelry,10,,
fashion jewelry handmade with love,10,HIGH,100
ring with stone for male,10,HIGH,67
1 stone ring,10,HIGH,67
shein boho earrings,10,HIGH,100
silver necklace boho,10,HIGH,100
ring design for men silver,10,HIGH,100
white stone ring for ladies,10,HIGH,100
sustainable handmade jewelry,10,,
selling homemade jewelry online,10,LOW,25
silver artificial jewellery,10,HIGH,100
stone earrings hanging,10,HIGH,100
irish handmade earrings,10,,
boho beach bracelets,10,HIGH,100
simple boho engagement ring,10,HIGH,100
silver jadau jewellery,10,HIGH,100
50 gram silver bracelet price,10,HIGH,80
john hardy bali bracelet,10,HIGH,100
boho style wedding rings,10,HIGH,100
handmade dainty jewelry,10,MEDIUM,33
jewellery hand made,10,LOW,0
bohemian necklaces amazon,10,HIGH,73
hippie earrings amazon,10,HIGH,100
silver stone jewellery set,10,,
silver waist chain for male,10,LOW,0
bohemian bridal earrings,10,HIGH,100
wedding earrings boho,10,HIGH,100
online handmade jewelry stores,10,HIGH,100
boho collection jewelry,10,LOW,3
artizan joyeria discount,10,HIGH,100
handmade platinum wedding rings,10,HIGH,100
unique boho wedding rings,10,HIGH,100
ines jewellery,10,HIGH,91
silver ring design for male with stone,10,,
artisan antler rings,10,,
handmade silver drop earrings,10,LOW,25
oxide jewellery set,10,HIGH,100
silver kada anklet,10,HIGH,100
rose gold boho jewellery,10,HIGH,100
20 gram silver chain price,10,MEDIUM,59
handmade gold stud earrings,10,,
zuni handmade jewelry wholesale,10,HIGH,95
samapura jewelry bali,10,MEDIUM,51
jewellery bali ubud,10,,
silver antique jewellery set,10,,
pure silver ring for mens with grams,10,,
buy handmade jewelry,10,HIGH,100
bridal earrings boho,10,HIGH,100
silver locket design,10,HIGH,100
handmade biker rings,10,HIGH,100
original neelam stone ring,10,MEDIUM,55
amazon handmade earrings,10,LOW,19
beautiful handmade earrings,10,HIGH,100
multicolour stone necklace,10,HIGH,93
boho earrings for wedding,10,HIGH,100
alfas handmade jewelry,10,,
bohemian promise rings,10,,
boho love jewelry,10,,
gold plated silver necklace set with price,10,HIGH,100
blue sapphire ring design,10,HIGH,100
one stone ring gold,10,HIGH,100
handmade indigenous jewelry,10,HIGH,95
jtv artisan of bali pendants,10,,
pure silver bracelet for mens with grams,10,LOW,0
hand made gold bangles,10,HIGH,100
artisan collection of bali bracelets,10,,
bali pearl necklace,10,HIGH,100
hippy style earrings,10,HIGH,100
trendy boho jewelry,10,HIGH,100
bohemian pearl earrings,10,HIGH,100
engagement rings hand made,10,,
artisan jewelry usa,10,HIGH,100
successful handmade jewelry business,10,LOW,0
handmade ring design,10,HIGH,100
buy handmade jewellery online,10,HIGH,100
handmade ethical jewellery,10,,
sterling silver hippie earrings,10,HIGH,100
ring boho gold,10,,
flatwearable artisan jewelry online store,10,LOW,0
handmade beads for sale,10,,
bohemian bridal jewelry,10,HIGH,100
qvc artisan crafted jewelry,10,HIGH,100
boho and hippie jewelry,10,MEDIUM,64
hand made gold necklace,10,HIGH,100
handmade gold hoops,10,HIGH,100
handmade earrings online,10,HIGH,100
1 gram silver chain price,10,LOW,21
wholesale handmade earrings,10,HIGH,100
locally made earrings,10,HIGH,100
boho gold dangle earrings,10,HIGH,100
hand made sterling silver earrings,10,HIGH,100
chandi bracelet design,10,HIGH,100
artisan beaded jewelry,10,HIGH,100
artisan jewelry by samuel b,10,HIGH,100
silver stone necklace set,10,HIGH,100
best bohemian jewelry,10,HIGH,100
chandi ring design for male,10,HIGH,100
handmade necklace design,10,HIGH,100
handmade silver hoops,10,HIGH,100
sterling silver bohemian jewelry,10,HIGH,100
jtv bali bangle bracelet,10,HIGH,100
handmade peridot jewelry,10,HIGH,100
chandi ring design for female,10,HIGH,100
mdtc handmade jewelry,10,,
shophq samuel b,10,HIGH,100
boho multi layer necklace,10,HIGH,100
original turquoise stone price,10,HIGH,87
boho cartilage earrings,10,HIGH,100
1 gram silver bracelet price,10,,
15 gram silver bracelet price,10,HIGH,87
2 letter initial rings silver,10,HIGH,94
20 gram silver ring price,10,LOW,0
20 grams necklace,10,HIGH,80
3 gram silver ring price,10,LOW,0
30 gram silver bracelet price,10,HIGH,100
30 gram silver chain price,10,HIGH,98
4 gram silver ring price,10,,
60s hippie earrings,10,LOW,21
abundantly artisan blue bracelet,10,LOW,14
adjustable boho rings,10,HIGH,100
african handmade necklaces,10,HIGH,100
albuquerque artisan black necklace,10,LOW,0
alexia handmade jewelry,10,LOW,1
alexia jewellery,10,HIGH,100
alfas handmade jewelry etsy,10,,
amazon bohemian bracelets,10,HIGH,100
amazon bohemian jewelry,10,HIGH,98
amber handmade jewelry,10,HIGH,100
american handmade jewelry,10,HIGH,100
amiu handmade jewelry,10,,
amore artisan jewelry,10,,
angel to angel jewelry bali,10,MEDIUM,50
anklet homemade,10,LOW,5
anklet kada design,10,,
anna michielan bali,10,,
annika witt bali jewelry,10,HIGH,100
annika witt earrings made in bali,10,HIGH,100
antique bohemian jewelry,10,HIGH,100
aobei handmade gold necklace,10,LOW,0
apple watch boho bracelet,10,HIGH,100
aquamarine handmade jewelry,10,HIGH,86
aria handmade jewelry,10,,
artful handmade wrap bracelets,10,,
artificial handmade jewellery,10,LOW,0
artisan abode silver necklace,10,LOW,0
artisan adventure blue necklace,10,,
artisan ancestry black bracelet,10,,
artisan ancestry orange bracelet,10,,
artisan apparatus gold earrings,10,MEDIUM,43
artisan aquamarine ring,10,HIGH,100
artisan arbor brass post earring,10,MEDIUM,43
artisan arbor silver post earrings,10,,
artisan attitude black hoop earrings,10,,
artisan beaded necklaces,10,HIGH,100
artisan brooches,10,HIGH,100
artisan collection jewelry,10,MEDIUM,57
artisan collection of bali jewelry,10,HIGH,67
artisan collection of bali necklaces,10,,
artisan collection of bali on jtv,10,HIGH,100
artisan collection of bali rings,10,,
artisan crafted earrings,10,,
artisan crafted silver jewelry,10,,
artisan crafted sterling silver rings,10,HIGH,100
artisan design jewelry,10,,
artisan designer jewelry,10,HIGH,100
artisan diamond jewelry,10,HIGH,100
artisan drop earrings,10,HIGH,100
artisan earrings mixed metal,10,,
artisan exhibition brass bracelet,10,HIGH,100
artisan exhibition copper bracelet,10,,
artisan gemstone engagement rings,10,,
artisan gemstone rings,10,HIGH,91
artisan gemstones,10,MEDIUM,50
artisan glass bracelet,10,HIGH,80
artisan gold hoop earrings,10,MEDIUM,50
artisan hoop earrings,10,HIGH,100
artisan jewelry by erica gooding,10,LOW,21
artisan jewelry columbia mall,10,LOW,25
artisan jewelry earrings,10,HIGH,100
artisan jewelry findings,10,HIGH,100
artisan jewelry for sale,10,HIGH,100
artisan lampwork glass beads,10,HIGH,100
artisan made rings,10,HIGH,100
artisan manufacturing jewellers,10,,
artisan metal jewelry,10,MEDIUM,43
artisan of bali collection,10,HIGH,71
artisan of bali earrings,10,,
artisan of bali janyl,10,LOW,0
artisan of bali jewelry jtv,10,HIGH,100
artisan of bali jewelry on jtv,10,,
artisan of bali on jtv,10,HIGH,100
artisan of bali pendants,10,,
artisan opal jewelry,10,HIGH,100
artisan opal ring,10,HIGH,100
artisan owl jewelry,10,HIGH,76
artisan pearl earrings,10,HIGH,67
artisan pearl rings,10,,
artisan relic silver earring,10,,
artisan ring makers,10,MEDIUM,57
artisan sapphire ring,10,HIGH,100
artisan silver hoop earrings,10,HIGH,100
artisan silver pendants,10,,
artisan sterling silver,10,HIGH,75
artisan sterling silver bracelets,10,HIGH,100
artisan sterling silver necklaces,10,,
artisan's fine jewelry arundel mills,10,LOW,0
artisana jewelry,10,HIGH,100
artisanal abundance multi necklace,10,LOW,0
artisanal abundance orange necklace,10,,
artisans fine jewelry columbia mall,10,LOW,0
artisans gems and jewels,10,,
atf handmade jewelry,10,,
authentically artisan multi bracelet,10,LOW,0
avocado clay earrings,10,HIGH,100
baju band design silver,10,,
bali 925 sterling silver,10,HIGH,100
bali antique locket necklace,10,,
bali ball necklace,10,HIGH,86
bali bell necklace,10,,
bali bone jewelry,10,HIGH,100
bali byzantine bracelet,10,HIGH,100
bali carved bone jewelry,10,,
bali collection jewelry,10,,
bali collection rings,10,,
bali couture bracelet,10,,
bali couture jewelry,10,HIGH,100
bali fish hook necklace,10,HIGH,100
bali for earrings,10,,
bali gemstone jewelry,10,LOW,0
bali gemstones wholesale,10,,
bali goddess pendant,10,HIGH,100
bali gold jewelry designer,10,,
bali jewellers,10,,
bali jewellery design,10,HIGH,100
bali jewellery seminyak,10,LOW,0
bali jewellery ubud,10,,
bali jewelry earrings,10,,
bali jewelry findings,10,HIGH,100
bali jewelry on jtv,10,HIGH,70
bali jewelry rings,10,HIGH,100
bali pearl bracelet,10,HIGH,100
bali pearl earrings,10,MEDIUM,64
bali pearl jewelry,10,HIGH,100
bali rings wholesale,10,,
bali silver and gold jewelry,10,HIGH,100
bali silver cuff bracelets,10,HIGH,100
bali silver findings,10,HIGH,100
bali silver rings wholesale,10,,
bali silver shop,10,MEDIUM,42
bali sterling bracelet,10,HIGH,100
bali sterling jewelry,10,HIGH,100
bali sterling silver chain,10,HIGH,96
bali sterling silver findings,10,,
bali style hoop earrings,10,HIGH,100
bali style necklace,10,HIGH,100
bali style nose ring,10,MEDIUM,56
bali style sterling silver rings,10,,
bali turquoise jewelry,10,HIGH,100
bali turtle necklace,10,HIGH,100
bali unique mens gold earrings designs,10,,
bali weave bracelet,10,HIGH,100
balinese braided bracelet,10,LOW,0
balinese pendant necklace,10,HIGH,100
beaded boho choker,10,,
beaded boho earrings paparazzi,10,HIGH,100
beads for handmade jewelry,10,,
beautiful boho jewellery,10,HIGH,100
beautiful handcrafted necklaces,10,LOW,0
beautiful handmade necklaces,10,LOW,0
bee clay earrings,10,HIGH,96
bee polymer clay earrings,10,HIGH,93
bella boho jewelry,10,HIGH,86
bengali handmade jewellery,10,LOW,0
bespoke gemstone jewellery,10,HIGH,100
bespoke jewellery online,10,,
bespoke pearl necklace,10,HIGH,83
bespoke silver ring,10,HIGH,100
best artisan jewelry,10,HIGH,100
best bohemian earrings,10,HIGH,100
best handcrafted jewelry websites,10,,
best handmade bracelets,10,HIGH,100
best handmade earrings,10,MEDIUM,40
best handmade jewelry etsy,10,HIGH,86
best jewellery bali,10,HIGH,100
best jewellery in bali,10,HIGH,100
best jewellery ubud,10,,
best jewelry ubud,10,,
best selling handmade earrings on amazon,10,,
best selling handmade jewelry on etsy,10,HIGH,100
big boho necklace,10,HIGH,100
big stone necklace set,10,HIGH,100
black and gold clay earrings,10,HIGH,76
black bohemian earrings,10,HIGH,88
black handmade earrings,10,MEDIUM,45
black owned handmade jewelry,10,MEDIUM,50
black owned polymer clay earrings,10,,
black thread silver anklets,10,MEDIUM,54
blink bali jewellery,10,HIGH,100
blue bohemian earrings,10,HIGH,86
bluebell handmade jewellery,10,,
bohemian bardot ring,10,LOW,0
bohemian bib necklace,10,HIGH,100
bohemian boho earrings,10,HIGH,71
bohemian bracelets wholesale,10,HIGH,100
bohemian chunky necklace,10,HIGH,100
bohemian costume jewelry,10,HIGH,79
bohemian crystal earrings,10,HIGH,100
bohemian diamond engagement rings,10,,
bohemian diamond ring,10,HIGH,100
bohemian ear cuff,10,HIGH,100
bohemian earrings ebay,10,LOW,0
bohemian earrings online,10,,
bohemian earrings wholesale,10,HIGH,100
bohemian feathers jewelry,10,,
bohemian friendship bracelets,10,HIGH,100
bohemian fringe earrings,10,HIGH,100
bohemian garnet jewelry for sale,10,HIGH,89
bohemian gemstone jewelry,10,HIGH,80
bohemian gemstone rings,10,HIGH,100
bohemian head jewelry,10,HIGH,100
bohemian hippie jewelry,10,LOW,17
bohemian hippie vintage engagement rings,10,HIGH,100
bohemian jewelry cheap,10,HIGH,100
bohemian jewelry earrings,10,HIGH,100
bohemian jewelry findings,10,,
bohemian jewelry for sale,10,LOW,0
bohemian jewelry store,10,HIGH,90
bohemian knuckle rings,10,LOW,0
bohemian leather bracelet,10,HIGH,100
bohemian mens bracelets,10,HIGH,100
bohemian moon necklace,10,,
bohemian moonstone ring,10,HIGH,100
bohemian multilayer necklace,10,HIGH,75
bohemian necklace designs,10,HIGH,100
bohemian necklaces etsy,10,HIGH,100
bohemian ring style,10,HIGH,100
bohemian rings amazon,10,,
bohemian septum ring,10,HIGH,100
bohemian silver hoop earrings,10,,
bohemian slave bracelet,10,,
bohemian spiral earrings,10,,
bohemian statement earrings,10,HIGH,100
bohemian stone necklace,10,LOW,29
bohemian stone rings,10,HIGH,89
bohemian stretch bracelets,10,HIGH,100
bohemian style engagement ring,10,HIGH,100
bohemian suede necklace,10,,
bohemian tassel necklace,10,MEDIUM,62
bohemian toe rings,10,HIGH,100
bohemian tribal jewelry,10,MEDIUM,50
bohemian vintage earrings,10,HIGH,100
bohemian vintage wedding rings,10,HIGH,100
boho adjustable rings,10,HIGH,100
boho afghani choker,10,,
boho amethyst ring,10,HIGH,100
boho anklet bracelets,10,HIGH,100
boho arrow ring,10,LOW,0
boho back necklace,10,HIGH,100
boho beach earrings,10,HIGH,100
boho bead necklace choker,10,HIGH,100
boho beaded anklet,10,HIGH,100
boho beaded necklace multi,10,,
boho bear jewellery,10,,
boho beautiful bracelets,10,LOW,0
boho beautiful jewelry,10,,
boho beautiful necklace,10,,
boho blossom blue ring,10,,
boho blossom pink ring paparazzi,10,,
boho blossom purple ring,10,,
boho blossom red ring,10,LOW,0
boho blossom red ring paparazzi,10,LOW,21
boho blue jewellery,10,,
boho boho jewelry,10,,
boho bonanza purple necklace,10,MEDIUM,41
boho bonanza silver necklace,10,LOW,0
boho bonanza silver necklace paparazzi,10,MEDIUM,38
boho bracelet beads,10,HIGH,100
boho bracelets wholesale,10,,
boho brass earrings,10,HIGH,100
boho bridal bracelet,10,HIGH,73
boho butterfly anklet,10,,
boho chain headpiece,10,,
boho chic ring,10,HIGH,100
boho chic style jewelry,10,LOW,20
boho chic wedding jewelry,10,,
boho christmas earrings,10,HIGH,100
boho chunky rings,10,HIGH,100
boho collar necklace,10,HIGH,85
boho crescent moon necklace,10,HIGH,100
boho daith jewelry,10,HIGH,100
boho disc earrings,10,HIGH,100
boho dress jewelry,10,,
boho earrings for bride,10,HIGH,100
boho earrings for women dangling,10,,
boho earrings online,10,MEDIUM,48
boho elephant bracelet,10,,
boho emerald ring,10,HIGH,100
boho fabric earrings,10,HIGH,92
boho face jewels,10,LOW,0
boho fashion rings,10,HIGH,100
boho feather pendant,10,,
boho finger ring,10,MEDIUM,50
boho flower earrings,10,HIGH,100
boho flower ring,10,HIGH,100
boho foot jewelry,10,HIGH,100
boho garden parties orange necklace,10,LOW,0
boho gold hoops,10,HIGH,100
boho gypsy necklace,10,HIGH,100
boho horn necklace,10,LOW,0
boho jewelry designs,10,,
boho jewelry stores near me,10,HIGH,96
boho jewelry websites,10,,
boho jewelry wedding,10,LOW,0
boho layered bracelets,10,HIGH,100
boho leaf earrings,10,HIGH,100
boho leather cuff bracelets,10,LOW,0
boho leg chain,10,,
boho magic silver rings,10,MEDIUM,57
boho midi rings,10,,
boho minimalist jewelry,10,HIGH,100
boho mood ring,10,,
boho natural earrings,10,HIGH,100
boho necklace beads,10,HIGH,100
boho necklace sterling silver,10,,
boho nose hoop,10,HIGH,100
boho nose jewelry,10,HIGH,86
boho oxidised earrings,10,LOW,0
boho oxidised jewellery,10,,
boho pearl bridal earrings,10,HIGH,67
boho polymer clay earrings,10,HIGH,100
boho prom jewelry,10,LOW,0
boho ring shop,10,,
boho rings amazon,10,HIGH,100
boho rings cheap,10,,
boho rings for sale,10,,
boho rings wholesale,10,HIGH,100
boho rose gold earrings,10,HIGH,100
boho rose gold rings,10,,
boho rose jewellery,10,,
boho sapphire ring,10,,
boho septum jewelry,10,HIGH,89
boho shell jewelry,10,HIGH,100
boho sleeper earrings,10,,
boho soul jewelry,10,HIGH,96
boho statement jewelry,10,HIGH,100
boho sterling silver,10,HIGH,100
boho stone earrings,10,HIGH,100
boho stone jewelry,10,HIGH,100
boho string bracelets,10,HIGH,100
boho summer bracelets,10,HIGH,100
boho sun and moon earrings,10,,
boho sun necklace,10,HIGH,100
boho surfer necklace,10,HIGH,100
boho teardrop earrings,10,HIGH,100
boho tragus earrings,10,,
boho tribal jewelry,10,HIGH,100
boho twist bracelet,10,MEDIUM,42
boho wedding jewelry bridal,10,,
boho white earrings,10,HIGH,98
boho woven bracelets,10,HIGH,100
boho wrap necklace,10,HIGH,94
boss of boho copper bracelet paparazzi,10,LOW,0
botanical jewelry handmade,10,,
bracelet boho chic,10,,
bracelet boho style,10,HIGH,100
bracelets made in bali,10,HIGH,100
braided boho bracelets,10,HIGH,100
braided polymer clay earrings,10,MEDIUM,46
brighton handmade jewellery,10,,
brilliantly boho blue bracelet,10,,
bts clay earrings,10,HIGH,100
bts handmade bracelet,10,LOW,31
buy handmade bracelets,10,,
buy handmade bracelets online,10,LOW,0
buy handmade earrings,10,,
buy handmade earrings online,10,LOW,0
buying gold jewellery in bali,10,MEDIUM,43
buying jewellery in bali,10,LOW,14
calypso handmade jewellery,10,LOW,21
canadian boho jewelry,10,,
canggu jewellery,10,LOW,14
cat eye necklace handmade,10,,
catherine weitzman handmade jewelry,10,LOW,0
celuk jewellery bali,10,LOW,0
chandi bracelet design for men,10,,
chandi bracelet for mens with price,10,HIGH,100
chandi bracelet price,10,,
chandi earrings design,10,,
chandi earrings price,10,LOW,0
chandi hand bracelet,10,HIGH,100
chandi ka necklace,10,HIGH,100
chandi necklace design,10,HIGH,100
cheap bohemian rings,10,HIGH,100
cheap boho bracelets,10,HIGH,100
cheap boho earrings,10,HIGH,100
cheap handmade bracelets,10,,
cheap handmade jewelry,10,HIGH,100
cheap hippie rings,10,HIGH,100
checkered polymer clay earrings,10,HIGH,100
cheetah polymer clay earrings,10,LOW,8
chock dee handmade jewelry shop,10,,
christmas ring handmade,10,LOW,0
chunky bohemian jewelry,10,HIGH,100
chunky bohemian necklace,10,HIGH,100
chunky bohemian rings,10,HIGH,100
chunky handmade jewellery,10,HIGH,100
chunky handmade silver rings,10,HIGH,100
chunky silver boho necklace,10,HIGH,100
classy handmade jewellery,10,,
clay handmade earrings,10,HIGH,100
clay handmade jewellery,10,LOW,0
colombian artisan jewelry,10,HIGH,100
colorful handmade jewelry,10,MEDIUM,44
contemporary handcrafted jewellery,10,,
cool boho rings,10,LOW,0
cool handmade bracelets,10,HIGH,100
cool handmade earrings,10,HIGH,100
cool handmade jewelry,10,HIGH,100
cool homemade bracelets,10,LOW,29
cool homemade earrings,10,MEDIUM,50
copper wire earrings handmade,10,LOW,0
coranite gemstone,10,,
core handmade jewelry,10,,
couple handmade bracelet,10,HIGH,100
creative habits artisan jewelry,10,,
creative handmade earrings,10,LOW,0
creative handmade jewelry,10,HIGH,100
crochet boho earrings,10,HIGH,94
crochet boho necklace,10,MEDIUM,38
crystal handcrafted jewelry,10,,
crystal hippie rings,10,,
crystal jewelry bali,10,,
crystal rings handmade,10,MEDIUM,63
custom clay earrings,10,HIGH,100
custom handmade bracelet,10,HIGH,100
custom handmade wedding bands,10,MEDIUM,57
custom handmade wedding rings,10,HIGH,100
custom jewelry bali,10,HIGH,100
custom leather necklaces,10,HIGH,100
cute boho bracelets,10,HIGH,100
cute boho rings,10,,
cute handmade necklaces,10,HIGH,100
cute handmade rings,10,HIGH,100
cute hippie bracelets,10,HIGH,100
cute hippie earrings,10,,
cute hippie rings,10,HIGH,85
cute homemade bead bracelets,10,LOW,0
cute homemade necklaces,10,HIGH,100
cute homemade rings,10,,
cv bali jewelry,10,,
dainty boho necklace,10,HIGH,100
dainty boho rings,10,HIGH,100
dangle bohemian earrings,10,HIGH,100
david yurman bali,10,MEDIUM,55
dbs handmade custom ring,10,,
delicate boho jewelry,10,LOW,14
delicate handmade jewelry,10,LOW,0
design of handmade jewellery,10,,
diamond store bali,10,,
dna handmade jewelry,10,HIGH,71
dowling brothers tibetan bracelets,10,,
dr laura handmade jewelry,10,,
dragon eye necklace handmade,10,,
drops handmade jewellery,10,,
durga handmade jewellery,10,LOW,0
durga necklace handmade,10,LOW,0
ear cuff boho,10,HIGH,100
earring design handmade,10,HIGH,100
earring design homemade,10,,
earrings design home made,10,,
earrings hand made,10,MEDIUM,57
earrings in bali style,10,LOW,0
earrings stone design,10,HIGH,100
easy homemade jewelry,10,HIGH,100
ebay boho jewelry,10,HIGH,100
ebay boho necklace,10,,
eclipse designs artisan jewelry,10,MEDIUM,55
egyptian handmade jewelry,10,HIGH,100
elegant handmade jewelry,10,LOW,21
elinart handmade jewelry,10,MEDIUM,46
ella artisan jewellery,10,,
elli jewelry bali,10,LOW,0
ely artisan's jewelry,10,,
ely artisans jewelry,10,LOW,8
emerald boho ring,10,HIGH,100
emerald ring designs for male,10,HIGH,100
emerald stone ring design,10,,
emerald stone ring price,10,HIGH,100
emma handmade jewelry,10,,
entoto jewelry,10,,
ertugrul ghazi thumb ring,10,HIGH,100
ethereal handmade jewellery,10,HIGH,75
etsy earrings boho,10,HIGH,100
etsy hand bracelet,10,HIGH,100
etsy hand earrings,10,LOW,0
etsy handmade engagement rings,10,HIGH,100
etsy handmade jewelry designers,10,,
etsy handmade silver rings,10,HIGH,100
etsy silver bracelets handmade,10,HIGH,100
evil eye necklace handmade,10,,
exclusive handmade jewelry,10,,
exotic handmade jewelry,10,HIGH,78
expensive handmade jewelry,10,HIGH,100
expensive jewels and gems,10,HIGH,89
fabric handmade earrings,10,HIGH,100
fabric handmade jewellery design,10,,
feral handmade jewelry,10,LOW,10
fettero handmade,10,,
fifth avenue collection handmade,10,LOW,0
fifth avenue collection handmade jewellery,10,,
filthy gorgeous jewellery bali,10,HIGH,100
fine line jewellery bali,10,LOW,0
fineline jewellery bali,10,LOW,0
flatwearable online store,10,LOW,5
flatwearable wire weaver,10,LOW,0
float bali jewellery,10,,
flow jewelry studio bali,10,,
for you jewelry handmade,10,LOW,11
fortunate wanderer handmade jewelry,10,,
funky handmade jewelry,10,HIGH,100
galaxy polymer clay earrings,10,MEDIUM,60
gemstone bali,10,LOW,0
german handmade jewelry,10,HIGH,100
german silver necklace set,10,HIGH,100
getting jewellery made in bali,10,,
glitter clay earrings,10,LOW,11
gold boho choker,10,HIGH,100
gold earrings designs bali,10,,
gold hippie earrings,10,HIGH,100
gold jewellery ubud,10,,
gold ring stone design for female,10,,
gold rings bali,10,LOW,0
gold shop in bali,10,HIGH,100
gold stone ring design for female,10,HIGH,100
goupi handmade jewelry,10,HIGH,100
green stone silver ring for ladies,10,,
gypsy handmade jewelry,10,MEDIUM,64
gypsy style bracelet,10,HIGH,100
gypsy style necklace,10,HIGH,100
hand forged gold hoop earrings,10,,
hand forged silver rings,10,HIGH,100
hand hammered copper earrings,10,,
hand made anklet,10,HIGH,83
hand made beaded earrings,10,HIGH,90
hand made beaded necklace,10,HIGH,100
hand made chain design,10,LOW,0
hand made choker,10,LOW,0
hand made copper jewelry,10,LOW,0
hand made crystal necklace,10,HIGH,100
hand made earrings design,10,HIGH,100
hand made friendship band,10,,
hand made glass jewelry,10,,
hand made gold chain design,10,HIGH,100
hand made gold ring design,10,,
hand made jewellery design,10,HIGH,100
hand made jewellery making,10,,
hand made masonic rings,10,,
hand made mens jewelry,10,HIGH,100
hand made native american jewelry,10,LOW,0
hand made rings for men,10,HIGH,100
hand made silver pendants,10,HIGH,100
hand made stone jewelry,10,,
hand made thread jewellery,10,LOW,0
hand made turquoise jewelry,10,HIGH,71
hand made wire rings,10,HIGH,67
hand made wood rings,10,,
hand making necklace,10,LOW,29
hand painted clay earrings,10,LOW,0
hand painted fabric earrings,10,LOW,0
hand painted fabric jewellery,10,LOW,0
hand painted polymer clay earrings,10,HIGH,100
hand painted wooden jewellery,10,MEDIUM,48
hand tooled leather earrings,10,HIGH,96
hand woven beaded bracelets,10,HIGH,100
hand woven friendship bracelets,10,HIGH,100
hand woven necklace,10,HIGH,97
handcrafted artisan jewelry near me,10,,
handcrafted boho jewelry,10,HIGH,100
handcrafted bracelets for sale,10,HIGH,100
handcrafted celtic jewelry,10,MEDIUM,50
handcrafted choker,10,LOW,0
handcrafted custom ring,10,,
handcrafted dk,10,,
handcrafted earrings for sale,10,,
handcrafted earrings online,10,HIGH,100
handcrafted gems,10,,
handcrafted gold bracelets,10,HIGH,100
handcrafted hoop earrings,10,HIGH,100
handcrafted hoops,10,HIGH,100
handcrafted jewellery set,10,,
handcrafted jewelry stores near me,10,HIGH,100
handcrafted leather earrings,10,MEDIUM,42
handcrafted locket,10,,
handcrafted metal earrings,10,,
handcrafted metal jewelry,10,HIGH,100
handcrafted natural stone jewelry,10,HIGH,86
handcrafted sterling jewelry,10,HIGH,100
handmade abalone jewelry,10,HIGH,100
handmade adjustable bracelet,10,HIGH,100
handmade adjustable rings,10,HIGH,100
handmade amber earrings,10,HIGH,100
handmade amber jewellery,10,HIGH,81
handmade animal bone jewelry,10,,
handmade animal jewelry,10,,
handmade anklet design,10,LOW,32
handmade anklet with thread,10,HIGH,100
handmade antique jewellery,10,MEDIUM,35
handmade artisan bracelets,10,HIGH,100
handmade artisan engagement rings,10,HIGH,100
handmade artisan necklaces,10,LOW,0
handmade assamese jewellery,10,LOW,0
handmade bamboo jewellery,10,MEDIUM,36
handmade band rings,10,HIGH,67
handmade bangle bracelet,10,HIGH,91
handmade bangles with thread,10,MEDIUM,50
handmade beach bracelets,10,HIGH,89
handmade beaded anklets for women,10,,
handmade beaded bracelets for sale,10,HIGH,100
handmade beaded jewelry for sale,10,HIGH,75
handmade beads for jewelry,10,,
handmade beads for you,10,,
handmade bengali jewellery,10,LOW,0
handmade biker jewelry,10,,
handmade birthstone bracelets,10,HIGH,100
handmade black thread anklet,10,HIGH,100
handmade bracelet for boyfriend,10,MEDIUM,64
handmade bracelet with thread and beads,10,HIGH,81
handmade bracelets amazon,10,,
handmade bracelets wholesale,10,HIGH,100
handmade bridesmaid jewelry,10,HIGH,100
handmade buddhist bracelet,10,MEDIUM,57
handmade butterfly jewelry,10,HIGH,100
handmade by heroes bracelets,10,HIGH,75
handmade cabochons,10,,
handmade cameo jewelry,10,MEDIUM,45
handmade cardboard earrings,10,HIGH,67
handmade cartilage earrings,10,,
handmade cat eye necklace,10,,
handmade cat jewelry,10,HIGH,100
handmade celtic rings,10,LOW,14
handmade celtic wedding bands,10,,
handmade chakra jewelry,10,HIGH,85
handmade chandbali earrings,10,LOW,0
handmade cherokee jewelry,10,HIGH,100
handmade childrens jewellery,10,,
handmade choker design,10,,
handmade choker set,10,,
handmade christmas necklaces,10,,
handmade christmas ring,10,,
handmade chunky necklaces,10,HIGH,100
handmade clay rings,10,LOW,4
handmade cocktail ring,10,,
handmade coin necklace,10,HIGH,83
handmade colorful earrings,10,HIGH,100
handmade coral necklace,10,HIGH,100
handmade cord bracelets,10,,
handmade cotton ball jewellery,10,,
handmade cotton bracelets,10,LOW,12
handmade cotton earrings,10,,
handmade cotton jewellery,10,,
handmade couple bracelets,10,HIGH,100
handmade cross bracelet,10,HIGH,100
handmade cross earrings,10,HIGH,100
handmade cross jewelry,10,HIGH,100
handmade crystal beads necklace,10,HIGH,100
handmade crystal pendant,10,HIGH,86
handmade damascus rings,10,MEDIUM,43
handmade dangling beads,10,,
handmade deer antler rings,10,HIGH,100
handmade designer earrings,10,,
handmade designer rings,10,,
handmade designer silver bracelets,10,,
handmade durga jewellery,10,,
handmade durga necklace,10,LOW,0
handmade earrings at home,10,HIGH,100
handmade earrings business,10,,
handmade earrings clay,10,,
handmade earrings making,10,,
handmade earrings with thread,10,HIGH,100
handmade emerald jewelry,10,HIGH,100
handmade engagement ring plate,10,HIGH,100
handmade fabric earrings design,10,MEDIUM,50
handmade fabric jewellery design,10,HIGH,100
handmade fabric jewellery earrings,10,,
handmade fabric necklace,10,MEDIUM,59
handmade fashion earrings,10,HIGH,100
handmade feather necklace,10,HIGH,88
handmade fingerprint jewelry,10,,
handmade floral jewellery,10,HIGH,100
handmade flower jewellery,10,HIGH,100
handmade gamcha jewellery,10,LOW,0
handmade garnet jewelry,10,HIGH,100
handmade garnet ring,10,HIGH,100
handmade gemstone,10,HIGH,92
handmade gold bands,10,HIGH,100
handmade gold bangle,10,HIGH,100
handmade gold bangles design,10,,
handmade gold chain design for men,10,,
handmade gold chain for ladies,10,,
handmade gold chains for men,10,,
handmade gold cross,10,HIGH,100
handmade gold cross pendant,10,HIGH,100
handmade gold earrings design,10,LOW,0
handmade gold necklace design,10,LOW,21
handmade gold ring design,10,MEDIUM,50
handmade gold wire bracelets,10,,
handmade gota jewellery,10,,
handmade gota patti jewellery,10,,
handmade halloween jewelry,10,HIGH,89
handmade hand painted jewelry,10,,
handmade healing crystal jewelry,10,LOW,0
handmade healing jewelry,10,HIGH,100
handmade heart bracelet,10,HIGH,100
handmade heart pendant,10,LOW,0
handmade heart ring,10,HIGH,100
handmade honduran jewelry,10,,
handmade horse jewelry,10,HIGH,100
handmade indian bangles,10,HIGH,100
handmade indian bracelets,10,,
handmade indian earrings,10,HIGH,100
handmade infinity bracelet,10,,
handmade jamaican jewelry,10,HIGH,80
handmade jewellery at home,10,HIGH,91
handmade jewellery bangles,10,,
handmade jewellery choker,10,LOW,0
handmade jewellery clay,10,MEDIUM,56
handmade jewellery collection,10,LOW,7
handmade jewellery fabric,10,LOW,0
handmade jewellery for mehndi,10,HIGH,67
handmade jewellery items,10,LOW,0
handmade jewellery making at home,10,MEDIUM,50
handmade jewellery new collection,10,,
handmade jewellery new design,10,,
handmade jewellery online shopping,10,,
handmade jewellery sale online,10,,
handmade jewelry chest,10,HIGH,100
handmade jewelry designers sterling silver,10,HIGH,100
handmade jewelry findings,10,MEDIUM,55
handmade jewelry for mom,10,,
handmade jewelry manufacturer,10,LOW,0
handmade jewelry on sale,10,HIGH,100
handmade jewish jewelry,10,MEDIUM,41
handmade jhumka earrings,10,LOW,0
handmade jhumkas,10,MEDIUM,33
handmade judaica jewelry,10,,
handmade jute earrings,10,LOW,2
handmade jute jewellery,10,MEDIUM,50
handmade jute necklace,10,LOW,0
handmade knot bracelet,10,HIGH,67
handmade kori earrings,10,,
handmade kori jewellery,10,LOW,0
handmade kori necklace,10,LOW,0
handmade krishna jewellery,10,,
handmade kundan earrings,10,HIGH,100
handmade kundan jewellery,10,HIGH,100
handmade lampwork beads for sale,10,HIGH,100
handmade lariat necklace,10,,
handmade leaf earrings,10,MEDIUM,43
handmade leather wrap bracelets,10,,
handmade link bracelets,10,,
handmade long earrings,10,HIGH,78
handmade macrame bracelets,10,HIGH,100
handmade macrame earrings,10,HIGH,95
handmade macrame jewelry,10,LOW,0
handmade magnetic bracelets,10,HIGH,100
handmade magnetic jewelry,10,LOW,0
handmade mala necklace,10,HIGH,71
handmade medical bracelet,10,,
handmade mehndi jewellery,10,LOW,0
handmade memorial jewelry,10,HIGH,100
handmade men's beaded bracelets,10,,
handmade mens earrings,10,HIGH,100
handmade mens gold rings,10,HIGH,100
handmade mens leather cuff bracelets,10,,
handmade mens pendants,10,,
handmade metal beads,10,HIGH,100
handmade metal necklace,10,HIGH,95
handmade mexican rings,10,,
handmade minimal jewelry,10,,
handmade mixed metal earrings,10,HIGH,100
handmade moissanite ring,10,HIGH,100
handmade moonstone necklace,10,HIGH,100
handmade morganite ring,10,HIGH,100
handmade mothers rings,10,,
handmade moti bracelet design,10,MEDIUM,49
handmade moti earrings,10,LOW,0
handmade moti jewellery,10,,
handmade moti necklace,10,LOW,0
handmade mushroom earrings,10,HIGH,92
handmade naga traditional jewellery,10,HIGH,93
handmade native american beaded earrings,10,HIGH,100
handmade native jewelry,10,LOW,0
handmade natural gemstone jewelry,10,LOW,0
handmade navratri jewellery,10,HIGH,100
handmade navratri necklace,10,LOW,21
handmade necklace maa durga jewellery,10,,
handmade necklace near me,10,HIGH,100
handmade necklace set,10,MEDIUM,57
handmade necklace with thread,10,LOW,25
handmade necklaces for sale,10,HIGH,67
handmade norse jewelry,10,HIGH,100
handmade nose jewelry,10,,
handmade opal engagement rings,10,LOW,0
handmade pagan jewellery,10,LOW,4
handmade pearl choker,10,MEDIUM,64
handmade pearl drop earrings,10,LOW,19
handmade pendant for men,10,HIGH,100
handmade pendants for men,10,HIGH,100
handmade personalised bracelets,10,HIGH,100
handmade platinum engagement rings,10,,
handmade platinum ring,10,HIGH,100
handmade polymer earrings,10,HIGH,100
handmade porcelain beads,10,HIGH,79
handmade quilling earrings,10,,
handmade real flower jewellery,10,,
handmade rings for sale,10,,
handmade rope necklace,10,HIGH,100
handmade rose gold earrings,10,HIGH,100
handmade rose gold jewellery,10,HIGH,100
handmade rose gold rings,10,HIGH,100
handmade rose quartz necklace,10,LOW,0
handmade rose quartz ring,10,MEDIUM,60
handmade ruby necklace,10,HIGH,100
handmade sapphire necklace,10,HIGH,100
handmade semi precious jewellery,10,LOW,0
handmade septum ring,10,HIGH,100
handmade silk thread earrings,10,,
handmade silk thread jewellery,10,,
handmade silk thread necklace,10,,
handmade silver and gold rings,10,,
handmade silver dangle earrings,10,HIGH,100
handmade silver engagement rings,10,HIGH,77
handmade silver gemstone rings,10,HIGH,75
handmade silver link bracelet,10,HIGH,100
handmade silver pendant necklace,10,MEDIUM,60
handmade silver ring design,10,HIGH,100
handmade silver studs,10,,
handmade silver turquoise jewelry,10,,
handmade silver wedding bands,10,HIGH,67
handmade silver wedding rings,10,HIGH,67
handmade simple jewelry,10,LOW,0
handmade skull jewelry,10,,
handmade small earrings,10,HIGH,97
handmade snowman earrings,10,,
handmade south african jewellery,10,HIGH,100
handmade southwest jewelry,10,HIGH,100
handmade stainless steel rings,10,HIGH,100
handmade star earrings,10,HIGH,100
handmade star of david necklace,10,,
handmade statement rings,10,HIGH,100
handmade sterling bracelets,10,HIGH,100
handmade sterling silver and gemstone jewelry,10,,
handmade sterling silver art jewelry,10,,
handmade sterling silver cross pendants,10,HIGH,70
handmade sterling silver cuff bracelet,10,HIGH,74
handmade sterling silver ear cuffs,10,,
handmade sterling silver stud earrings,10,LOW,23
handmade sterling silver wedding bands,10,HIGH,75
handmade stone beads,10,HIGH,100
handmade stone bracelets,10,HIGH,100
handmade stone pendants,10,,
handmade sunflower necklace,10,,
handmade sustainable jewellery,10,,
handmade tassel earrings,10,LOW,13
handmade temple jewellery,10,LOW,0
handmade terracotta earrings,10,LOW,0
handmade terracotta jewellery,10,,
handmade thor's hammer pendant,10,,
handmade traditional jewellery,10,LOW,0
handmade tribal jewellery,10,HIGH,80
handmade tungsten ring,10,,
handmade tungsten wedding bands,10,,
handmade turtle necklace,10,HIGH,100
handmade victorian jewelry,10,HIGH,100
handmade viking bracelet,10,LOW,0
handmade vintage rings,10,HIGH,100
handmade wedding bands for women,10,HIGH,100
handmade wedding ring sets,10,,
handmade western earrings,10,LOW,0
handmade white gold jewellery,10,HIGH,100
handmade wire rings with stones,10,HIGH,68
handmade with love necklace,10,HIGH,75
handmade wool earrings,10,HIGH,93
handmade woolen bracelet,10,,
handmade woolen jewellery,10,,
handwork earrings,10,,
handwork jewellery,10,LOW,29
handwork necklace,10,,
harmony ball from bali,10,,
harmony ball necklace bali,10,HIGH,100
healthy vibe moonstone amethyst bracelet,10,HIGH,100
heart bracelet handmade,10,LOW,14
hippie charm bracelet,10,HIGH,100
hippie chic bracelets,10,,
hippie crystal rings,10,MEDIUM,44
hippie dangle earrings,10,HIGH,100
hippie earring sets,10,,
hippie earrings for women,10,HIGH,100
hippie jewelry rings,10,HIGH,100
hippie rings amazon,10,,
hippie rings near me,10,HIGH,100
hippie style bracelets,10,HIGH,67
hippie style wedding rings,10,HIGH,100
hippie wrap bracelet,10,HIGH,98
hippy ankle bracelets,10,HIGH,100
hippy hoop earrings,10,,
hippy jewellery shops near me,10,,
hippy rings silver,10,,
hippy style bracelets,10,,
hippy style engagement rings,10,,
hippy style necklace,10,HIGH,100
home made jewellery business,10,,
home made jewellery design,10,HIGH,100
homemade boho jewelry,10,HIGH,100
homemade bracelet for boyfriend,10,MEDIUM,44
homemade clay jewelry,10,MEDIUM,48
homemade crystal jewelry,10,LOW,0
homemade earring design,10,HIGH,100
homemade earring set,10,LOW,0
homemade earrings clay,10,,
homemade earrings easy,10,MEDIUM,50
homemade earrings with thread,10,LOW,0
homemade egyptian jewellery,10,LOW,0
homemade flower jewellery,10,MEDIUM,50
homemade flower necklace,10,MEDIUM,46
homemade gold jewelry,10,LOW,14
homemade jewellery design,10,MEDIUM,41
homemade jewellery set,10,HIGH,82
homemade jewelry beads,10,HIGH,80
homemade jewelry for sale online,10,HIGH,100
homemade jewelry prices,10,LOW,7
homemade jewelry store,10,MEDIUM,39
homemade kundan jewellery,10,,
homemade leather earrings,10,HIGH,100
homemade men's jewelry,10,LOW,3
homemade mens rings,10,LOW,0
homemade metal jewelry,10,LOW,7
homemade native american jewelry,10,HIGH,100
homemade necklace beads,10,HIGH,100
homemade necklace design,10,,
homemade necklace set,10,,
homemade necklaces with beads,10,HIGH,100
homemade pearl necklace,10,HIGH,94
homemade polymer clay earrings,10,HIGH,80
homemade resin jewelry,10,HIGH,84
homemade rings for sale,10,LOW,14
homemade silver earrings,10,HIGH,100
homemade stud earrings,10,MEDIUM,64
homemade wire earrings,10,HIGH,86
homemade wooden earrings,10,HIGH,100
hoop earrings boho,10,HIGH,100
huong handmade jewelry,10,LOW,24
i am boho jewellery,10,,
i spy artisan jewelry,10,LOW,9
idan handcrafted jewelry,10,MEDIUM,57
inartisan jewellery,10,,
independent handmade jewellery,10,HIGH,100
iranian handmade jewelry,10,HIGH,100
irini handmade jewelry,10,LOW,0
irish artisan jewelry,10,HIGH,100
island soul jewelry bali,10,,
israeli artisan jewelry,10,HIGH,100
iveri handmade jewelry,10,LOW,0
jade polymer clay earrings,10,,
james avery artisan jewelry headquarters,10,LOW,0
james avery curbside pickup,10,LOW,14
janyl sherman jtv,10,LOW,14
japanese handmade earrings,10,HIGH,100
jaz hand made jewellery,10,MEDIUM,50
jaz handmade jewellery,10,HIGH,100
jeka bracelets,10,,
jemme jewelry bali,10,MEDIUM,43
jenns handmade jewelry,10,,
jewellery canggu,10,LOW,0
jewellery home made,10,LOW,24
jewellery seminyak,10,,
jewelry artisans perimeter,10,LOW,8
jewelry bali canggu,10,,
jewelry earrings handmade,10,LOW,0
jewelry lab bali,10,HIGH,100
jhumka handmade earrings,10,,
jhumka silver big earrings,10,HIGH,80
jilzarah premium clay beads,10,HIGH,67
john hardy house bali,10,MEDIUM,46
john hardy workshop bali,10,HIGH,70
john hardy workshop ubud,10,LOW,0
joy bali jewellery seminyak,10,LOW,0
joy handmade jewelry,10,,
jtv artisan,10,,
jtv artisan bali jewelry,10,HIGH,100
jtv artisan bali rings,10,HIGH,100
jtv artisan collection of bali pendants,10,,
jtv artisan collection of bali rings,10,HIGH,100
jtv artisan collection of turkey,10,HIGH,98
jtv artisan jewelry,10,HIGH,92
jtv artisan of bali chains,10,,
jtv artisan of bali collection,10,,
jtv artisan of bali earrings,10,,
jtv artisan of bali necklaces,10,,
jtv bali artisan collection,10,LOW,29
jtv bali artisan jewelry,10,,
jtv bali earrings,10,,
jtv com bali,10,,
jtv com bali collection,10,,
jtv com bali jewelry,10,HIGH,100
jtv janyl sherman,10,,
julia artisan jewelry,10,HIGH,100
julia jewelry bali,10,LOW,0
juno handmade jewelry,10,LOW,14
jute handmade jewellery,10,HIGH,100
kapal laut jewelry bali,10,,
kekugi jewelry,10,HIGH,100
kelitch friendship bracelet,10,HIGH,100
kelitch wrap bracelets,10,LOW,0
kimora jewelry canggu,10,,
kingdom handmade jewelry,10,,
korean handmade bracelets,10,,
krinaki handmade jewelry,10,LOW,0
krinaki jewellery,10,,
krishna necklace handmade,10,,
kundan handmade jewellery,10,,
ladies ring design silver,10,,
ladies stone ring design,10,LOW,0
lampwork bead necklaces handmade,10,HIGH,100
lampwork mushroom beads,10,HIGH,83
lan anh handmade jewelry,10,MEDIUM,52
large boho necklace,10,HIGH,100
latest handmade earrings,10,LOW,0
latest handmade jewellery,10,LOW,0
latest handmade jewellery design,10,LOW,0
leeloo bird jewelry bali,10,,
lemonade handmade jewelry,10,,
leo diamond artisan ring,10,,
lily handmade jewelry,10,LOW,0
litama jewelry bali,10,,
little seed handmade jewellery,10,,
local handmade earrings,10,HIGH,100
locket hand crafted,10,,
locket silver chain for men,10,HIGH,100
long bohemian earrings,10,HIGH,100
long handmade earrings,10,HIGH,78
lovely handmade jewellery,10,,
lucky tibetan bracelet,10,HIGH,100
lucy handmade jewelry,10,,
luketti handcrafted jewelry,10,HIGH,100
luxury handmade fashion jewelry,10,,
magica jewellery bali,10,,
making handmade earrings,10,HIGH,92
making homemade earrings,10,HIGH,92
making unique jewelry,10,MEDIUM,66
mandala boho jewellery,10,,
margie cedrone artisan jewelry,10,LOW,11
marine blue jewelry bali,10,,
maya handmade jewelry,10,HIGH,100
men's jewelry bali,10,HIGH,100
mens hippy bracelet,10,HIGH,100
mens rings bali,10,,
mens silver bracelet designs with price,10,,
meraki handmade jewelry,10,,
mercari handmade jewelry,10,,
mexican bracelets handmade,10,HIGH,100
mexican silver artisan jewelry,10,HIGH,100
minimalist boho jewelry,10,HIGH,100
mixed metal earrings handmade,10,HIGH,100
modern artisan jewelry,10,HIGH,86
modern gold ring design for male with stone,10,,
moni handmade jewellery,10,,
monooc handmade with love,10,LOW,0
moonstone amethyst bracelet,10,MEDIUM,39
moonstone ring boho,10,HIGH,100
most popular handmade jewelry,10,HIGH,100
multi layered boho necklace,10,HIGH,100
multicolor boho earrings,10,HIGH,100
multicolor stone necklace set,10,HIGH,100
my handmade jewellery,10,,
nakles simple,10,LOW,0
name locket chain silver,10,LOW,0
nastava artisan jewelry,10,,
native american artisan jewelry,10,HIGH,88
natural stone beaded bracelets boho,10,,
navajo handmade silver beads,10,,
navratri jewellery handmade,10,,
necklace boho style,10,LOW,22
necklace design handmade,10,HIGH,100
necklace hand made,10,HIGH,83
new anklet design silver,10,LOW,0
new design handmade jewellery,10,,
new handmade earrings,10,,
new handmade jewellery,10,,
new handmade jewellery design,10,,
new silver chain design,10,HIGH,100
ninfa earrings,10,HIGH,100
ninfa handmade earrings,10,,
ninfa handmade jewelry,10,HIGH,100
nk bali jewels,10,LOW,29
nk gemstones bali,10,LOW,0
oak handmade jewelry,10,,
ombre polymer clay earrings,10,LOW,29
opal stone ring design,10,HIGH,100
opal stone ring price,10,HIGH,100
opus 4 handmade jewelry,10,,
orange boho earrings,10,HIGH,100
original handcrafted jewelry,10,,
original handmade jewelry,10,HIGH,100
oval shape stone ring design,10,HIGH,100
oxide jewellery look,10,,
oxidised boho earrings,10,LOW,0
oxidized jewellery earrings,10,HIGH,100
panna stone gold ring design,10,,
panna stone ring design,10,,
paparazzi boho earrings,10,MEDIUM,36
paparazzi boho jewelry,10,,
pavaruni galaxy pendant,10,HIGH,100
pavaruni galaxy pendant necklace,10,,
peach polymer clay earrings,10,LOW,0
pearl necklace homemade,10,HIGH,100
pelegrina handmade pearl jewelry,10,,
permanent bracelet bali,10,HIGH,100
personalized handmade bracelets,10,HIGH,100
petra handmade jewellery,10,,
pineapple clay earrings,10,HIGH,94
pineapple polymer clay earrings,10,MEDIUM,51
pink boho necklace,10,HIGH,100
pink stone necklace jewelry,10,HIGH,100
pista green necklace,10,HIGH,100
polymer clay pumpkin pie earrings,10,MEDIUM,50
popular gemstones jewels,10,,
popular handmade bracelets,10,HIGH,100
prapen jewellery celuk bali,10,LOW,0
prapen jewelry bali,10,LOW,0
prapen silver bali,10,,
pretty handmade jewelry,10,MEDIUM,50
pretty serendipity handmade jewellery,10,,
pricing your handmade jewelry,10,,
pumpkin pie clay earrings,10,,
pure silver bali earrings,10,,
purple boho earrings,10,HIGH,100
quartz clay earrings,10,,
qvc artisan jewelry,10,HIGH,100
rachel wilder handmade jewelry,10,,
ranka jewellers silver,10,MEDIUM,50
ranka jewellers silver collection with price,10,LOW,0
rdnb bali,10,,
rdnb jewelry bali,10,,
real silver boho rings,10,HIGH,100
red bohemian earrings,10,HIGH,100
red coral ring design,10,HIGH,100
red coral ring design for ladies,10,,
red handmade bracelets,10,HIGH,100
red handmade jewellery,10,,
red stone ring design,10,HIGH,75
regina handmade jewelry,10,,
reindeer polymer clay earrings,10,,
resin handmade jewellery,10,HIGH,100
reva jewellery bali,10,,
ring boho style,10,HIGH,100
ring design chandi,10,,
ring designs for male stone,10,,
ring gold boho,10,,
ring hand made,10,HIGH,100
ring light bali,10,,
ring neck silver,10,LOW,0
ring stone price,10,LOW,0
rings in bali,10,HIGH,100
robin miller artisan jewelry,10,LOW,0
ronaldo handmade jewelry,10,LOW,21
rose gold boho jewelry,10,HIGH,100
rose gold boho necklace,10,HIGH,100
rose gold boho rings,10,HIGH,100
round stone ring design,10,HIGH,100
royal jewelry bali,10,,
ruby stone necklace designs,10,,
ruby stone ring design for female,10,LOW,0
runa jewelry bali,10,,
saint bohemian jewelry,10,,
saka jewelry bali,10,,
samuel b artisan jewelry,10,HIGH,100
sapanyu handmade jewelry,10,MEDIUM,43
sea gypsy jewelry bali,10,LOW,0
selena artisan jewelry,10,LOW,0
selena artisans jewelry,10,LOW,0
selling handmade jewelry on ebay,10,LOW,20
selling handmade jewelry on etsy,10,LOW,10
selling handmade jewelry wholesale,10,,
semi precious necklaces handmade,10,,
seminyak jewellery,10,LOW,0
shiva bracelet silver,10,,
shivaloka bali,10,LOW,0
shivaloka jewelry bali,10,LOW,0
shopify handmade jewelry,10,HIGH,100
silvana handmade jewelry,10,,
silver bengal jewellery,10,HIGH,100
silver boho anklet,10,HIGH,100
silver bracelet designs for male,10,HIGH,93
silver chain name design,10,HIGH,100
silver chain with locket price,10,,
silver challa ring design,10,,
silver color necklace set,10,HIGH,100
silver crafted jewellery,10,HIGH,100
silver gold chain design,10,,
silver hand bracelet design,10,,
silver hand made rings,10,LOW,25
silver hippie earrings,10,HIGH,99
silver hippie necklace,10,HIGH,100
silver hippy earrings,10,,
silver jewellery seminyak,10,,
silver jewelry artisans,10,HIGH,71
silver jewerly bali,10,,
silver jewlery designs with price,10,,
silver necklace set designs with price,10,HIGH,100
silver nose pin design,10,HIGH,71
silver nose ring price,10,,
silver pendant designs for female,10,HIGH,100
silver ring design for female with stone,10,,
silver ring name design,10,,
silver ring sets boho,10,,
silver ring stone design,10,MEDIUM,64
silver shops in bali,10,MEDIUM,42
silver stone ring design,10,LOW,0
silver store bali,10,LOW,0
silver wire rings handmade,10,MEDIUM,48
simple anklet design silver,10,HIGH,100
simple boho jewelry,10,HIGH,100
simple boho necklace,10,HIGH,100
simple boho rings,10,HIGH,100
simple handmade bracelets,10,HIGH,100
simple handmade earrings,10,HIGH,100
simple handmade engagement rings,10,MEDIUM,60
simple handmade jewellery,10,HIGH,100
simple handmade necklace,10,LOW,0
simple handmade rings,10,HIGH,100
simple homemade jewelry,10,HIGH,100
simple silver ring design for male,10,HIGH,100
simple stone ring design,10,,
simple stone ring design for female,10,MEDIUM,50
simple white stone necklace,10,HIGH,100
simple white stone necklace set,10,,
small boho hoop earrings,10,MEDIUM,64
small business handmade jewelry,10,HIGH,100
so chic alexandrite,10,,
so cute handmade jewelry,10,,
speckled polymer clay earrings,10,HIGH,100
sree kumaran thangamaligai silver collections,10,LOW,0
sri durga handmade jewellery,10,,
stackable boho rings,10,,
stackable rings boho,10,HIGH,100
stainless steel boho rings,10,HIGH,100
sterling silver boho anklet,10,MEDIUM,50
sterling silver boho hoop earrings,10,HIGH,93
sterling silver boho stud earrings,10,LOW,0
sterling silver hippie jewelry,10,HIGH,100
sterling silver oval stamped ring,10,,
sterling silver ring sets boho,10,,
stone earrings tops,10,MEDIUM,34
stone jewellery design,10,HIGH,100
stone jewellery set online shopping,10,,
stone necklace simple,10,HIGH,100
stone pendant designs for female,10,HIGH,80
stone pendant set,10,HIGH,100
stone ring design for female in gold,10,,
stone ring design gold,10,,
stone ring designs male,10,,
stone ring gold design,10,HIGH,100
stone tops earrings,10,LOW,0
suarti jewelry bali,10,,
sunaka jewelry bali,10,MEDIUM,57
sunset polymer clay earrings,10,HIGH,100
sunsri house of jewelry bali,10,,
sunwest silver handmade jewelry,10,LOW,21
surface handmade jewelry,10,,
susila jewelry bali,10,,
the palace jewelry bali,10,,
tibetan braided bracelets,10,MEDIUM,62
tibetan buddhist knot bracelet,10,HIGH,93
tibetan buddhist lucky knot bracelet,10,HIGH,100
tibetan copper beads bracelet original,10,,
tibetan woven bracelet,10,HIGH,86
tiger eye citrine crystal bracelet,10,HIGH,100
tiny boho hoop earrings septum,10,MEDIUM,45
tooth gems bali,10,LOW,14
top selling handmade jewelry,10,HIGH,83
topaz ring design,10,LOW,10
tosca jewelry bali,10,,
traditional bali earrings,10,HIGH,81
traditional handmade jewellery,10,LOW,0
traditional navratri jewellery handmade,10,,
trendy handmade earrings,10,HIGH,100
tribal boho earrings,10,MEDIUM,60
tribal necklace handmade,10,,
tulola bali,10,LOW,0
tulola shop bali,10,,
tumble finishing for handmade jewelry,10,LOW,7
turkish artisan jewelry,10,HIGH,100
turkish handmade earrings,10,HIGH,100
turkish handmade jewelry wholesale,10,HIGH,71
turkish handmade ring,10,,
turkish handmade silver rings,10,,
ubud gold jewellery,10,,
uc silver bali jewelry,10,,
unicorn polymer clay earrings,10,LOW,0
unique artisan rings,10,,
unique bespoke jewellery,10,,
unique bohemian engagement rings,10,HIGH,100
unique bohemian jewelry,10,HIGH,100
unique bohemian wedding rings,10,HIGH,100
unique handcrafted beaded jewelry,10,HIGH,100
unique handcrafted jewellery store,10,,
unique handcrafted rings,10,LOW,0
unique handmade artisan jewelry,10,,
unique handmade beaded bracelets,10,,
unique handmade beaded jewelry,10,HIGH,100
unique handmade jewellery design,10,HIGH,93
unique handmade mens jewelry,10,HIGH,100
unique handmade silver necklaces,10,,
unique hippie engagement rings,10,HIGH,100
unique jewelry earrings,10,HIGH,100
unique jewelry for sale,10,HIGH,100
unusual handmade jewelry,10,HIGH,100
urban artisan copper necklace,10,LOW,0
urban artisan silver necklace,10,,
urban boho chic jewelry,10,MEDIUM,57
veers handmade jewellery,10,,
ventus handmade jewelry,10,LOW,4
vintage artisan jewelry,10,MEDIUM,52
vintage bohemian earrings,10,HIGH,100
vintage boho bracelet,10,HIGH,100
vintage clay earrings,10,HIGH,89
vintage handmade rings,10,HIGH,100
watercolor clay earrings,10,HIGH,100
watermelon polymer clay earrings,10,HIGH,90
wedding boho earrings,10,LOW,0
western bohemian turquoise necklace,10,,
white bohemian earrings,10,HIGH,88
white boho necklace,10,HIGH,100
white handmade earrings,10,,
white stone necklace artificial,10,,
white stone necklace for wedding,10,,
white stone necklace set with price,10,,
white stone ring design,10,,
white stone ring gold,10,HIGH,100
wholesale handmade jewelry usa,10,HIGH,100
wholesale handmade mexican jewelry,10,,
with these rings handmade,10,MEDIUM,64
women jewelry handmade,10,,
wooden boho earrings,10,HIGH,100
wooden boho jewelry,10,HIGH,100
yellow boho earrings,10,HIGH,100
yin jewelry bali,10,LOW,5
zaras handmade jewelry,10,,
zavira jewelry bali,10,,
zaya handmade jewelry,10,HIGH,100
zd artisan jewelry etsy,10,HIGH,80
zeta handmade jewelry,10,,
tennis deluxe bracelet,10,HIGH,93
personalised birthstone bracelet,10,HIGH,100
jewellery advent calendar swarovski,10,,
family birthstone heart necklace,10,LOW,0
mother's necklace 2 stones,10,HIGH,100
personalised birthstone ring,10,,
ring med gravering,10,,
constella cocktail ring,10,LOW,0
tennis deluxe necklace swarovski,10,HIGH,96
silver diamante earrings,10,,
original silver earrings,10,HIGH,100
personalised silver ring,10,LOW,4
kendra scott blair earrings,10,HIGH,100
juliette gold pendant necklace in white crystal,10,,
mothers birthstone necklace 5 stones,10,HIGH,100
thick and thin ring silver,10,HIGH,100
crystal avenue jewelry wholesale,10,HIGH,100
personalised birthstone jewellery,10,HIGH,100
mother rings with 9 birthstones,10,,
silver name necklace with birthstone,10,HIGH,100
kay jewelers mother's birthstone ring,10,HIGH,100
carnelian stone heart necklace,10,HIGH,100
eve's addiction birthstone necklace,10,HIGH,100
monica vinader silver hoops,10,HIGH,100
swarovski letra bracelet,10,HIGH,100
mesmera cocktail ring,10,HIGH,100
amina muaddi anklet,10,HIGH,100
missoma silver earrings,10,HIGH,87
silver dress rings,10,HIGH,100
mothers day rings 8 stones,10,,
millenia ring swarovski,10,HIGH,100
amina muaddi tennis necklace,10,MEDIUM,42
silver interlocking g earrings,10,LOW,0
constella cocktail ring swarovski,10,LOW,24
silver bands for her,10,MEDIUM,33
personalised crystal bracelet,10,,
birthstone bar bracelet,10,HIGH,95
swarovski ortyx necklace,10,HIGH,100
mum birthstone necklace,10,MEDIUM,64
interlocking g earrings in silver,10,LOW,0
birthstone heart necklace for mom,10,HIGH,100
moonlight grapes earrings,10,HIGH,100
pandora silver drop earrings,10,HIGH,100
wholesale crystals for jewelry making,10,HIGH,100
ortyx cocktail ring,10,HIGH,100
gg silver stud earrings,10,HIGH,100
silver engagement rings for him,10,HIGH,100
sterling silver bands for her,10,,
march birthstone necklace pandora,10,HIGH,75
mothers necklace 1 stone,10,HIGH,100
zales mothers rings 5 stones,10,HIGH,100
michael hill silver rings,10,MEDIUM,40
rose gold birthstone necklace for mom,10,HIGH,100
wholesale crystal beads for bracelets,10,,
twin birthstone necklace,10,HIGH,100
black sapphire ring womens,10,HIGH,97
silver pearl huggie earrings,10,HIGH,100
gucci gg earrings silver,10,HIGH,100
kay jewelers mother's day birthstone necklace,10,HIGH,100
family pendant necklace with birthstones,10,HIGH,67
swarovski mesmera cocktail ring,10,HIGH,100
swarovski millenia necklace octagon cut,10,HIGH,100
gucci heart stud earrings,10,HIGH,88
orbita necklace swarovski,10,,
silver by mail rings,10,,
gucci gg silver stud earrings,10,HIGH,100
daughter fidget ring sterling silver,10,,
swarovski hollow necklace,10,HIGH,100
bulk crystal beads wholesale,10,HIGH,100
best healing bracelets,10,HIGH,100
pandora blue pansy earrings,10,HIGH,100
swarovski ginger bracelet,10,HIGH,100
silver sleeper hoops,10,HIGH,100
michael hill silver earrings,10,HIGH,100
recycled silver earrings,10,HIGH,88
swarovski orbita bracelet,10,HIGH,100
mens cross earrings silver,10,HIGH,100
missoma silver hoops,10,,
rose quartz beads wholesale,10,HIGH,100
birthstone pendant swarovski,10,LOW,0
family tree necklace swarovski,10,,
july birthstone necklace pandora,10,HIGH,98
anklet birthstone,10,HIGH,100
john hardy birthstone bracelet,10,HIGH,100
silver band rings for her,10,,
swarovski ortyx cocktail ring,10,HIGH,100
gra moissanite for sale,10,HIGH,100
celtic birthstone necklace,10,HIGH,100
millenia cocktail ring,10,,
blue pansy flower hoop earrings,10,,
swarovski hollow bracelet,10,HIGH,100
huggie sleeper earrings,10,HIGH,100
ear cuff silver pandora,10,HIGH,100
buy emerald ring online,10,HIGH,100
rhinestone choker set,10,HIGH,100
millenia cocktail ring swarovski,10,HIGH,80
earrings sale swarovski,10,HIGH,100
unusual cocktail rings,10,MEDIUM,60
august birthstone necklace pandora,10,HIGH,100
swarovski scorpio necklace,10,HIGH,100
crystal and co earrings,10,,
chubby silver hoop earrings,10,HIGH,100
topaz ring november birthstone ring,10,,
june birthstone necklace pandora,10,HIGH,100
monica vinader cocktail ring,10,HIGH,100
paw earrings silver,10,HIGH,90
november birthstone necklace pandora,10,HIGH,100
pandora thumb rings silver,10,HIGH,100
swarovski exist hoop earrings,10,HIGH,80
lilo and stitch earrings sterling silver,10,HIGH,100
vivienne westwood orb crystal bracelet,10,,
lotus birthstone necklace,10,HIGH,100
climber earrings pandora,10,HIGH,100
silver diamante drop earrings,10,HIGH,71
curiosa cocktail ring,10,LOW,29
august birthstone anklet,10,HIGH,100
vertical bar necklace with birthstone,10,HIGH,100
silver shop earrings,10,HIGH,100
birthstone string bracelet,10,HIGH,100
citrine anniversary band,10,HIGH,100
thick silver rings womens,10,,
mother's necklace 3 stones,10,HIGH,100
earring stack sets sterling silver,10,HIGH,100
silver celtic rings ladies,10,MEDIUM,43
garnet ring january birthstone ring,10,LOW,0
valentino swarovski earrings,10,HIGH,100
blush sapphire engagement rings,10,HIGH,100
ortyx necklace,10,,
personalised bracelet with birthstone,10,,
grief healing crystal bracelet,10,HIGH,100
pandora family always encircled hoop earrings,10,HIGH,73
mothers ring 2 stones yellow gold,10,HIGH,100
swarovski women's tennis bracelet,10,HIGH,100
healing crystal beads for jewelry making,10,HIGH,100
14k gold birthstone stud earrings,10,HIGH,100
swarovski friendship necklace,10,HIGH,100
balenciaga crystal earrings,10,HIGH,100
hinged silver sleeper earrings,10,HIGH,100
hyperbola cocktail ring swarovski,10,HIGH,100
original silver ring,10,HIGH,100
stretch rings with swarovski,10,HIGH,100
personalised swarovski birthstone and initial necklace,10,,
jeulia hug me,10,HIGH,76
statement ruby rings for women,10,HIGH,100
small silver stud earrings for second hole,10,,
swarovski generation pendant,10,HIGH,89
small hoop earrings silver pandora,10,HIGH,100
catherine weitzman birthstone necklace,10,,
feng shui black obsidian bracelet original,10,LOW,0
swarovski ring millenia,10,HIGH,100
grandmother's ring 12 stones,10,HIGH,100
925 sterling silver necklace and earrings set,10,HIGH,100
harmonia cocktail ring,10,HIGH,100
harry potter silver earrings,10,MEDIUM,50
rose quartz bracelet original,10,LOW,25
diamond drop earrings swarovski,10,HIGH,100
december birthstone necklace and earring set,10,HIGH,100
swarovski trilogy necklace,10,HIGH,67
nanette lepore cubic zirconia sterling silver earrings,10,HIGH,100
libra birthstone bracelet,10,HIGH,100
statement anniversary rings for her,10,LOW,0
sagittarius necklace swarovski,10,HIGH,100
kendra scott cass cocktail ring,10,LOW,0
cocktail rings for sale,10,HIGH,100
small silver sleeper earrings,10,,
silver love heart earrings,10,LOW,0
sarausky jewelry,10,,
best small silver hoop earrings,10,HIGH,100
small silver diamond stud earrings,10,HIGH,92
silver halo stud earrings,10,HIGH,89
buy silver hoop earrings,10,HIGH,100
gucci heart studs,10,HIGH,80
gra certified moissanite price,10,MEDIUM,64
silver diamante stud earrings,10,,
citrine and diamond ring yellow gold,10,HIGH,100
triple earring set sterling silver,10,HIGH,100
crystal cufflinks for mens,10,HIGH,100
huggie drop earrings silver,10,HIGH,100
diamond tennis necklace swarovski,10,HIGH,97
letter j necklace swarovski,10,,
family birthstone bracelet gold,10,LOW,0
chain link earrings sterling silver,10,HIGH,100
swarovski aquarius necklace,10,HIGH,100
pisces necklace swarovski,10,HIGH,100
birthstone anklet gold,10,HIGH,100
gucci drop earrings silver,10,HIGH,100
silver tribe earrings,10,LOW,29
silver hoop earrings 20mm,10,HIGH,88
small silver hoop earrings mens,10,HIGH,100
november birthstone diamond ring,10,HIGH,100
crystal bracelet to attract money,10,HIGH,100
june birthstone necklace with initial,10,HIGH,100
swarovski bella earrings sale,10,HIGH,100
stackable mothers rings 4 stones,10,HIGH,100
july birthstone stud earrings,10,HIGH,100
price of neelam stone,10,MEDIUM,57
swarovski anklets sale,10,HIGH,100
plain silver huggie earrings,10,HIGH,100
hoop pearl earrings silver,10,HIGH,100
female diamond cocktail rings,10,LOW,0
february birthstone necklace pandora,10,HIGH,100
tiffany blue topaz earrings,10,HIGH,86
alexander mcqueen signet ring,10,HIGH,67
zales november birthstone rings,10,LOW,25
real silver earrings mens,10,HIGH,100
authentic rose quartz bracelet,10,HIGH,100
helix stud earrings sterling silver,10,HIGH,100
dreamcatcher earrings silver,10,HIGH,100
family birthstone necklace sterling silver,10,,
hoop dangle earrings silver,10,HIGH,94
large stone statement rings,10,HIGH,100
swarovski rose gold drop earrings,10,HIGH,100
birthstone anklet sterling silver,10,HIGH,100
sterling silver stud earrings set of 3,10,HIGH,100
swarovski earrings bella,10,HIGH,67
men's vintage gemstone rings,10,HIGH,100
long drop pearl earrings silver,10,HIGH,100
july birthstone earrings pandora,10,MEDIUM,64
swarovski generation earrings,10,HIGH,100
silver and pearl necklace and earring set,10,HIGH,100
real healing crystal jewelry,10,HIGH,100
birthstone thumb rings,10,HIGH,100
family birthstone bracelet sterling silver,10,HIGH,100
designer silver stud earrings,10,HIGH,100
pandora july birthstone necklace,10,HIGH,100
silver thumb ring pandora,10,HIGH,100
curiosa ring swarovski,10,HIGH,100
silver ring bands for her,10,HIGH,100
real silver hoop earrings small,10,HIGH,75
dulcis necklace swarovski,10,HIGH,100
rhinestones online,10,HIGH,96
drilled crystals for jewelry making,10,HIGH,100
60th birthday necklace with birthstone,10,,
alphabet earrings silver,10,HIGH,100
14k gold diamond cocktail rings,10,HIGH,100
citrine anniversary ring,10,HIGH,89
real silver hoop earrings large,10,HIGH,100
chevron birthstone ring,10,HIGH,100
silver huggie pearl drop earrings,10,,
crystal haze gummy bear necklace,10,HIGH,100
pandora october birthstone necklace,10,HIGH,100
silver stitch earrings,10,HIGH,100
citrine engagement ring set,10,HIGH,100
ti sento milano earrings,10,HIGH,100
large silver hoop earrings 60mm,10,HIGH,100
swarovski initial pendant,10,HIGH,100
swarovski sagittarius necklace,10,HIGH,100
aquarius necklace swarovski,10,,
sapphire bracelet swarovski,10,HIGH,100
cocktail jewellery,10,HIGH,100
silver ring with diamond mens,10,HIGH,100
silver heart earrings tiffany,10,HIGH,93
travel crystal bracelet,10,HIGH,100
citrine and diamond eternity ring,10,HIGH,100
drop & dangle silver earrings for women,10,HIGH,100
sparkly stud earrings swarovski,10,HIGH,100
sterling silver healing crystal necklace,10,HIGH,100
birthstone slider bracelet,10,HIGH,100
september birthstone necklace and earring set,10,,
calming crystal necklace,10,,
maria black huggie earring,10,LOW,0
pandora sparkling double halo stud earrings,10,HIGH,100
qudo ring toppers sale,10,HIGH,100
men's march birthstone rings,10,HIGH,100
zales dinner rings,10,HIGH,94
august birthstone mens jewelry,10,HIGH,100
rose crystal bracelet,10,HIGH,100
exalta bracelet swarovski,10,,
constella swarovski ring,10,,
silver collective earrings,10,MEDIUM,50
swarovski pisces necklace,10,HIGH,100
pandora july birthstone earrings,10,MEDIUM,64
april birthstone promise rings,10,HIGH,100
genuine citrine earrings,10,HIGH,100
sterling silver stud earrings with screw back,10,HIGH,100
thick huggie earrings silver,10,HIGH,100
swarovski hamsa hand necklace,10,,
silver robin earrings,10,,
tennis bracelet men's swarovski,10,HIGH,100
crystal anklet bracelet,10,HIGH,100
cheap crystal bracelets,10,HIGH,100
kylie jenner silver earrings,10,HIGH,88
authentic rose quartz necklace,10,HIGH,100
say it with diamonds birthstone bracelet,10,,
set of 3 hoop earrings silver,10,HIGH,100
swarovski star sign necklace,10,,
claddagh ring february birthstone,10,HIGH,100
star sign necklace swarovski,10,,
december birthstone dangle earrings,10,MEDIUM,48
january birthstone necklace pandora,10,HIGH,100
silver emerald drop earrings,10,LOW,0
stacking earrings sterling silver,10,,
solitaire stud earrings swarovski,10,HIGH,100
monica vinader doina earrings,10,LOW,0
evil eye stud earrings silver,10,HIGH,100
matching crystal bracelets,10,HIGH,97
dinner rings for sale,10,HIGH,100
letra bracelet swarovski,10,,
crystals for protection necklace,10,HIGH,100
swarovski infinity bracelet silver,10,HIGH,100
citrine pave ring,10,HIGH,100
diamante statement earrings,10,HIGH,67
sterling silver gold plated hoops,10,HIGH,100
swarovski december birthstone necklace,10,HIGH,67
patrick mavros earrings,10,LOW,29
silver bands for him,10,HIGH,100
vivienne westwood mayfair bas relief earrings silver,10,HIGH,100
plain silver ring womens,10,HIGH,100
swarovski stone earrings,10,HIGH,91
swarovski march birthstone necklace,10,HIGH,100
best blue sapphire stone,10,MEDIUM,60
swarovski hoops with crystals,10,HIGH,100
serge denimes earrings,10,HIGH,100
crystal necklace for anxiety and depression,10,HIGH,100
black stone silver ring for ladies,10,HIGH,82
ambush rose earring,10,HIGH,92
citrine eternity ring yellow gold,10,HIGH,100
swarovski may birthstone necklace,10,HIGH,100
buy sterling silver earrings,10,HIGH,75
2mm silver stud earrings,10,HIGH,100
original crystal bracelet,10,MEDIUM,35
original rose quartz bracelet,10,HIGH,100
green earrings for wedding,10,HIGH,100
swarovski small stud earrings,10,HIGH,100
swarovski attract trilogy necklace,10,MEDIUM,52
sterling silver cartilage stud,10,HIGH,100
silver stud earrings set of 3,10,HIGH,100
real silver cartilage earrings,10,HIGH,97
statement moissanite rings,10,HIGH,100
sterling silver diamante earrings,10,HIGH,100
march birthstone rings sterling silver,10,HIGH,100
earring sets for 3 holes sterling silver,10,,
letter s necklace swarovski,10,,
swarovski dancing crystal pendant necklace,10,LOW,0
lightning earrings silver,10,HIGH,100
swarovski angel wing bracelet,10,LOW,0
black tourmaline necklace male,10,LOW,6
pandora january birthstone necklace,10,HIGH,100
childrens silver stud earrings,10,HIGH,100
silver claw earrings,10,HIGH,100
buy crystal bracelet,10,HIGH,100
pearl and silver stud earrings,10,HIGH,100
lightning bolt silver earrings,10,HIGH,100
vivienne westwood earrings mayfair bas relief silver,10,HIGH,100
92.5 silver earrings,10,HIGH,100
swarovski sister bracelet,10,HIGH,100
collier attract swarovski,10,,
morganite statement ring,10,HIGH,100
diamond cocktail rings for sale,10,HIGH,100
carnelian heart stone necklace,10,,
pandora june birthstone necklace,10,HIGH,100
swarovski crystal name necklace,10,HIGH,73
stitch silver earrings,10,HIGH,100
zig zag ring pandora,10,HIGH,83
rose quartz ring real,10,HIGH,100
crystal choker necklace set,10,LOW,31
citrine band ring white gold,10,HIGH,100
swarovski diamond necklace set,10,HIGH,100
rose gold birthstone earrings,10,HIGH,100
men's birthstone rings for sale,10,HIGH,100
june birthstone color ring,10,HIGH,100
alessandra rich earrings heart,10,HIGH,90
leo birthstone earrings,10,HIGH,100
silver ball earrings large,10,HIGH,100
swarovski rose gold infinity bracelet,10,HIGH,100
pure silver studs,10,HIGH,100
real amethyst stone necklace,10,HIGH,100
rose quartz bracelet real,10,HIGH,100
chunky hoop earrings sterling silver,10,HIGH,100
real silver helix earrings,10,HIGH,100
green ring swarovski,10,HIGH,100
swarovski sparkling dance round necklace,10,HIGH,100
thick silver sleeper earrings,10,,
june pearl birthstone necklace,10,HIGH,100
swarovski letter pendant,10,HIGH,100
silver long earrings dangle,10,,
zales diamond cocktail rings,10,HIGH,100
harry potter earrings silver,10,MEDIUM,50
silver charm hoop earrings,10,HIGH,100
statement unique mens rings,10,HIGH,100
earring and bracelet set silver,10,HIGH,100
blue stud earrings sterling silver,10,HIGH,86
80mm sterling silver hoop earrings,10,HIGH,100
glass crystal beads wholesale,10,HIGH,100
family birthstone bangle,10,HIGH,100
april birthstone stud earrings,10,LOW,14
evil eye gold necklace swarovski,10,HIGH,100
silver heart huggie earrings,10,HIGH,100
kohl's earrings sterling silver,10,HIGH,100
grief crystal bracelet,10,HIGH,100
michael kors sterling silver earrings,10,HIGH,100
mother's necklace 4 stones,10,HIGH,100
swarovski august birthstone necklace,10,HIGH,100
swarovski single earring,10,HIGH,90
swarovski pave hoop earrings,10,HIGH,100
silver baguette earrings,10,HIGH,100
siren cluster cocktail ring,10,LOW,21
silver drop earrings and necklace set,10,HIGH,100
wholesale gemstone beads in bulk,10,HIGH,100
silver drop earrings with blue stone,10,HIGH,100
adhd crystal bracelet,10,HIGH,100
huggie earring set silver,10,,
silver earrings for pierced ears,10,HIGH,100
michael hill silver hoop earrings,10,,
dolphin birthstone necklace,10,MEDIUM,63
gold hoops sterling silver,10,HIGH,100
guardian angel necklace swarovski,10,,
cheap crystal jewelry,10,HIGH,86
etsy birthstone necklace mom,10,HIGH,100
swarovski lucent bracelet,10,HIGH,100
yellow topaz necklace and earring set,10,HIGH,100
silver stud earrings hypoallergenic,10,HIGH,100
opal shop near me,10,MEDIUM,39
thin silver hoop earrings medium,10,HIGH,100
silver earrings michael hill,10,LOW,0
citrine crystal ring gold,10,HIGH,100
small diamond stud earrings sterling silver,10,,
dazzling swan necklace swarovski,10,,
infinity heart necklace swarovski,10,HIGH,99
strength crystal bracelet,10,HIGH,100
silver plated stud earrings,10,HIGH,100
customized silver ring with name,10,HIGH,100
june birthstone ring white gold,10,HIGH,100
hamsa necklace swarovski,10,HIGH,100
swarovski latisha bracelet,10,LOW,24
green drop earrings silver,10,HIGH,100
amazon silver earrings hoops,10,HIGH,93
stone for august birthstone,10,HIGH,80
pandora birthstone pendant,10,LOW,17
sterling silver earrings set of 2,10,HIGH,100
sloth earrings sterling silver,10,HIGH,100
tassel drop earrings silver,10,HIGH,75
rose quartz chain,10,HIGH,100
pandora february birthstone necklace,10,MEDIUM,43
gold statement ring for ladies,10,,
swarovski evil eye necklace rose gold,10,HIGH,100
ladies silver drop earrings,10,,
real silver dangle earrings,10,HIGH,100
turquoise stone ring for ladies,10,HIGH,100
silver little hoop earrings,10,HIGH,100
shein crystal necklace,10,HIGH,100
925 ste bee ring,10,LOW,4
silver stud earrings swarovski,10,HIGH,100
crystal haze jewelry bear,10,,
gold plated silver hoops,10,HIGH,100
calendar necklace with birthstone,10,,
effy statement rings,10,HIGH,100
real crystal beads for bracelets,10,HIGH,90
millenia swarovski ring,10,HIGH,100
mens huggie hoop earrings silver,10,HIGH,75
swarovski leather bracelet wrap,10,HIGH,86
big gold earrings for wedding,10,HIGH,100
january birthstone mens rings,10,,
friendship earrings silver,10,HIGH,100
virgo birthstone earrings,10,HIGH,100
black owned crystal jewelry,10,HIGH,100
sparkling statement halo ring,10,HIGH,100
ovate earrings,10,,
pandora crystal earrings,10,LOW,0
tiffany hoop earrings sterling silver,10,HIGH,100
silver bee stud earrings,10,HIGH,100
stud earrings birthstone,10,HIGH,100
swarovski engagement ring price,10,HIGH,100
cocktail rings for ladies,10,HIGH,100
buy citrine ring,10,LOW,0
crystal haze bear pendant,10,HIGH,100
gemstone rings online,10,HIGH,100
best crystal bracelets to wear,10,HIGH,89
gemini birthstone earrings,10,HIGH,100
small silver hoop earrings with charm,10,HIGH,67
olivia and jackson sterling silver earrings,10,,
crystal haze bracelet,10,HIGH,100
healing crystals for jewelry making,10,HIGH,98
quirky silver earrings,10,HIGH,100
shein rhinestone earrings,10,HIGH,100
citrine crystal engagement rings,10,HIGH,100
lecalla sterling silver earrings,10,HIGH,100
statement diamond rings for men,10,HIGH,100
dragonfly bracelet swarovski,10,HIGH,100
virgo birthstone bracelet,10,MEDIUM,60
gorjana cocktail ring,10,HIGH,100
chroma cocktail ring,10,HIGH,100
star hoop earrings sterling silver,10,HIGH,94
silver diamante hoops,10,LOW,0
best crystal necklaces,10,HIGH,100
silver celtic drop earrings,10,,
dancing heart necklace swarovski,10,HIGH,100
raw birthstone bracelet,10,HIGH,100
january birthstone stud earrings,10,HIGH,100
swarovski hollow pendant,10,MEDIUM,33
authentic healing crystal bracelets,10,HIGH,100
crystal bracelet for arthritis,10,HIGH,100
buy statement earrings,10,,
snake ring silver pandora,10,HIGH,100
best cocktail rings 2022,10,,
curiosa cocktail ring swarovski,10,HIGH,100
50th birthday birthstone necklace,10,LOW,29
silver hoop earrings with butterfly back,10,HIGH,100
mf doom ring sterling silver,10,HIGH,100
birthstone earrings swarovski,10,HIGH,100
healing pendant necklace,10,HIGH,67
hoop earrings with butterfly back,10,HIGH,100
pandora tilted heart ring,10,HIGH,100
healing crystal stud earrings,10,HIGH,100
3 set earrings silver,10,HIGH,100
snake stud earrings silver,10,HIGH,80
authentic sterling silver 925 earrings,10,HIGH,100
millenia open ring swarovski,10,HIGH,100
citrine gold rings for sale,10,HIGH,100
drop down earrings silver,10,HIGH,100
star and moon earrings silver,10,HIGH,100
solid silver drop earrings,10,HIGH,100
vetements crystal heart necklace,10,HIGH,100
aquarius birthstone earrings,10,,
best december birthstone,10,HIGH,79
healing stone necklace for anxiety,10,HIGH,100
sterling silver crystal stud earrings,10,HIGH,100
silver cross earing,10,LOW,0
vintage dinner rings for sale,10,HIGH,100
pure silver hug ring,10,,
january birthstone bracelet pandora,10,HIGH,100
tragus jewelry sterling silver,10,HIGH,94
leo birthstone engagement ring,10,HIGH,100
sterling silver crystal hoop earrings,10,HIGH,100
pomellato citrine ring,10,HIGH,80
citrine ring zales,10,HIGH,100
crystal jewellery online,10,HIGH,100
swarovski twist necklace,10,MEDIUM,54
bridesmaid statement earrings,10,HIGH,100
swarovski adjustable rings,10,HIGH,71
scorpio birthstone earrings,10,HIGH,100
aries birthstone earrings,10,HIGH,100
4 carat citrine ring,10,HIGH,100
zodiac crystal necklace,10,HIGH,100
best silver ring for girlfriend,10,HIGH,100
70th birthday necklace with birthstone,10,HIGH,79
2mm sterling silver stud earrings,10,HIGH,100
14k gold crystal pendant,10,HIGH,100
swarovski swan earrings silver,10,HIGH,100
statement black diamond ring,10,,
crystal necklace gold chain,10,HIGH,100
silver plated hoops,10,HIGH,100
swarovski bella necklace,10,HIGH,94
eye necklace swarovski,10,HIGH,100
statement emerald rings,10,MEDIUM,51
rose quartz evil eye bracelet,10,HIGH,100
heart chakra crystal necklace,10,HIGH,92
blue topaz crystal necklace,10,HIGH,90
genuine swarovski crystal beads wholesale,10,HIGH,100
positivity crystal bracelet,10,HIGH,100
silver heart necklace and earring set,10,HIGH,100
capricorn birthstone bracelet,10,HIGH,100
sterling silver halo earrings,10,HIGH,100
pink stone cocktail ring,10,HIGH,100
roxanne statement ring,10,HIGH,100
yellow sapphire ring price,10,HIGH,100
heart cubic zirconia earrings,10,HIGH,100
friendship crystal necklace,10,HIGH,67
sterling silver diamante hoop earrings,10,,
hoop earrings with charm sterling silver,10,HIGH,100
swarovski cocktail,10,HIGH,91
neelam ring price,10,HIGH,100
hollow bracelet swarovski,10,LOW,14
mens black stud earrings sterling silver,10,HIGH,100
gold plated crystal necklace,10,HIGH,100
peridot rings august birthstone ring,10,LOW,17
silver feather drop earrings,10,HIGH,100
swarovski pendant price,10,MEDIUM,40
march birthstone hoop earrings,10,HIGH,100
swarovski crystal earrings sale,10,HIGH,100
pandora necklace december birthstone,10,,
white and gold statement earrings,10,HIGH,100
crystal bracelet for money,10,HIGH,100
mushroom earrings silver,10,HIGH,98
citrine eternity band white gold,10,,
silver pendant and earring set,10,HIGH,100
chunky silver twisted hoop earrings,10,HIGH,100
rose gold citrine engagement ring,10,HIGH,100
gold rings with stones for ladies,10,HIGH,100
swarovski creativity necklace,10,HIGH,76
large sterling silver ball earrings,10,HIGH,100
large statement stud earrings,10,HIGH,100
levian cinnamon citrine,10,HIGH,100
november birthstone topaz earrings,10,HIGH,100
christmas stud earrings sterling silver,10,,
swarovski amethyst ring,10,HIGH,100
family tree earrings silver,10,,
silver paw earrings,10,HIGH,86
small silver stud earrings set,10,HIGH,100
tiffany t square ring in silver,10,HIGH,100
silver ring with diamond stone,10,HIGH,100
elephant necklace swarovski,10,HIGH,100
bracelet to attract love,10,HIGH,100
best large silver hoop earrings,10,HIGH,100
quirksmith earrings,10,LOW,0
march birthstone rings white gold,10,HIGH,100
pandora november birthstone necklace,10,HIGH,100
kay jewelers november birthstone rings,10,,
citrine bee earrings,10,HIGH,100
roberto coin cocktail ring,10,HIGH,100
stylish silver earrings,10,HIGH,100
leg ring silver,10,HIGH,100
clair d lune earrings dior,10,MEDIUM,43
heart ring gucci,10,HIGH,100
mens silver sleeper earrings,10,,
not on the high street silver earrings,10,,
9ct gold citrine ring,10,HIGH,100
statement diamond ring for men,10,HIGH,100
crystal bracelet for anxiety and depression,10,HIGH,100
swarovski dancing pendant,10,HIGH,100
harry potter swarovski necklace,10,,
engagement ring with citrine side stones,10,HIGH,100
silver drop down earrings,10,HIGH,100
buy crystal bracelets online,10,HIGH,100
swarovski crystal initial necklace,10,HIGH,100
thistle earrings silver,10,HIGH,100
swarovski robin necklace,10,,
nostalgia bear necklace,10,,
bright statement earrings,10,HIGH,92
mesmera ring swarovski,10,HIGH,100
michael hill silver hoops,10,,
platinum citrine ring,10,HIGH,100
silver and pearl hoop earrings,10,HIGH,100
healing crystal choker necklace,10,MEDIUM,57
faux cocktail rings,10,HIGH,100
sterling silver claw earrings,10,LOW,0
apm monaco meteorites earrings,10,LOW,25
swarovski citrine earrings,10,HIGH,100
david yurman dinner ring,10,,
pandora month rings,10,HIGH,92
statement mens diamond pinky rings,10,LOW,18
argento birthstone necklace,10,,
kilkenny silver earrings,10,LOW,0
emf protection crystal necklace,10,,
silver pearl necklace and earrings,10,HIGH,100
taurus birthstone bracelet,10,MEDIUM,63
crystal beads online,10,HIGH,100
statement gold mens rings,10,HIGH,100
ear cuff earrings sterling silver,10,HIGH,100
kendra scott boone cocktail ring,10,,
swarovski om bracelet,10,LOW,0
robin earrings silver,10,,
crystal stud earrings set,10,HIGH,100
ginger bracelet swarovski,10,LOW,0
swarovski floating ring,10,HIGH,100
pandora july birthstone bracelet,10,HIGH,100
sterling silver blue stone earrings,10,HIGH,100
statement costume rings,10,HIGH,100
gemini stone bracelet,10,HIGH,100
crystal heart drop earrings,10,HIGH,83
citrine diamond band,10,HIGH,100
swarovski elephant bracelet,10,MEDIUM,46
gucci statement earrings,10,HIGH,100
zodiac stone necklace,10,HIGH,91
dancing ring swarovski,10,HIGH,100
lucky crystal bracelet,10,HIGH,100
best crystal bracelet for anxiety,10,HIGH,86
asos signet ring,10,,
personalised swarovski birthstone bracelet,10,,
best crystal for engagement ring,10,HIGH,100
etsy silver drop earrings,10,HIGH,100
agate crystal necklace,10,HIGH,100
crystal bracelet making set,10,,
miscarriage birthstone ring,10,HIGH,100
crystal and co jewellery,10,HIGH,100
koala stud earrings,10,HIGH,100
scorpio crystal necklace,10,HIGH,100
pandora september bracelet,10,HIGH,100
silver tikka set,10,HIGH,100
swarovski alphabet pendant,10,HIGH,100
silver chain and earrings set,10,HIGH,100
pandora pave double hoop earrings,10,HIGH,100
pandora sparkling statement halo ring,10,HIGH,79
marco bicego citrine ring,10,HIGH,100
good luck stone bracelet,10,HIGH,100
silver butterfly necklace and earring set,10,HIGH,100
crystal necklace to attract love,10,HIGH,100
citrine platinum ring,10,HIGH,100
healing crystal beads for bracelets,10,HIGH,100
large silver ball stud earrings,10,HIGH,100
birthstone spinner ring,10,HIGH,100
dachshund earrings sterling silver,10,HIGH,100
anxiety ring spinner sterling silver,10,,
tree of life necklace with crystals,10,HIGH,100
loose crystal beads,10,HIGH,96
cute stud earrings sterling silver,10,HIGH,100
real rose quartz crystal necklace,10,HIGH,100
large statement earrings for wedding,10,HIGH,100
big silver dangle earrings,10,HIGH,100
cute silver earring sets,10,HIGH,100
hermes chaine d ancre earrings silver,10,HIGH,100
sterling silver tragus hoop,10,HIGH,100
original rose quartz pendant,10,LOW,6
nanette lepore earrings cubic zirconia sterling silver,10,HIGH,100
citrine and blue sapphire ring,10,HIGH,100
pisces crystal bracelet,10,HIGH,100
statement mens silver rings,10,HIGH,100
pre drilled crystals for jewelry,10,HIGH,100
dripping silver earrings,10,HIGH,100
cocktail ring amethyst,10,HIGH,96
november birthstone rings yellow gold,10,,
statement rose gold rings for women,10,HIGH,100
original silver ring for women,10,HIGH,100
swarovski sparkling necklace,10,HIGH,100
morganite october birthstone,10,HIGH,100
family tree earrings pandora,10,HIGH,71
4 carat diamond cocktail ring,10,HIGH,100
sterling silver sleeper,10,HIGH,100
rose gold diamond cocktail ring,10,HIGH,100
pure silver snake ring,10,HIGH,100
belk citrine ring,10,HIGH,100
eternity cubic zirconia crystals,10,,
attract love bracelet,10,HIGH,100
crystal bracelet for grief,10,,
orange cocktail ring,10,HIGH,100
swarovski rhodium plated necklace,10,HIGH,98
ruby dinner ring,10,HIGH,100
statement women's diamond ring,10,HIGH,100
earring sets for 2 holes silver,10,HIGH,100
swarovski minnie mouse bracelet,10,HIGH,100
silver mens dangle earrings,10,HIGH,100
statement oyster turquoise ring,10,HIGH,100
statement tassel earrings,10,HIGH,100
stylish silver rings,10,HIGH,100
pandora silver ball earrings,10,HIGH,100
gold plated cocktail ring,10,HIGH,100
citrine dress ring,10,MEDIUM,50
phoenix crystal necklace,10,HIGH,91
gucci silver drop earrings,10,HIGH,80
duck earrings silver,10,LOW,0
swarovski cocktail rings for sale,10,HIGH,100
chakra pendulum necklace,10,HIGH,100
simple earrings for wedding,10,HIGH,100
ruby birthstone ring pandora,10,HIGH,100
crystal name bracelet,10,HIGH,87
long silver diamond earrings,10,HIGH,100
soko uzi statement ring,10,MEDIUM,52
silver solitaire earrings,10,LOW,0
pandora birthstone necklace february,10,MEDIUM,43
citrine necklace crystal,10,HIGH,100
925 silver helix earrings,10,HIGH,100
libra crystal bracelet,10,HIGH,100
chanel silver earrings cc,10,HIGH,100
silver ring for wife,10,HIGH,100
sterling silver sparkly earrings,10,HIGH,100
silver diamond ring price,10,HIGH,100
silver stone stud earrings,10,HIGH,100
silver tassel drop earrings,10,HIGH,75
hug ring real silver,10,HIGH,100
amazon drop earrings silver,10,LOW,29
swarovski signum pendant,10,MEDIUM,60
bulgari cocktail ring,10,HIGH,100
statement earrings sale,10,HIGH,100
statement white gold rings for women,10,HIGH,100
pura vida butterfly ring,10,HIGH,100
pandora birthstone necklace october,10,HIGH,100
women's sterling silver statement rings,10,HIGH,100
om bracelet swarovski,10,,
crystal bracelet online,10,HIGH,100
pandora january birthstone bracelet,10,,
clear quartz healing necklace,10,LOW,0
statement promise rings for her,10,,
small thin hoop earrings silver,10,HIGH,100
silver ring for thumb finger,10,LOW,0
original amethyst stone ring,10,,
crystal necklace shops near me,10,HIGH,95
buy blue topaz,10,HIGH,94
silver septum nose ring,10,MEDIUM,42
shein silver hoop earrings,10,HIGH,100
dangle silver earrings prom,10,LOW,0
thaya earrings,10,HIGH,89
manifestation crystal necklace,10,HIGH,100
etsy silver earrings hoops,10,HIGH,86
citrine topaz engagement rings,10,,
blue stone ring swarovski,10,HIGH,100
blue sapphire silver ring price,10,LOW,0
gucci ghost earrings,10,LOW,0
3 piece earring set silver,10,HIGH,100
topaz engagement ring november birthstone ring,10,HIGH,100
citrine and chocolate diamond ring,10,HIGH,100
libra stone bracelet,10,HIGH,100
pisces crystal necklace,10,HIGH,82
crystal bracelet for libra,10,,
earring sets for 2 holes sterling silver,10,,
yellow sapphire ring for female,10,HIGH,100
aries crystal necklace,10,,
pandora february birthstone earrings,10,MEDIUM,33
swarovski diamond jewellery,10,HIGH,100
silver hug ring amazon,10,,
feather earrings swarovski,10,HIGH,100
emerald cut citrine ring yellow gold,10,MEDIUM,50
swarovski lucent cocktail ring green,10,HIGH,100
women's diamond statement rings,10,HIGH,100
925 silver earrings price,10,MEDIUM,50
men's earrings silver studs,10,HIGH,100
swarovski ring green stone,10,HIGH,100
silver ring earrings small,10,HIGH,100
bluestone silver earrings,10,HIGH,100
crystal bracelet for love,10,HIGH,94
may birthstone james avery,10,LOW,29
orange topaz mens ring,10,HIGH,100
angel quartz necklace,10,HIGH,100
sterling silver cuff earrings with chain,10,LOW,0
small ring earrings silver,10,HIGH,100
citrine and white topaz ring,10,HIGH,89
silver drop earrings pandora,10,HIGH,100
coloured crystal drop earrings,10,,
chanel crystal pearl drop earrings,10,MEDIUM,52
agvana jewelers heart necklace,10,HIGH,89
belk silverworks sterling silver,10,HIGH,100
large garnet cocktail ring,10,HIGH,100
small circle earrings silver,10,HIGH,71
single stone silver ring,10,HIGH,100
gold chain with crystal pendant,10,HIGH,100
large cocktail rings costume jewelry,10,HIGH,100
10k yellow gold citrine ring,10,MEDIUM,57
jukserei birthstone,10,,
michael hill sterling silver earrings,10,,
etsy ear cuff silver,10,HIGH,100
shiny crystal earrings,10,HIGH,100
swarovski chain with pendant,10,HIGH,100
heart citrine ring,10,HIGH,100
david yurman wellesley link statement ring,10,HIGH,100
rose quartz nipple rings,10,MEDIUM,44
birthstone earrings for teenager,10,HIGH,100
real silver ring price,10,HIGH,86
leverback earrings pandora,10,HIGH,100
real rose quartz pendant,10,HIGH,100
heather needham earrings,10,,
statement blue sapphire ring,10,,
beads and crystals wholesale,10,HIGH,100
black tourmaline bracelet original,10,,
silver mirror earrings,10,HIGH,100
pandora birthstone necklace january,10,HIGH,100
birthstone breastmilk jewelry,10,HIGH,100
etsy hoop earrings silver,10,HIGH,100
chandi rings for female,10,HIGH,100
round crystal bracelets,10,HIGH,85
replacement swarovski crystals for jewelry,10,HIGH,100
aquarius crystal bracelet,10,HIGH,91
leo crystal necklace,10,LOW,24
statement earrings online,10,LOW,0
swarovski tree of life bracelet,10,HIGH,100
high vibration moon crystal healing bracelet,10,,
le vian citrine chocolate diamond ring,10,HIGH,100
tuscany silver earrings,10,,
three stone citrine ring,10,HIGH,89
crystal earrings online,10,,
18k citrine ring,10,HIGH,100
zircon stone earrings,10,HIGH,100
swarovski crystal drop necklace,10,HIGH,100
mesmera ring,10,HIGH,100
tiffany ring heart tag,10,HIGH,100
925 sterling silver earrings hypoallergenic,10,LOW,30
manifestation crystal bracelet,10,MEDIUM,50
pink topaz cocktail ring,10,HIGH,100
gold plated silver studs,10,LOW,20
citrine pyrite bracelet,10,HIGH,100
sterling silver 3 piece earring set,10,HIGH,100
pink kunzite necklace,10,HIGH,97
david yurman yellow citrine ring,10,HIGH,100
5925 ring price,10,MEDIUM,56
silver earrings hanging,10,HIGH,100
heart shaped crystal pendant,10,MEDIUM,44
august birthstone necklace sterling silver,10,,
cubic zirconia statement rings,10,HIGH,100
citrine ring pandora,10,HIGH,100
ginomay jewellery,10,,
serra citrine,10,,
target birthstone jewelry,10,HIGH,100
david yurman chatelaine citrine ring,10,HIGH,100
zales citrine,10,HIGH,100
epilepsy crystal bracelet,10,,
best earrings for brides,10,HIGH,100
statement cubic zirconia rings,10,HIGH,100
emerald cocktail ring costume,10,,
stone jewellery shop near me,10,MEDIUM,48
silver finger rings designs for female,10,,
citrine solitaire,10,HIGH,100
riva waterfall cocktail diamond ring,10,HIGH,100
slake bracelet,10,HIGH,93
november birthstone rings kay jewelers,10,,
hug ring silver price,10,,
february birthstone earrings pandora,10,MEDIUM,33
statement ring diamond,10,HIGH,100
neelam stone ring price,10,LOW,0
real carnelian crystal necklace,10,HIGH,100
pyrite citrine green aventurine bracelet,10,HIGH,100
swarovski buddha bracelet,10,HIGH,86
kay jewelers citrine,10,HIGH,100
citrine diamond gold ring,10,HIGH,100
statement 18k gold ring mens,10,,
crystal moon jewelry,10,HIGH,93
julep rings,10,,
sterling silver huggie hoop earrings with charm,10,HIGH,100
stitch earrings silver,10,HIGH,100
black and gold cocktail ring,10,HIGH,71
libra crystal necklace,10,MEDIUM,62
citrine ring online,10,,
pure silver thumb ring,10,HIGH,100
etsy crystal beads,10,HIGH,76
exceptional tiffany & co emerald diamond platinum cocktail ring,10,,
round stone earrings,10,HIGH,100
topaz statement ring,10,HIGH,100
lecalla sterling silver,10,LOW,21
925 silver price ring,10,LOW,29
effy diamond statement ring,10,HIGH,100
pandora birthstone set,10,HIGH,100
crystal bangles online,10,LOW,4
original green aventurine bracelet,10,HIGH,100
gemini crystal necklace,10,HIGH,100
ruby stone stud earrings,10,HIGH,100
gold crystal choker necklace,10,HIGH,83
silver choker necklace and earring set,10,,
statement sterling silver rings for women,10,HIGH,100
swarovski pendant evil eye,10,HIGH,100
diamond citrine engagement ring,10,,
statement women diamond rings,10,HIGH,100
silver chain earrings set,10,HIGH,100
changeable crystal necklace,10,HIGH,100
pandora october earrings,10,HIGH,100
pyrite healing bracelet,10,HIGH,100
fashion flower crystal earrings,10,,
swarovski rare hoop earrings,10,HIGH,71
original black obsidian bracelet,10,HIGH,100
statement gold ring men,10,,
best crystal bracelet for protection,10,HIGH,100
evil eye key necklace,10,HIGH,100
jtv cocktail rings,10,HIGH,100
silver multicolor earrings,10,HIGH,100
rennie mackintosh earrings silver,10,,
the turquoise skies,10,LOW,0
david yurman spiritual beads bracelet with black onyx,10,HIGH,100
elisa gold pendant necklace in bronze veined turquoise,10,LOW,0
alltribes turquoise,10,HIGH,91
sweet alhambra heart pendant,10,LOW,0
female vintage turquoise rings,10,LOW,0
alltribes mens turquoise rings,10,MEDIUM,43
elisa gold pendant necklace in bronze veined turquoise magnesite,10,HIGH,100
kendra scott turquoise elisa necklace,10,HIGH,100
sydney evan turquoise necklace,10,HIGH,100
trinity tiger eye bracelet,10,HIGH,100
steel turquoise jewelry,10,HIGH,100
solid gold turquoise necklace,10,HIGH,100
spiritual jewelry wholesale,10,HIGH,100
david yurman mens turquoise bracelet,10,HIGH,100
lagos turquoise caviar bracelet,10,HIGH,67
tiffany t turquoise wire bracelet,10,HIGH,100
glowing moonstone necklace,10,HIGH,81
moonstone meditation ring,10,MEDIUM,50
david yurman november birthstone,10,HIGH,100
turquoise network amazon,10,,
zales turquoise ring,10,HIGH,100
julia roberts turquoise earrings,10,HIGH,100
turquoise infinity necklace,10,HIGH,100
david yurman mens tiger eye bracelet,10,HIGH,93
jared jewelry turquoise,10,HIGH,100
david yurman moonstone pendant,10,HIGH,100
moonstone wedding band set,10,HIGH,100
custom moonstone engagement rings,10,HIGH,100
turquoise 18k gold earrings,10,HIGH,100
cape diablo spiritual jewelry,10,LOW,24
november birthstone pendant necklace,10,LOW,0
triple protection tiger eye bracelet,10,MEDIUM,50
boho ringe silber,10,HIGH,100
turquoise diamond promise ring,10,HIGH,100
buy moonstone ring,10,HIGH,100
gold spiritual necklace,10,HIGH,100
tiger necklace mens,10,HIGH,71
best tiger eye bracelet,10,HIGH,100
trinity tigers eye bracelet,10,HIGH,100
unique moonstone jewelry,10,HIGH,100
turquoise studs gold,10,HIGH,100
rose gold citrine necklace,10,HIGH,100
david yurman moonstone necklace,10,HIGH,100
turquoise wedding ring womens,10,HIGH,100
giveably tiger eye bracelet,10,,
spiritual gold necklace,10,HIGH,100
moonstone magic rings,10,HIGH,100
david yurman spiritual beads bracelet with turquoise,10,HIGH,100
sterling silver hip hop jewelry,10,HIGH,100
mens silver cuff bracelet with turquoise,10,HIGH,100
carnelian necklace real,10,HIGH,100
turquoise wedding rings for her,10,HIGH,100
gold necklace turquoise stone,10,HIGH,100
genuine citrine jewellery,10,HIGH,100
spiritual healing rings,10,HIGH,86
carrie elizabeth moonstone ring,10,HIGH,71
aurora moonstone jewelry,10,HIGH,100
david yurman red tiger eye bracelet,10,HIGH,100
elizabeth locke turquoise earrings,10,HIGH,75
wholesale turquoise jewelry for resale,10,,
citrine studs gold,10,HIGH,100
turquoise bolo bracelet,10,HIGH,100
moonstone necklace and earring set,10,HIGH,100
november birthstone heart necklace,10,HIGH,100
mens wood and turquoise rings,10,HIGH,100
moonstone beads wholesale,10,HIGH,100
kundalini spirit bracelets,10,HIGH,93
irene neuwirth moonstone necklace,10,HIGH,100
turquoise rose gold wedding band,10,HIGH,100
heart carnelian necklace,10,HIGH,100
november birthstone zales,10,HIGH,100
turquoise band ring silver,10,HIGH,100
david yurman lemon citrine necklace,10,HIGH,100
antler and turquoise wedding bands,10,HIGH,100
carnelian fine jewelry,10,HIGH,94
genuine moonstone earrings,10,HIGH,96
sleeping beauty turquoise necklace 14k gold,10,HIGH,100
best moonstone jewelry,10,HIGH,100
tungsten turquoise wedding bands,10,HIGH,100
red carnelian heart necklace,10,HIGH,100
925 silver rings cheap,10,HIGH,100
turquoise anniversary ring,10,HIGH,100
elisa pendant necklace in citrine,10,,
turquoise stud earrings tiffany,10,HIGH,100
citrine jewelry bracelets,10,HIGH,100
kendra scott elisa necklace turquoise,10,HIGH,100
yurman spiritual bead bracelet,10,HIGH,100
turquoise stacking bracelets,10,HIGH,100
citrine and diamond jewelry,10,HIGH,93
spiritual gold jewelry,10,HIGH,100
authentic spiritual jewelry,10,HIGH,100
david yurman spiritual bead necklace with black onyx,10,,
david yurman spiritual beads bracelet with tiger's eye,10,,
real turquoise rings for sale,10,HIGH,79
authentic turquoise wholesale,10,HIGH,100
turquoise and antler ring,10,HIGH,100
genuine turquoise jewelry wholesale,10,HIGH,100
bulova tiger eye bracelet,10,HIGH,100
moonstone smykker,10,LOW,29
citrine stud earrings white gold,10,HIGH,100
citrine bolo bracelet,10,,
david yurman lemon citrine earrings,10,HIGH,100
love moonstone necklace,10,,
turquoise squash blossom necklace for sale,10,HIGH,100
citrine flower pendant,10,HIGH,100
turquoise jewelry mens rings,10,HIGH,100
gold necklace with november birthstone,10,HIGH,100
custom tiger eye bracelet,10,HIGH,100
14k gold citrine stud earrings,10,HIGH,79
spiritual beads bracelet with black onyx,10,MEDIUM,40
tiger eye rings for sale,10,HIGH,100
verlobungsringe boho,10,,
9ct gold turquoise ring,10,MEDIUM,58
wholesale turquoise rings,10,HIGH,100
white gold and turquoise wedding band,10,HIGH,100
14k rose gold moonstone ring,10,HIGH,100
moonstone and moissanite ring,10,HIGH,100
moonstone june birthstone necklace,10,HIGH,100
citrine jewelry amazon,10,LOW,0
best quality turquoise jewelry,10,HIGH,100
greta louise signature moonstone necklace,10,,
real turquoise jewelry earrings,10,HIGH,100
navajo rings for sale,10,HIGH,100
david yurman black onyx bead bracelet,10,HIGH,100
women's carnelian bracelet,10,HIGH,100
mens sterling silver turquoise bracelet,10,HIGH,100
donna otteson jewelry,10,HIGH,92
silver turquoise rings womens,10,HIGH,100
alexandrite moonstone and pearl ring,10,HIGH,100
9ct gold moonstone ring,10,HIGH,100
john hardy citrine bracelet,10,HIGH,100
emerald cut citrine necklace,10,HIGH,100
real turquoise jewelry wholesale,10,HIGH,100
large 925 silver hoop earrings,10,HIGH,100
david yurman 925 ti,10,HIGH,100
diamond and turquoise circle pendant,10,,
turquoise signet ring mens,10,HIGH,100
citrine gemstone earrings,10,HIGH,100
spiritual jewelry website,10,,
citrine flower necklace,10,HIGH,100
high end moonstone jewelry,10,HIGH,100
women's healing stone bracelets,10,HIGH,71
joancee round cut white sapphire,10,,
turquoise initial letter necklace,10,HIGH,100
turquoise heart gold necklace,10,HIGH,95
mens turquoise engagement rings,10,HIGH,100
real citrine crystal necklace,10,HIGH,100
blu boho rings,10,,
tiger's eye obsidian hematite bracelet,10,HIGH,80
18k gold turquoise earrings,10,HIGH,100
large tiger eye bracelet,10,HIGH,100
s925 diamond engagement ring,10,HIGH,100
tiger eye skull bracelet,10,HIGH,100
turquoise enamel necklace,10,HIGH,100
rose gold and turquoise wedding band,10,HIGH,100
teardrop moonstone engagement ring,10,HIGH,100
moonstone bracelets for sale,10,HIGH,100
moonstone necklace for sale,10,HIGH,100
david yurman turquoise spiritual bead bracelet,10,,
pandora necklace november birthstone,10,LOW,0
sleeping beauty turquoise tennis bracelet,10,HIGH,100
moonstone jewelry amazon,10,HIGH,100
real healing stone bracelets,10,HIGH,100
white buffalo turquoise engagement ring,10,HIGH,100
hexagon moonstone engagement ring,10,HIGH,100
kendra scott turquoise hoop earrings,10,HIGH,100
turquoise clover pendant,10,HIGH,100
new beginnings crystal bracelet,10,MEDIUM,52
triple tiger eye bracelet,10,HIGH,100
spiritual stones bracelets,10,,
mens turquoise bracelets for sale,10,HIGH,100
pomellato turquoise ring,10,HIGH,100
cheap silver 925 jewelry,10,,
kendra scott citrine earrings,10,HIGH,100
tiger eye and lava stone bead mens bracelet,10,HIGH,100
david yurman champagne citrine earrings,10,HIGH,100
december birthstone turquoise jewelry,10,LOW,0
turquoise sea turtle necklace,10,HIGH,100
spiritual fine jewelry,10,HIGH,100
tiger beaded earrings,10,HIGH,100
alex and ani turquoise bracelet,10,HIGH,100
wood turquoise mens ring,10,HIGH,100
citrine necklace with diamonds,10,HIGH,100
tiger eye agate bracelet,10,HIGH,67
rose gold citrine earrings,10,LOW,0
june moonstone necklace,10,HIGH,100
david yurman red coral spiritual bead bracelet,10,HIGH,100
sterling silver spiritual jewelry,10,HIGH,67
turquoise lightning bolt earrings,10,HIGH,89
turquoise and sapphire necklace,10,HIGH,100
tiger eye earrings studs gold,10,MEDIUM,50
925 ec diamond ring,10,HIGH,100
gold chain with turquoise pendant,10,HIGH,100
kiki mcdonough citrine earrings,10,HIGH,100
female turquoise wedding ring,10,HIGH,67
moonstone necklace for him,10,,
david yurman citrine jewelry,10,HIGH,75
moonstone necklace pandora,10,HIGH,100
enchanted moonstone necklace amazon,10,HIGH,100
fine turquoise rings,10,MEDIUM,50
citrine solitaire necklace,10,HIGH,100
925 silver fidget ring,10,HIGH,100
buy tiger eye bracelet,10,HIGH,100
quality moonstone jewelry,10,HIGH,100
tiger eye womens bracelet,10,,
citrine post earrings,10,HIGH,100
carnelian heart necklace silver,10,HIGH,100
mens wedding band with moonstone,10,HIGH,100
harlembling 925,10,HIGH,100
citrine pear drop earrings,10,LOW,0
blue topaz and citrine necklace,10,HIGH,100
stunning turquoise jewellery,10,,
swarovski citrine necklace,10,HIGH,100
buy citrine bracelet,10,HIGH,100
pear moonstone engagement ring,10,HIGH,100
tiger eye stone mens bracelet,10,HIGH,100
genuine turquoise bead bracelet,10,HIGH,100
best moonstone rings,10,HIGH,100
turquoise jewelry from 1970s,10,HIGH,100
turquoise healing bracelet,10,HIGH,100
agate and tiger eye bracelet,10,,
alex and ani spiritual armor bracelet,10,HIGH,100
citrine pendant necklace sterling silver,10,,
spiritual rings for sale,10,,
turquoise deer antler ring,10,HIGH,100
sapphire and turquoise jewelry,10,HIGH,100
tiger's eye and brown leather bracelet,10,HIGH,100
turquoise heart necklace with diamonds,10,HIGH,79
buddha to buddha turquoise,10,LOW,0
black onyx tiger eye bracelet,10,HIGH,100
bulgari turquoise necklace,10,HIGH,70
david yurman carnelian ring,10,HIGH,100
kay jewelers tiger eye,10,,
tiger eye jewelry women's,10,HIGH,100
thin turquoise bracelet,10,HIGH,100
best place to buy moonstone jewelry,10,HIGH,100
citrine solitaire pendant,10,HIGH,100
tiger eye bracelets for sale,10,HIGH,100
citrine bar necklace,10,HIGH,100
mens genuine turquoise rings,10,HIGH,100
turquoise bead gold necklace,10,HIGH,100
small turquoise heart necklace,10,HIGH,100
jtv southwest rings,10,HIGH,100
neiman marcus turquoise earrings,10,HIGH,100
citrine rose gold necklace,10,HIGH,100
turquoise rope bracelet,10,HIGH,100
tiffany turquoise heart earrings,10,HIGH,100
real indian turquoise jewelry,10,HIGH,95
14k turquoise bracelet,10,HIGH,96
citrine pearl earrings,10,HIGH,100
rose gold ring with turquoise stone,10,HIGH,100
healing stones and crystals bracelets,10,HIGH,100
turquoise beaded necklace choker,10,HIGH,100
onyx and tiger eye necklace,10,HIGH,95
925 silver earrings online,10,HIGH,100
genuine turquoise cuff bracelet,10,HIGH,100
gold moon stone ring,10,HIGH,100
quality turquoise rings,10,HIGH,100
etsy mens turquoise ring,10,HIGH,93
citrine and diamond stud earrings,10,HIGH,100
ss 925 ring with diamonds,10,HIGH,71
carnelian necklace heart,10,HIGH,100
citrine and blue topaz jewelry,10,HIGH,67
turquoise earrings set in gold,10,HIGH,100
turquoise screw back earrings,10,HIGH,100
david yurman lemon citrine bracelet,10,HIGH,100
initial necklace turquoise,10,HIGH,100
real spiritual jewelry,10,HIGH,100
tigers eye ring ladies,10,LOW,0
band turquoise rings for women,10,HIGH,100
pomellato moonstone ring,10,HIGH,100
moonstone chakra bracelet,10,HIGH,100
jtv sleeping beauty turquoise jewelry,10,HIGH,100
turquoise ball drop earrings,10,HIGH,86
red tiger bracelet,10,HIGH,100
moonstone ring harlow,10,MEDIUM,50
lagos turquoise ring,10,HIGH,100
spiritual healing necklaces,10,LOW,0
best turquoise rings,10,HIGH,93
western turquoise earrings studs,10,HIGH,100
leather mens tiger eye bracelet,10,HIGH,100
turquoise cross necklace mens,10,HIGH,100
turquoise choker western,10,HIGH,100
jared moonstone ring,10,HIGH,100
zircon tanzanite and turquoise jewelry,10,LOW,0
native american turquoise dangle earrings,10,HIGH,100
tiger eye bracelet original price,10,HIGH,100
real tiger eye stone bracelet,10,HIGH,100
moonstone and pearl bracelet,10,HIGH,100
jtv spiny oyster jewelry,10,HIGH,100
large turquoise drop earrings,10,HIGH,100
second hand turquoise jewellery,10,HIGH,100
hawaiian turquoise jewelry,10,HIGH,100
turquoise hamsa hand necklace,10,HIGH,100
sleeping beauty turquoise hoop earrings,10,HIGH,100
gold plated turquoise earrings,10,HIGH,100
14k gold tiger eye bracelet,10,HIGH,93
moonstone jewelry store,10,HIGH,100
african spiritual bracelets,10,,
turquoise m necklace,10,HIGH,100
tiger eye wrap bracelet,10,HIGH,100
turquoise four leaf clover necklace,10,HIGH,100
eamti amazon,10,MEDIUM,40
garnet and turquoise necklace,10,HIGH,100
men's eye bracelet,10,HIGH,100
tiffany turquoise bead bracelet,10,HIGH,100
yellowstone turquoise jewelry,10,HIGH,100
designer moonstone jewelry,10,HIGH,100
moonstone mothers ring,10,HIGH,100
mens cross necklace with turquoise,10,HIGH,100
rose gold moonstone pendant,10,HIGH,100
turquoise studs silver,10,HIGH,100
real silver turquoise rings,10,HIGH,100
blue tiger bracelet,10,HIGH,100
moonstone ring fine jewelry,10,HIGH,100
otteson turquoise jewelry store,10,,
silver rings 925 sterling,10,HIGH,75
small turquoise drop earrings,10,HIGH,100
citrine necklace amazon,10,MEDIUM,55
spiritual ankle bracelet,10,HIGH,100
moonstone stud earrings white gold,10,,
blue topaz and turquoise rings,10,,
moonstone and rose quartz ring,10,HIGH,100
twinkling tree moonstone necklace,10,HIGH,100
citrine topaz pendant,10,HIGH,100
genuine carnelian ring,10,HIGH,80
short turquoise necklace,10,HIGH,100
genuine carnelian jewelry,10,HIGH,100
pendant citrine necklace,10,HIGH,100
celtic moonstone jewelry,10,HIGH,100
citrine crystal pendant necklace,10,MEDIUM,50
pearl moonstone alexandrite jewelry,10,HIGH,100
moonstone bracelet mens,10,MEDIUM,66
green turquoise drop earrings,10,LOW,20
degs and sal turquoise necklace,10,HIGH,100
champagne citrine earrings,10,HIGH,100
carnelian heart necklace gold,10,,
mens gold tiger ring,10,HIGH,75
irene neuwirth moonstone,10,HIGH,100
moonstone crescent necklace,10,HIGH,100
citrine and diamond drop earrings,10,HIGH,100
tribal turquoise jewelry,10,HIGH,99
bbj 925 diamond ring,10,HIGH,100
david yurman black onyx spiritual bead bracelet,10,HIGH,100
november birthstone necklace and earrings,10,HIGH,100
925 rings with stones,10,,
vintage native american turquoise earrings,10,HIGH,89
safira 925 ring,10,,
925 rings for sale,10,HIGH,100
lucifer vir honestus moonstone ring,10,,
bead bracelets healing stones,10,HIGH,100
spiritual necklace beads,10,HIGH,78
ruby and turquoise necklace,10,HIGH,100
en route carnelian necklace,10,HIGH,100
pearl and citrine earrings,10,HIGH,100
large turquoise initial necklace,10,HIGH,100
turquoise heart stud earrings,10,HIGH,87
black and turquoise mens ring,10,HIGH,100
green citrine earrings,10,HIGH,100
wholesale moonstone rings,10,HIGH,100
jtv sleeping beauty turquoise bracelet,10,HIGH,100
men spiritual bracelets,10,HIGH,100
expensive moonstone ring,10,HIGH,100
14k citrine necklace,10,HIGH,100
turquoise k necklace,10,HIGH,100
buy real turquoise,10,HIGH,100
mens gold ring with tiger's eye,10,HIGH,100
natural blue tiger eye bracelet,10,HIGH,100
best spiritual jewelry,10,HIGH,100
carnelian mens bracelet,10,HIGH,100
van cleef & arpels turquoise clover necklace,10,HIGH,100
tateossian tiger eye bracelet,10,,
moonstone princess cut ring,10,HIGH,100
amazon prime turquoise jewelry,10,MEDIUM,48
squash blossom necklace real,10,HIGH,100
round cut white sapphire 925 sterling silver halo engagement rings,10,,
jtv moonstone,10,MEDIUM,57
cheap 925 rings,10,HIGH,100
elegant turquoise earrings,10,HIGH,100
december birthstone rings amazon,10,HIGH,100
genuine tiger eye necklace,10,HIGH,100
moonstone cartilage earring,10,HIGH,100
pear shaped citrine earrings,10,HIGH,100
john hardy citrine,10,HIGH,100
turquoise quatrefoil necklace,10,,
spiritual crystal rings,10,HIGH,100
turquoise ring for ladies,10,HIGH,100
orange citrine bracelet,10,HIGH,100
buy moonstone necklace,10,HIGH,100
band 925 sterling silver rings,10,HIGH,100
spiritual bracelets for couples,10,,
cancer moonstone necklace,10,HIGH,100
real citrine pendant,10,HIGH,100
moonstone cremation jewelry,10,HIGH,100
buy turquoise ring,10,HIGH,100
tiffany citrine bracelet,10,,
turquoise creative 3 piece ring,10,,
turquoise glass earrings,10,HIGH,82
925 silver thumb ring,10,HIGH,100
evil eye turquoise ring,10,HIGH,100
cheap turquoise jewelry wholesale,10,,
turquoise bracelet pandora,10,HIGH,100
moonstone post earrings,10,HIGH,100
turquoise dangle earrings large,10,,
kay jewelers november birthstone necklace,10,HIGH,100
925 ud ring diamond,10,,
moonstone ring with diamond halo,10,HIGH,100
turquoise bead necklace mens,10,HIGH,75
metaphysical bracelets,10,HIGH,100
sleeping beauty hoop earrings,10,HIGH,100
mens tiger eye pinky ring,10,HIGH,100
925 earring with diamonds,10,HIGH,100
925 silver diamond engagement rings,10,,
buy turquoise bracelet,10,,
fancy turquoise jewelry,10,HIGH,100
silver hoops with turquoise,10,HIGH,100
moonstone birthstone bracelet,10,HIGH,100
best citrine bracelet,10,HIGH,100
citrine gemstones for sale,10,HIGH,100
925 silver hug ring,10,HIGH,100
moonstone mens wedding ring,10,HIGH,100
turquoise jewelry rings sterling silver,10,HIGH,100
citrine rectangle ring,10,HIGH,100
20 carat citrine ring,10,HIGH,100
pear shaped citrine pendant,10,HIGH,100
spiritual necklaces beads,10,LOW,8
turquoise button earrings,10,,
turquoise and diamond eternity band,10,HIGH,100
citrine stone ring price,10,HIGH,75
turquoise and spiny oyster jewelry,10,HIGH,100
ugly otter turquoise jewelry,10,HIGH,100
carnelian crystal earrings,10,HIGH,100
western turquoise stud earrings,10,HIGH,100
turquoise bead bracelet mens,10,HIGH,100
david yurman spiritual necklace,10,HIGH,100
princess cut white sapphire 925 sterling silver bridal sets,10,HIGH,100
925 lab diamond,10,HIGH,100
jtv madeira citrine gold jewelry,10,HIGH,100
turquoise cow tag necklace,10,HIGH,100
metaphysical jewelry wholesale,10,MEDIUM,57
moonstone leverback earrings,10,HIGH,100
van cleef and arpels carnelian necklace,10,HIGH,100
citrine healing bracelet,10,LOW,0
psychic protection necklace,10,,
14k yellow gold citrine bracelet,10,LOW,29
ring 925 silver price,10,LOW,25
rose gold november birthstone ring,10,HIGH,100
fry powers turquoise and malachite rope necklace,10,,
imitation turquoise jewelry,10,HIGH,100
925 silver septum ring,10,HIGH,100
925 silver adjustable ring,10,HIGH,100
citrine november birthstone necklace,10,LOW,0
moonstone threader earrings,10,HIGH,100
healing crystal bracelets near me,10,HIGH,100
goddess moonstone ring,10,HIGH,100
alex and ani spiritual bracelets,10,,
genuine squash blossom necklace,10,HIGH,100
silver bracelet turquoise stone,10,HIGH,100
signet ring tigers eye,10,HIGH,100
moonstone and diamond jewelry,10,HIGH,100
carnelian gemstone bracelet,10,HIGH,100
925 silver custom jewelry,10,HIGH,100
etsy citrine jewelry,10,LOW,25
925 ste bee earrings,10,LOW,0
tiffany moonstone earrings,10,HIGH,100
925 fidget ring,10,LOW,25
carnelian necklace for men,10,HIGH,100
spiritual charms wholesale,10,HIGH,100
multicolor turquoise jewelry,10,HIGH,100
tiger eye dangle earrings,10,HIGH,100
diamond and citrine eternity band,10,HIGH,100
shophq turquoise jewelry,10,LOW,0
cliffario,10,LOW,7
14k white gold citrine ring,10,HIGH,100
sterling silver ring with citrine stone,10,HIGH,100
couple rings 925 silver,10,HIGH,100
david yurman moonstone earrings,10,HIGH,100
moonstone goddess necklace,10,,
mens tiger eye rings for sale,10,HIGH,100
the enchanted moonstone necklace,10,HIGH,100
boruo rings,10,LOW,29
buy turquoise earrings,10,HIGH,100
turquoise string bracelet,10,HIGH,100
natural moonstone engagement ring,10,HIGH,71
tiger evil eye bracelet,10,,
tiger eye healing bracelet,10,HIGH,98
mens silver and turquoise wedding rings,10,HIGH,100
citrine infinity necklace,10,HIGH,100
glamira 925,10,LOW,14
925 silver pinky ring,10,HIGH,100
silver feather earrings with turquoise,10,HIGH,100
levian turquoise earrings,10,HIGH,100
tigers eye mens ring silver,10,HIGH,100
twinkling tree enchanted moonstone necklace,10,HIGH,100
turquoise ball stud earrings,10,HIGH,100
f925 earring,10,,
tiffany t bracelet turquoise,10,HIGH,89
turquoise blue heart necklace,10,HIGH,100
buy moonstone pendant,10,,
moonstone earrings pandora,10,,
mens turquoise arrowhead necklace,10,HIGH,100
copper and turquoise cuff bracelet,10,HIGH,100
carnelian bracelet gold,10,HIGH,100
amethyst and turquoise bracelet,10,HIGH,100
kohls turquoise earrings,10,LOW,21
anna beck turquoise earrings,10,HIGH,100
925 cz diamond ring,10,HIGH,100
025 silver ring,10,LOW,0
10 november birthstone,10,LOW,0
10k tiger eye ring,10,HIGH,100
10k white gold citrine ring,10,HIGH,100
14k 925 silver ring,10,HIGH,100
14k carnelian ring,10,HIGH,100
14k citrine pendant,10,HIGH,100
14k moonstone earrings,10,HIGH,100
14k rose gold chocolate moonstone cabochon ring,10,,
14k tiger eye earrings,10,HIGH,100
14k turquoise pendant,10,HIGH,100
14k yellow gold citrine earrings,10,HIGH,71
14k yellow gold citrine stud earrings,10,HIGH,71
188 cn 925 silver,10,LOW,0
188cn 925,10,MEDIUM,64
18k green gold hammered citrine cabochon ring,10,,
18k moonstone ring,10,,
18k yellow gold chocolate moonstone bezel cabochon necklace,10,,
18k yellow gold gray moonstone cabochon pendant,10,,
18k yellow gold green & honey moonstone bezel cabochon necklace,10,HIGH,100
18k yellow gold moonstone dangle earrings,10,,
18k yellow gold olive green moonstone cabochon ring,10,,
18k yellow gold orange moonstone triple drop dangle earrings,10,,
18k yellow gold orange triple drop moonstone necklace,10,,
1960 squash blossom necklace,10,MEDIUM,52
1bbcn 925,10,,
2 carat citrine ring,10,HIGH,100
2 carat moonstone engagement ring,10,HIGH,100
3 november birthstone,10,LOW,0
30 carat citrine ring,10,,
3ss3 925 ring,10,LOW,0
4 carat citrine stone,10,HIGH,100
5 carat moonstone ring,10,HIGH,100
6 a 925 ring,10,,
7 chakra bracelet with tiger's eye,10,,
9 a 925 ring,10,LOW,14
9 november birthstone,10,HIGH,100
92.5 silver ring price,10,MEDIUM,43
92.5 sterling silver ring,10,HIGH,94
925 3ss3 ring,10,LOW,0
925 8 nv ring,10,HIGH,78
925 8 ring,10,HIGH,67
925 adjustable ring,10,HIGH,100
925 amber ring,10,HIGH,100
925 aquamarine ring,10,HIGH,100
925 bc ring,10,LOW,0
925 biker rings,10,HIGH,100
925 blue sapphire ring,10,HIGH,100
925 blue topaz ring,10,HIGH,100
925 bridal set,10,,
925 c diamond,10,LOW,0
925 c ec ring cz,10,,
925 cna silver ring,10,LOW,29
925 couple rings,10,HIGH,100
925 crown ring,10,HIGH,100
925 cz hallmark,10,LOW,0
925 dragon ring,10,HIGH,83
925 ec cz ring,10,HIGH,100
925 ec silver ring,10,MEDIUM,43
925 elephant ring,10,HIGH,82
925 emerald,10,LOW,25
925 fc silver ring,10,LOW,0
925 fc wedding band,10,HIGH,67
925 fzn in,10,LOW,10
925 garnet ring,10,HIGH,100
925 gha silver ring,10,,
925 gnd silver ring,10,,
925 hallmark on silver ring,10,LOW,0
925 han ring,10,LOW,0
925 han thai diamond ring,10,,
925 inside ring band,10,LOW,6
925 italy silver earrings,10,HIGH,100
925 italy silver ring,10,HIGH,89
925 james avery ring,10,HIGH,79
925 k ring,10,HIGH,86
925 k silver ring,10,,
925 ks ring,10,LOW,21
925 la silver ring,10,,
925 la stamped on ring,10,LOW,0
925 lath ring,10,LOW,29
925 lind diamond ring,10,HIGH,100
925 lind silver ring,10,,
925 ls ring,10,,
925 marcasite ring,10,HIGH,100
925 marking on a ring,10,LOW,0
925 mens wedding band,10,HIGH,100
925 mo silver ring,10,,
925 nike ring,10,,
925 nvc 10 ring,10,MEDIUM,46
925 nvc 7,10,LOW,0
925 nvc 9,10,LOW,14
925 onyx ring,10,HIGH,100
925 p silver ring,10,,
925 pc ring,10,LOW,0
925 peridot ring,10,HIGH,100
925 poison ring,10,HIGH,100
925 pscl,10,LOW,0
925 ravoy ring,10,LOW,8
925 ring set,10,MEDIUM,60
925 ring silver price,10,LOW,0
925 ring with black stone,10,HIGH,86
925 ring with blue stone,10,HIGH,100
925 ring with purple stone,10,LOW,0
925 rings cheap,10,,
925 rj 5 ring,10,MEDIUM,50
925 rj 6 ring,10,LOW,0
925 rl cz ring,10,,
925 rt ring,10,LOW,0
925 ruby,10,LOW,12
925 sai silver ring,10,,
925 silver amber ring,10,HIGH,100
925 silver blue sapphire ring,10,HIGH,67
925 silver butterfly ring,10,HIGH,67
925 silver couple ring price,10,,
925 silver cross ring,10,HIGH,100
925 silver crown ring,10,HIGH,100
925 silver earrings wholesale,10,LOW,29
925 silver engagement ring set,10,HIGH,100
925 silver evil eye ring,10,HIGH,100
925 silver flower ring,10,HIGH,100
925 silver garnet ring,10,HIGH,75
925 silver gemstone rings,10,HIGH,100
925 silver gold plated earrings,10,HIGH,70
925 silver gold plated ring,10,HIGH,93
925 silver gothic rings,10,HIGH,100
925 silver infinity ring,10,HIGH,100
925 silver keeper ring,10,,
925 silver ladies ring,10,LOW,29
925 silver lion ring,10,HIGH,100
925 silver moonstone ring,10,HIGH,100
925 silver pandora ring,10,,
925 silver pearl ring,10,HIGH,100
925 silver plated ring,10,HIGH,100
925 silver ring amazon,10,HIGH,80
925 silver ring black stone,10,HIGH,100
925 silver ring set,10,HIGH,100
925 silver ring with 3 diamonds,10,HIGH,71
925 silver ring with black stone,10,HIGH,100
925 silver ring with blue sapphire,10,HIGH,100
925 silver ring with blue stone,10,MEDIUM,63
925 silver ring with green stone,10,HIGH,100
925 silver ring with pearl,10,HIGH,100
925 silver ring with red stone,10,HIGH,67
925 silver ring with stone,10,HIGH,88
925 silver rings ebay,10,HIGH,100
925 silver rings online,10,,
925 silver rose ring,10,HIGH,100
925 silver sapphire ring,10,HIGH,100
925 silver spinner ring,10,HIGH,95
925 silver tortoise ring,10,,
925 silver wave ring,10,HIGH,100
925 silver women's ring,10,HIGH,100
925 six ring,10,LOW,21
925 sl ring,10,LOW,0
925 spoon ring,10,HIGH,100
925 stauer,10,LOW,1
925 stebee,10,LOW,21
925 sterling silver celtic ring,10,HIGH,100
925 sterling silver cluster rings,10,,
925 sterling silver crown ring,10,HIGH,100
925 sterling silver elephant ring,10,HIGH,100
925 sterling silver eternity ring,10,HIGH,68
925 sterling silver feather ring,10,HIGH,100
925 sterling silver filigree rings,10,,
925 sterling silver flower ring,10,HIGH,83
925 sterling silver gold plated ring,10,HIGH,100
925 sterling silver halo ring,10,LOW,29
925 sterling silver keeper ring,10,,
925 sterling silver masonic rings,10,,
925 sterling silver princess crown ring,10,HIGH,100
925 sterling silver ring with green stone,10,HIGH,100
925 sterling silver rings online,10,,
925 sterling silver rose ring,10,HIGH,100
925 sterling silver snowflake ring,10,,
925 sterling silver sunflower ring,10,HIGH,67
925 sterling silver tree of life ring,10,HIGH,100
925 sterling silver wave ring,10,HIGH,100
925 sterling silver white sapphire ring,10,HIGH,100
925 su ring,10,LOW,0
925 swarovski ring,10,,
925 tgi ring,10,HIGH,100
925 tma ring,10,MEDIUM,42
925 vintage silver ring,10,HIGH,100
925 white sapphire ring,10,HIGH,100
925 ygi,10,LOW,8
9ct gold citrine earrings,10,LOW,0
9ct yellow gold citrine ring,10,,
a 925 silver ring,10,LOW,0
a carnelian necklace,10,HIGH,100
a ring that says 925,10,MEDIUM,57
addison's moonstone necklace,10,LOW,11
adornia moonstone earrings,10,HIGH,100
affordable moonstone rings,10,HIGH,89
african spiritual necklaces,10,,
ag tiger eye stone stainless steel bracelet,10,,
agate tiger bracelet,10,,
alex and ani 925 ring,10,HIGH,100
alex and ani tiger eye bracelet,10,HIGH,100
alex sepkus moonstone ring,10,HIGH,100
alexandrite moonstone pearl,10,HIGH,100
aliexpress 925 sterling silver rings,10,,
amazon com turquoise jewelry,10,HIGH,76
amazon eamti,10,LOW,21
amber and turquoise earrings,10,HIGH,100
american swiss anklets,10,,
amethyst and moonstone pendant,10,HIGH,100
amethyst moonstone bracelet,10,MEDIUM,39
amethyst moonstone engagement ring,10,HIGH,100
amg 925 diamond ring,10,LOW,0
amg 925 silver ring,10,,
ania haie turquoise,10,HIGH,100
anna sheffield moonstone ring,10,MEDIUM,57
antique art deco 925 sterling silver sapphire diamond ring,10,,
antique moonstone jewelry for sale,10,,
antique moonstone rings for sale,10,HIGH,100
anushka sharma silver zircon leaf ring,10,,
anxiety ring 925,10,LOW,0
apache blue turquoise ring,10,HIGH,100
arizona mens turquoise rings,10,HIGH,100
art deco carnelian necklace,10,,
art deco moonstone engagement ring,10,HIGH,100
as 925 ring,10,MEDIUM,33
asian turquoise,10,LOW,27
authentic carnelian bracelet,10,HIGH,100
authentic carnelian jewelry,10,HIGH,80
authentic carnelian necklace,10,HIGH,100
authentic carnelian ring,10,,
authentic healing stone jewelry,10,MEDIUM,43
authentic tiger eye beads,10,HIGH,100
authentic tiger eye necklace,10,HIGH,100
aventurine and citrine bracelet,10,HIGH,80
avon tiger eye necklace,10,HIGH,95
avon tiger necklace,10,HIGH,100
b 925 ring,10,,
badlands eden brass earrings,10,LOW,14
band moonstone ring,10,HIGH,100
baroque the spell pink ring paparazzi,10,,
baroque the spell red ring paparazzi,10,,
be 925 ring,10,HIGH,90
bear claw necklace with turquoise,10,HIGH,100
beautiful moonstone ring,10,HIGH,89
beautiful turquoise earrings,10,HIGH,100
bella swan moon ring,10,MEDIUM,50
bella swan turquoise cuff bracelet,10,HIGH,73
best carnelian necklace,10,,
best healing stone bracelets,10,,
best quality turquoise stone,10,HIGH,100
best spiritual protection necklace,10,HIGH,100
beverly hills silver 925 ring,10,MEDIUM,45
black 925 sterling silver,10,HIGH,100
black hills gold turquoise ring,10,HIGH,100
black hills gold with turquoise,10,HIGH,100
black onyx and tiger eye necklace,10,HIGH,100
black owned spiritual jewelry,10,,
black tiger bracelet,10,HIGH,100
black tourmaline and tiger eye bracelet,10,HIGH,100
blackjack tiger eye bracelet,10,HIGH,100
blu boho earrings,10,HIGH,100
blue moonstone bracelet paparazzi,10,LOW,0
blue moonstone drop earrings,10,HIGH,100
blue moonstone earrings paparazzi,10,MEDIUM,37
blue moonstone necklace paparazzi,10,MEDIUM,60
blue moonstone ring paparazzi,10,LOW,14
blue moonstone stud earrings,10,HIGH,100
blue sapphire and citrine ring,10,HIGH,100
blue tiger's eye protection bracelet,10,LOW,0
blue topaz 925 ring,10,HIGH,100
blue topaz and citrine earrings,10,HIGH,67
blue turquoise pendant necklace,10,HIGH,100
blue turquoise stone necklace,10,HIGH,100
blue turquoise stud earrings,10,HIGH,100
bluejoy turquoise,10,HIGH,82
boho blossom red paparazzi,10,,
boho ring set gold,10,HIGH,100
boho ring set sterling silver,10,HIGH,100
boho septum,10,HIGH,75
boho silver ring set,10,HIGH,75
bold turquoise,10,LOW,0
boucheron tiger ring,10,,
boulder turquoise bracelet,10,HIGH,100
boulder turquoise necklace,10,HIGH,100
bracelet eye of the tiger,10,,
bracelet eyes blue,10,,
bracelet heishi turquoise,10,,
bracelet howlite turquoise,10,HIGH,100
braided moonstone bracelet,10,,
brazilian citrine ring,10,HIGH,100
brown eye necklace,10,HIGH,100
brown moonstone necklace paparazzi,10,LOW,24
brown moonstone ring paparazzi,10,LOW,31
buy carnelian necklace,10,,
buy carnelian ring,10,HIGH,100
buy citrine gemstone,10,,
buy moonstone beads,10,HIGH,100
buy moonstone jewelry,10,HIGH,100
bvlgari 925 silver ring,10,MEDIUM,60
bvlgari tiger necklace,10,HIGH,100
c 925 ring,10,HIGH,88
ca 925 stamped on a ring,10,,
cabochon moonstone earrings,10,HIGH,100
calvin klein moonstone ring,10,,
canyon sky jewelry turquoise,10,HIGH,100
carat 925,10,,
carlo viani turquoise jewelry,10,LOW,0
carnelian agate pendant,10,LOW,0
carnelian and diamond ring,10,HIGH,100
carnelian and moonstone bracelet,10,HIGH,100
carnelian and peridot necklace,10,HIGH,100
carnelian and rose quartz together necklace,10,,
carnelian and turquoise necklace,10,HIGH,100
carnelian ankle bracelet,10,,
carnelian anklet bracelet,10,HIGH,100
carnelian aqiq ring set,10,,
carnelian belly ring,10,HIGH,100
carnelian bracelet amazon,10,HIGH,89
carnelian bracelet etsy,10,HIGH,100
carnelian bracelet real,10,HIGH,100
carnelian bubble ring,10,,
carnelian chain,10,HIGH,100
carnelian cocktail ring,10,HIGH,100
carnelian cross necklace,10,HIGH,100
carnelian crystal choker,10,,
carnelian crystal heart necklace,10,HIGH,100
carnelian crystal necklace etsy,10,HIGH,100
carnelian crystal necklace gold chain,10,,
carnelian crystal necklace near me,10,HIGH,100
carnelian crystal necklace real,10,HIGH,100
carnelian crystal pendant necklace,10,,
carnelian crystal point necklace,10,,
carnelian crystal ring real,10,,
carnelian cuff bracelet,10,LOW,0
carnelian donut pendant,10,HIGH,100
carnelian fertility bracelet,10,HIGH,100
carnelian flower necklace,10,HIGH,67
carnelian gold jewelry,10,HIGH,100
carnelian hematite bracelet,10,HIGH,100
carnelian jewelry amazon,10,MEDIUM,64
carnelian jewelry etsy,10,LOW,14
carnelian jewelry for sale,10,HIGH,100
carnelian jewelry set,10,HIGH,100
carnelian locket,10,HIGH,67
carnelian necklace amazon,10,HIGH,83
carnelian necklace authentic,10,HIGH,100
carnelian necklace cheap,10,,
carnelian necklace crystal,10,,
carnelian necklace crystal shop,10,,
carnelian necklace etsy,10,HIGH,100
carnelian necklace for sale,10,,
carnelian necklace in store,10,,
carnelian necklace men,10,HIGH,100
carnelian necklace price,10,,
carnelian necklace real crystal,10,,
carnelian necklace shein,10,,
carnelian nose ring,10,HIGH,100
carnelian pendant necklace gold,10,HIGH,100
carnelian pendulum necklace,10,HIGH,100
carnelian pixiu bracelet,10,MEDIUM,50
carnelian point necklace,10,HIGH,100
carnelian point pendant,10,HIGH,100
carnelian ring for sale,10,HIGH,100
carnelian ring price,10,,
carnelian ring real,10,HIGH,100
carnelian rings etsy,10,HIGH,100
carnelian rose quartz necklace,10,,
carnelian scarab ring,10,HIGH,90
carnelian seal ring,10,HIGH,100
carnelian spiral necklace,10,,
carnelian spiral wrapped necklace,10,,
carnelian stone ring price,10,,
carnelian stone ring sterling silver,10,,
carnelian stretch bracelet,10,HIGH,100
carnelian sun necklace,10,HIGH,89
carnelian turquoise necklace,10,HIGH,100
carnelian wire wrapped necklace,10,HIGH,100
carnelian wrapped necklace,10,,
carnelian wrapped pendant,10,,
carnelian wrapped pendant necklace,10,HIGH,100
carrie bradshaw turquoise necklace,10,HIGH,100
carrie elizabeth moonstone necklace,10,HIGH,100
carved carnelian necklace,10,HIGH,88
carved moonstone face ring,10,HIGH,100
carved moonstone jewelry,10,HIGH,100
carved tiger eye pendant,10,HIGH,100
cc 925 diamond ring,10,HIGH,100
celine 925 ring,10,MEDIUM,33
celtic moonstone earrings,10,HIGH,100
certified moonstone ring,10,HIGH,100
certified turquoise stone,10,HIGH,100
chakra bracelet tiger eye,10,HIGH,100
chakra healing stones necklace,10,MEDIUM,51
chakra tiger eye bracelet,10,HIGH,75
chaumet turquoise earrings,10,,
cheap carnelian necklace,10,,
cheap citrine necklace,10,HIGH,100
cheap citrine ring,10,,
cheap moonstone jewelry,10,HIGH,67
cheap moonstone necklace,10,HIGH,100
cheap navajo jewelry,10,HIGH,100
cheap squash blossom necklace,10,HIGH,100
chocolate moonstone necklace,10,HIGH,100
choker citrine necklace,10,HIGH,100
chunky citrine necklace,10,HIGH,100
chunky turquoise and silver necklace,10,HIGH,100
citrine 10k gold ring,10,HIGH,100
citrine and amethyst pendant,10,HIGH,100
citrine and aventurine bracelet,10,HIGH,97
citrine and carnelian necklace,10,LOW,27
citrine and clear quartz bracelet,10,HIGH,100
citrine and diamond cocktail ring,10,HIGH,100
citrine and diamond gold ring,10,HIGH,100
citrine and diamond pendant necklace,10,HIGH,100
citrine and diamond ring 14k yellow gold,10,HIGH,100
citrine and diamond stackable ring,10,LOW,0
citrine and hematite bracelet,10,LOW,0
citrine and opal necklace,10,HIGH,100
citrine and peridot pendant,10,HIGH,100
citrine and rose quartz necklace,10,HIGH,100
citrine and white sapphire ring,10,HIGH,100
citrine august birthstone,10,HIGH,100
citrine aventurine bracelet,10,HIGH,100
citrine bar earrings,10,LOW,0
citrine beads wholesale,10,HIGH,100
citrine bee pendant,10,HIGH,100
citrine bracelet etsy,10,HIGH,71
citrine bracelet in which hand,10,LOW,0
citrine bracelet online,10,,
citrine bracelet wear on which hand,10,,
citrine bracelet which hand,10,LOW,0
citrine bracelet with dog sign,10,LOW,0
citrine bracelet with dragon,10,,
citrine bracelet with pixiu,10,HIGH,100
citrine briolette earrings,10,HIGH,100
citrine briolette necklace,10,,
citrine by the stones jewelry,10,LOW,7
citrine cluster earrings,10,HIGH,100
citrine cocktail ring emerald cut,10,HIGH,100
citrine costume jewelry,10,HIGH,100
citrine crystal necklace amazon,10,,
citrine crystal november birthstone,10,HIGH,98
citrine crystal point pendant,10,HIGH,100
citrine cubic zirconia,10,HIGH,100
citrine cubic zirconia rings,10,,
citrine diamond halo ring,10,MEDIUM,33
citrine diamond ring 14k yellow gold,10,HIGH,100
citrine druzy ring,10,LOW,0
citrine earrings and necklace,10,HIGH,100
citrine earrings zales,10,HIGH,100
citrine engagement ring etsy,10,HIGH,100
citrine fashion jewelry,10,MEDIUM,57
citrine fashion rings,10,LOW,0
citrine feng shui bracelet,10,LOW,0
citrine filigree ring,10,HIGH,100
citrine garnet pendant,10,HIGH,100
citrine gemstone month,10,MEDIUM,61
citrine guardian buddha pendant necklace,10,LOW,29
citrine halo earrings,10,MEDIUM,38
citrine jewellery online,10,HIGH,100
citrine jewelry earrings,10,HIGH,100
citrine jewelry etsy,10,HIGH,100
citrine june birthstone,10,MEDIUM,43
citrine kay jewelers,10,,
citrine long necklace,10,HIGH,100
citrine mala bracelet,10,,
citrine mala necklace,10,,
citrine necklace fine jewelry,10,HIGH,100
citrine necklace kay,10,,
citrine necklace kay jewelers,10,HIGH,100
citrine necklace kohls,10,,
citrine necklace set,10,HIGH,100
citrine nugget necklace,10,HIGH,86
citrine pearl ring,10,HIGH,100
citrine pyrite aventurine bracelet,10,HIGH,100
citrine quartz pendant,10,LOW,19
citrine ring jcpenney,10,HIGH,100
citrine ring price,10,MEDIUM,55
citrine silver and fashion jewellery,10,,
citrine sterling silver stud earrings,10,HIGH,89
citrine stone men's rings,10,,
citrine stone november birthstone ring,10,HIGH,100
citrine stone ring designs,10,HIGH,77
citrine stretch bracelet,10,HIGH,100
citrine stud earrings yellow gold,10,MEDIUM,57
citrine tree of life pendant,10,,
citrine wedding bands for women,10,HIGH,100
citrine womens bands,10,,
citrine yellow gold,10,HIGH,100
cn 925 diamond ring,10,HIGH,93
cn 925 ygi,10,LOW,0
cn 925 ygi ring,10,MEDIUM,62
cochise turquoise,10,MEDIUM,51
colbaugh processing website,10,,
colette moon cage pendant with diamonds moonstones and pearls,10,,
collier heishi turquoise,10,,
costume squash blossom necklace,10,HIGH,100
crescent moonstone pendant,10,HIGH,100
crown ring 925,10,HIGH,100
crown ring silver 925,10,HIGH,100
crystal bracelet tiger eye,10,HIGH,100
crystal necklace carnelian,10,HIGH,100
crystal rings spiritual,10,,
crystal spiritual necklace,10,HIGH,100
crystio moonstone therapeutic necklace,10,,
cushion cut citrine and diamond ring,10,,
cushion cut white sapphire 925 sterling silver halo engagement ring,10,,
custom citrine rings,10,,
cut moonstone ring,10,HIGH,100
cz925vn,10,LOW,17
d 925 ring,10,LOW,7
dainty carnelian bracelet,10,HIGH,100
dainty carnelian ring,10,HIGH,100
dark turquoise necklace,10,HIGH,98
david yurman citrine drop earrings,10,HIGH,100
david yurman citrine enhancer,10,,
david yurman citrine wheaton ring,10,,
david yurman moonstone cable bracelet,10,,
david yurman november birthstone bracelet,10,HIGH,100
david yurman petite wheaton ring citrine,10,,
david yurman spiritual beads skull bracelet,10,,
david yurman tiger eye mens bracelet,10,HIGH,100
david yurman women's spiritual bead bracelet,10,MEDIUM,59
dean davidson moonstone earrings,10,HIGH,100
december birthstone citrine,10,LOW,19
december birthstone color turquoise,10,,
delicate moonstone necklace,10,HIGH,87
design your own moonstone engagement ring,10,,
designer moonstone ring,10,HIGH,100
diamonbella,10,,
diamond and citrine,10,HIGH,86
diamond earring stamped 925,10,LOW,21
diamond november birthstone rings,10,,
diamond november birthstones,10,LOW,29
dian malouf turquoise rings,10,,
divine gems carnelian necklace,10,,
donna otteson,10,LOW,8
donna otteson jewelry store,10,HIGH,100
donna otteson turquoise jewelry,10,HIGH,100
dqcz hallmark,10,LOW,0
dragon moonstone necklace,10,HIGH,100
dream catcher charm for pandora bracelet,10,HIGH,76
dry creek turquoise squash blossom necklace,10,HIGH,100
dyadema website,10,LOW,0
eamti store,10,,
earth healing stones good fortune tiger's eye bracelet,10,,
ebay 925 rings,10,HIGH,100
ebay carnelian necklace,10,,
ebay citrine jewelry,10,HIGH,100
ebay moonstone earrings,10,HIGH,100
ebay moonstone jewelry,10,HIGH,100
ebay moonstone necklace,10,HIGH,100
ebay southwest jewelry,10,HIGH,93
ebay tiger eye bracelet,10,HIGH,100
elanza 925,10,LOW,0
elanza 925 ring,10,HIGH,70
elsa peretti moonstone,10,,
elsa peretti turquoise ring,10,HIGH,100
emerald 925,10,LOW,25
engagement rings november birthstone ring,10,,
enso moonstone ring,10,HIGH,100
estate citrine engagement ring,10,,
estate citrine ring,10,HIGH,91
estate moonstone ring,10,HIGH,86
etsy november birthstone,10,HIGH,100
etsy spiritual jewelry,10,HIGH,100
evil spirit protection jewelry,10,HIGH,100
expensive turquoise rings,10,HIGH,100
eye bead necklace,10,HIGH,100
eye crystal necklace,10,HIGH,67
eye stone ring,10,MEDIUM,36
faceted carnelian necklace,10,HIGH,100
faceted citrine necklace,10,HIGH,100
faceted moonstone earrings,10,HIGH,100
faceted moonstone pendant,10,HIGH,100
fake carnelian bracelet,10,,
fake carnelian necklace,10,,
famous turquoise jewelry,10,HIGH,100
faux turquoise jewelry wholesale,10,HIGH,100
female moonstone engagement ring,10,HIGH,75
feng shui tiger eye bracelet,10,LOW,6
fire citrine rings,10,HIGH,100
fiyah 925,10,,
flat turquoise ring,10,HIGH,100
formal turquoise jewelry,10,HIGH,100
frank dishta,10,MEDIUM,43
freshwater pearl and moonstone necklace,10,,
fusion 925 ring,10,LOW,0
fzn cn 925,10,LOW,0
g 925 ring,10,LOW,0
gemini tiger eye bracelet,10,HIGH,85
genasto bracelet,10,HIGH,100
genuine amethyst 925 sterling silver ring,10,LOW,0
genuine citrine pendant,10,HIGH,100
genuine citrine stone bracelet,10,,
genuine moonstone engagement ring,10,HIGH,100
genuine rainbow moonstone ring,10,HIGH,100
genuine tiger's eye jewelry,10,,
genuine turquoise stones for sale,10,HIGH,100
georg jensen moonstone bracelet,10,LOW,10
gia turquoise,10,HIGH,83
giveably bracelets,10,,
gold and turquoise evil eye necklace,10,,
gold boho ring set,10,HIGH,93
gold carnelian crystal necklace,10,,
gold citrine engagement ring,10,HIGH,100
gold plated moonstone ring,10,HIGH,100
gold ring for men tiger,10,HIGH,75
gold tiger ring for men,10,HIGH,83
gold wrapped carnelian necklace,10,,
goldette turquoise necklace,10,MEDIUM,66
gray moonstone necklace,10,HIGH,100
green moonstone necklace paparazzi,10,MEDIUM,33
green moonstone ring paparazzi,10,LOW,19
green tiger bracelet,10,LOW,0
green tiger necklace,10,HIGH,100
greta louise moonstone necklace,10,,
grey moonstone engagement ring,10,HIGH,100
h2o moonstone necklace,10,HIGH,100
h925 silver,10,LOW,16
harlow moonstone ring,10,HIGH,100
harry styles turquoise ring,10,LOW,14
healing crystal necklace near me,10,HIGH,86
healing crystal rings near me,10,,
healing stone bracelets near me,10,HIGH,100
healing stone jewelry near me,10,HIGH,100
healing stones green,10,HIGH,71
healthy vibe moonstone bracelet,10,,
heart shaped carnelian necklace,10,HIGH,100
heart shaped citrine earrings,10,,
hecatolite ring,10,HIGH,100
hematite tiger eye bracelet,10,HIGH,69
heritage turquoise jewelry,10,HIGH,100
high desert turquoise,10,MEDIUM,57
hlsk moonstone ring,10,,
honey citrine ring,10,HIGH,100
hs 925 ring,10,,
huge citrine pendant,10,HIGH,100
hummingbird turquoise bracelet,10,HIGH,100
i am enough ring 925,10,,
infinity ring silver 925,10,HIGH,100
inside of ring says 925,10,LOW,14
irene neuwirth moonstone ring,10,,
iris apfel turquoise jewelry,10,HIGH,91
j 925 ring,10,LOW,0
jade and moonstone bracelet,10,MEDIUM,33
jade and turquoise jewelry,10,HIGH,89
jade tiger bracelet,10,HIGH,80
jakell otteson,10,LOW,7
james avery citrine earrings,10,HIGH,100
james avery citrine flower ring,10,HIGH,99
james avery de flores ring,10,HIGH,100
james avery november birthstone ring,10,HIGH,100
james avery tiny turquoise ring,10,HIGH,100
james avery turquoise flower ring,10,HIGH,100
jcpenney citrine earrings,10,HIGH,100
jcpenney november birthstone rings,10,HIGH,100
jcpenney turquoise earrings,10,HIGH,71
jd cz 925 ring,10,HIGH,80
john hardy citrine earrings,10,HIGH,91
jr 925 ring,10,HIGH,73
jts 925 infinity ring,10,HIGH,79
jtv citrine bracelets,10,HIGH,100
jtv sleeping beauty jewelry,10,HIGH,100
jtv southwest style rings,10,HIGH,93
jtw 925 heart ring,10,HIGH,100
judith ripka citrine bracelet,10,HIGH,100
judith ripka citrine necklace,10,MEDIUM,44
june birthstone moonstone ring,10,HIGH,100
june gemstone moonstone,10,HIGH,82
kanya earrings turquoise,10,,
kar 925 ring,10,HIGH,86
kay citrine ring,10,HIGH,100
kay jewelers citrine earrings,10,HIGH,100
kendra scott green tigers eye,10,HIGH,100
kendra scott parsons earrings turquoise,10,,
kenneth jay lane turquoise ring,10,HIGH,100
kiera cz 925 vn ring,10,HIGH,91
kiki citrine drop earrings,10,,
kiki mcdonough citrine drop earrings,10,HIGH,100
kindred spirit necklace,10,HIGH,80
knuckle ringe silber,10,,
kohls citrine earrings,10,,
kohls citrine necklace,10,,
kohls citrine ring,10,,
kohls moonstone ring,10,HIGH,100
kohls turquoise necklace,10,HIGH,87
kris nations moonstone necklace,10,,
kundalini spirit jewelry,10,HIGH,100
la kaiser moonstone ring,10,,
labradorite ring 925,10,LOW,0
lafonn 925,10,MEDIUM,45
large carnelian pendant,10,HIGH,100
large citrine and diamond ring,10,HIGH,100
large citrine cocktail ring,10,HIGH,100
large citrine pendant necklace,10,HIGH,100
large moonstone pendant necklace,10,HIGH,100
large rainbow moonstone ring,10,HIGH,100
large tiger eye pendant,10,HIGH,100
large turquoise stone necklace,10,HIGH,100
large turquoise stone ring,10,HIGH,100
large vintage citrine ring,10,HIGH,100
lava stone and tiger eye bracelet,10,HIGH,100
lava stone and turquoise bracelet,10,HIGH,100
lc turquoise,10,,
le vian moonstone ring,10,,
leather spiritual bracelets,10,,
lemon citrine necklace,10,HIGH,100
lemon citrine pendant,10,LOW,0
levian citrine pendant,10,,
lj 925 ring,10,LOW,0
llfj 925 ring,10,,
lokai tiger eye bracelet,10,HIGH,100
lola rose turquoise bracelet,10,LOW,0
long drop turquoise earrings,10,HIGH,100
long turquoise necklace paparazzi,10,MEDIUM,50
lucky tiger bracelet,10,,
luna norte moonstone earrings,10,,
luna norte necklace moonstone,10,HIGH,67
luna norte necklace set moonstone,10,HIGH,80
m spencer navajo jewelry,10,HIGH,100
madeira citrine beads,10,HIGH,100
magic moonstone ring,10,HIGH,100
mandarin citrine ring,10,HIGH,100
march birthstone citrine,10,,
marco bicego citrine earrings,10,HIGH,100
marquise 925 ring,10,,
marquise cut moonstone ring,10,HIGH,100
matching moonstone rings,10,MEDIUM,52
may birthstone moonstone,10,HIGH,100
md 925 ring,10,LOW,0
meghan markle citrine earrings,10,,
meghan markle turquoise earrings,10,HIGH,100
meghan markle turquoise ring,10,LOW,18
men carnelian bracelet,10,,
men carnelian necklace,10,,
men citrine necklace,10,,
men moonstone bracelet,10,HIGH,67
men moonstone necklace,10,,
men tiger eye stone ring,10,HIGH,100
men tiger ring gold,10,HIGH,75
men tiger stone ring,10,,
men's carved tiger eye ring,10,HIGH,100
men's david yurman spiritual beads bracelet,10,HIGH,100
men's vintage turquoise rings for sale,10,HIGH,100
mens 10k gold tiger eye ring,10,,
mens 925 silver signet ring,10,HIGH,100
mens gold carnelian ring,10,HIGH,67
mens rainbow moonstone ring,10,HIGH,85
mens silver and turquoise cross necklace,10,HIGH,100
mens stainless steel turquoise rings,10,,
mens tiger eye ring amazon,10,,
mens tiger jewelry,10,HIGH,100
mens turquoise jewelry for sale,10,,
mens turquoise jewelry necklaces,10,,
mermaid moonstone ring,10,HIGH,100
metaphysical crystal necklaces,10,,
metaphysical engagement rings,10,HIGH,100
metaphysical jewelry rings,10,,
metaphysical jewelry store near me,10,HIGH,79
metaphysical pendants,10,HIGH,87
metaphysical wedding rings,10,,
mf doom ring 925 silver,10,HIGH,100
mgw 925 ring,10,HIGH,100
missoma moonstone earrings,10,LOW,0
missoma rainbow moonstone beaded leaf bracelet,10,,
mji 925 ring,10,,
modern majesty red necklace,10,,
modern majesty red necklace paparazzi,10,MEDIUM,46
modern november birthstone,10,HIGH,71
modern spiritual jewelry,10,HIGH,86
montblanc tiger eye bracelet,10,HIGH,100
moon and stone necklace,10,HIGH,100
moon stone diamond ring,10,,
moon stone drop earrings,10,HIGH,100
moon stone locket,10,HIGH,83
moon stone promise rings,10,HIGH,100
moon stone ring design,10,HIGH,78
moon stone ring etsy,10,HIGH,100
moon stone wedding band,10,HIGH,100
moon tiger bracelet,10,LOW,5
moonlit marigold pink ring paparazzi,10,,
moonstone 14k gold,10,HIGH,100
moonstone alexandrite necklace,10,HIGH,100
moonstone amethyst bracelet for weight loss,10,,
moonstone amethyst bracelet weight loss,10,,
moonstone amethyst detox bracelet,10,,
moonstone and carnelian bracelet,10,MEDIUM,62
moonstone and diamond ring white gold,10,,
moonstone and sunstone bracelet,10,HIGH,100
moonstone and tanzanite,10,HIGH,96
moonstone and white topaz ring,10,,
moonstone anniversary ring,10,HIGH,100
moonstone anxiety ring,10,HIGH,100
moonstone beads for sale,10,HIGH,100
moonstone bib necklace,10,HIGH,100
moonstone black diamond engagement ring,10,,
moonstone blue topaz ring,10,,
moonstone bracelet price,10,HIGH,100
moonstone bridal earrings,10,HIGH,100
moonstone bridal jewelry,10,HIGH,100
moonstone bridal ring set,10,HIGH,100
moonstone buddha pendant,10,,
moonstone cabochon earrings,10,HIGH,100
moonstone cabochon necklace,10,HIGH,100
moonstone candy necklace,10,HIGH,100
moonstone charmed aroma,10,,
moonstone climber earrings,10,HIGH,100
moonstone clip earrings,10,HIGH,100
moonstone clip on earrings,10,HIGH,100
moonstone crystal earrings,10,HIGH,100
moonstone crystal healing bracelet,10,,
moonstone diamond wedding ring,10,HIGH,100
moonstone double stone ring,10,LOW,0
moonstone dragonfly ring,10,HIGH,100
moonstone earrings for sale,10,HIGH,100
moonstone etsy ring,10,HIGH,67
moonstone eyelet ring,10,MEDIUM,40
moonstone finger ring,10,HIGH,100
moonstone gemstone in hindi,10,LOW,0
moonstone gemstone month,10,MEDIUM,43
moonstone goddess ring,10,HIGH,100
moonstone healing bracelet,10,HIGH,100
moonstone healing crystal necklace,10,,
moonstone in ring finger,10,,
moonstone in which finger,10,LOW,0
moonstone jewellery online,10,,
moonstone jewelry com,10,,
moonstone jewelry earrings,10,HIGH,100
moonstone loose gemstones,10,HIGH,86
moonstone meditation necklace,10,,
moonstone necklace and earrings,10,HIGH,100
moonstone necklace cheap,10,HIGH,94
moonstone necklace from zombies two,10,,
moonstone necklace paparazzi,10,,
moonstone necklace price,10,HIGH,71
moonstone opal beads,10,,
moonstone opal necklace,10,HIGH,100
moonstone ornaments,10,HIGH,100
moonstone pear shaped ring,10,HIGH,100
moonstone pendant amazon,10,MEDIUM,43
moonstone pendant necklace rebecca,10,,
moonstone pendant price,10,,
moonstone pendulum necklace,10,MEDIUM,38
moonstone pentagram necklace,10,HIGH,100
moonstone raw ring,10,HIGH,100
moonstone ring finger,10,LOW,0
moonstone ring in which finger,10,,
moonstone ring large,10,HIGH,100
moonstone ring moon magic,10,HIGH,100
moonstone ring online,10,,
moonstone ring oval,10,HIGH,100
moonstone ring pura vida,10,,
moonstone ring raw,10,HIGH,82
moonstone ring simple,10,HIGH,100
moonstone ring with moon,10,HIGH,100
moonstone rose ring,10,HIGH,100
moonstone silver ring for men,10,HIGH,68
moonstone slice ring,10,,
moonstone solitaire engagement ring,10,HIGH,100
moonstone stacking ring set,10,,
moonstone sterling bracelet,10,HIGH,81
moonstone sun pendant,10,HIGH,100
moonstone toe ring,10,HIGH,100
moonstone tragus earring,10,HIGH,100
moonstone turtle necklace,10,HIGH,100
moonstone wandering cosmos ring,10,HIGH,89
moonstone wedding jewelry,10,HIGH,100
moonstone wolf necklace,10,HIGH,100
moonstone wrap bracelet,10,HIGH,100
moonstone zombies 2 necklace,10,LOW,18
moonstonerings,10,,
morenci 2 turquoise,10,MEDIUM,50
most expensive squash blossom necklace,10,HIGH,97
mother of pearl and turquoise ring,10,HIGH,90
multi moonstone bracelet,10,HIGH,75
multi tiger eye bracelet,10,HIGH,100
murat 925 ring,10,MEDIUM,47
native american gold and turquoise jewelry,10,HIGH,100
native american spiritual jewelry,10,HIGH,100
native american squash necklace,10,HIGH,100
native american turquoise rosary,10,HIGH,100
native spirit men's turquoise and leather bracelet,10,MEDIUM,60
natural carnelian bracelet,10,HIGH,100
natural carnelian necklace,10,HIGH,89
natural carnelian ring,10,HIGH,100
natural healing stone jewelry,10,HIGH,100
natural healing stone necklaces,10,,
natural moonstone earrings,10,HIGH,100
natural rose flower engagement ring 925 sterling silver bands vancaro,10,,
navajo bear claw bracelet,10,HIGH,100
navajo half twist turquoise ring,10,,
navajo sterling silver turquoise jewelry,10,LOW,25
navajo turquoise cluster bracelet,10,LOW,0
necklace tiger eye stone,10,HIGH,100
needlepoint turquoise earrings,10,HIGH,100
nest jewelry turquoise statement ring,10,,
nest turquoise ring,10,HIGH,100
new moonstone gems,10,,
new turquoise,10,LOW,20
nf 925 ring price,10,LOW,0
nf 925 silver ring,10,LOW,0
nf sterling ring,10,LOW,0
nightcap and gown gold paparazzi,10,LOW,0
nike ring 925,10,,
november birthstone bangle bracelets,10,LOW,0
november birthstone citrine rings,10,HIGH,100
november birthstone dangle earrings,10,HIGH,100
november birthstone diamond,10,HIGH,100
november birthstone drop earrings,10,LOW,0
november birthstone engravable necklaces,10,LOW,0
november birthstone eternity necklaces,10,LOW,0
november birthstone gia,10,HIGH,67
november birthstone gold bracelets,10,LOW,23
november birthstone gold earrings,10,LOW,17
november birthstone gold jewelry,10,MEDIUM,44
november birthstone halo earrings,10,LOW,0
november birthstone men,10,HIGH,100
november birthstone necklace for men,10,HIGH,100
november birthstone platinum bracelets,10,LOW,0
november birthstone platinum earrings,10,LOW,0
november birthstone rose gold bracelets,10,LOW,0
november birthstone rose gold earrings,10,,
november birthstone rose gold jewelry,10,LOW,0
november birthstone silver bracelets,10,LOW,0
november birthstone silver earrings,10,LOW,0
november birthstone silver jewelry,10,LOW,0
november birthstone silver necklace,10,HIGH,100
november birthstone studs,10,HIGH,100
november birthstone tungsten earrings,10,LOW,0
november birthstone tungsten jewelry,10,,
november birthstone white gold earrings,10,LOW,9
november birthstone white gold necklaces,10,LOW,0
november birthstone white gold rings,10,,
november birthstone yellow gold bracelets,10,LOW,0
november birthstone yellow gold earrings,10,LOW,0
november birthstone yellow gold jewelry,10,LOW,0
november birthstone yellow gold rings,10,LOW,0
nvc 10 925 ring,10,MEDIUM,46
nvc 7 925 ring,10,LOW,0
nvc 925 silver ring,10,LOW,8
obsidian tiger eye pixiu bracelet,10,,
october birthstone citrine,10,LOW,0
old 925 silver rings,10,LOW,0
old moonstone jewelry,10,HIGH,100
old pawn turquoise jewelry ebay,10,,
old pawn turquoise necklace,10,HIGH,100
onyx 925,10,LOW,0
onyx moonstone ring,10,HIGH,100
onyx ring 925,10,HIGH,100
opal 925 ring,10,LOW,0
opal and moonstone ballerina ring,10,,
orange carnelian earrings,10,HIGH,100
orange carnelian pendant,10,HIGH,100
orange citrine pendant,10,HIGH,100
orange moonstone necklace paparazzi,10,LOW,0
original moonstone ring,10,HIGH,86
original silver hug ring,10,,
original tiger eye bracelet price,10,HIGH,100
original turquoise,10,HIGH,82
original turquoise ring,10,,
original turquoise stone bracelet,10,,
original turquoise stone ring,10,MEDIUM,56
ost 925 ring,10,,
otteson turquoise for sale,10,HIGH,100
oval carnelian ring,10,HIGH,100
oval cut citrine ring,10,HIGH,100
oval rainbow moonstone ring,10,HIGH,100
oyster turquoise earrings,10,HIGH,100
paj c2 925,10,HIGH,94
pale citrine ring,10,HIGH,100
pandora 196315,10,HIGH,100
pandora citrine necklace,10,,
pandora feather hoop earrings,10,LOW,0
pandora seashell leather bracelet,10,HIGH,100
pandora spiritual feather earrings,10,LOW,0
pandora spiritual symbols ring,10,LOW,0
pandora turquoise hearts & feather hoop earrings,10,HIGH,67
paparazzi blue moonstone bracelet,10,LOW,0
paparazzi blue moonstone necklace,10,,
paparazzi brown moonstone necklace,10,LOW,0
paparazzi brown moonstone ring,10,LOW,3
paparazzi green moonstone earrings,10,,
paparazzi green moonstone necklace,10,HIGH,75
paparazzi green moonstone ring,10,LOW,0
paparazzi moonstone bracelet,10,LOW,0
paparazzi moonstone earrings,10,LOW,25
paparazzi moonstone jewelry,10,HIGH,71
paparazzi moonstone necklace,10,HIGH,83
paparazzi moonstone ring,10,LOW,0
paparazzi orange moonstone necklace,10,HIGH,100
paparazzi pink moonstone earrings,10,MEDIUM,37
paparazzi pink moonstone necklace,10,HIGH,89
paparazzi purple moonstone earrings,10,MEDIUM,35
paparazzi purple moonstone necklace,10,LOW,14
paparazzi purple moonstone ring,10,LOW,16
paparazzi red moonstone necklace,10,HIGH,100
paparazzi red moonstone ring,10,LOW,0
paparazzi white moonstone bracelet,10,LOW,0
paparazzi white moonstone earrings,10,LOW,22
paparazzi white moonstone necklace,10,MEDIUM,47
paparazzi white moonstone ring,10,LOW,0
paparazzi yellow moonstone earrings,10,LOW,0
paparazzi yellow moonstone necklace,10,LOW,0
paparazzi yellow moonstone ring,10,LOW,0
pearl moonstone and alexandrite jewelry,10,HIGH,100
pendant citrine crystal necklace,10,,
pendant moon stone,10,,
perlee carnelian ring,10,HIGH,100
petit point turquoise bracelet,10,HIGH,100
pi yao citrine wealth bracelet,10,HIGH,100
piaget possession turquoise bracelet,10,HIGH,100
piaget turquoise bracelet,10,HIGH,67
pink moonstone bracelet paparazzi,10,MEDIUM,33
pink moonstone earrings paparazzi,10,MEDIUM,38
pink moonstone engagement ring,10,HIGH,100
pink moonstone heart necklace paparazzi,10,MEDIUM,59
pink moonstone necklace paparazzi,10,LOW,5
pink moonstone paparazzi ring,10,LOW,10
pink rainbow moonstone ring,10,HIGH,100
pink star tiger bracelet,10,,
pink tiger eye ring,10,LOW,0
pixiu bracelet with tiger eye,10,HIGH,100
please return to tiffany & co new york 925 ring,10,MEDIUM,48
pm 925 ring,10,MEDIUM,33
princess cut citrine earrings,10,HIGH,93
princess cut white sapphire 925 sterling silver halo bridal sets,10,,
princess diana turquoise ring,10,HIGH,89
psychic protection bracelet,10,HIGH,100
pt 925 ring,10,LOW,0
puka shell and turquoise necklace,10,HIGH,100
pura vida moonstone earrings,10,,
purple mohave turquoise ring,10,HIGH,90
purple moonstone necklace paparazzi,10,LOW,0
purple moonstone ring paparazzi,10,LOW,0
qg 925 silver ring,10,LOW,0
qvc moonstone jewelry,10,,
qvc moonstone rings,10,HIGH,100
qvc sleeping beauty turquoise jewelry,10,HIGH,100
rachel's turquoise ring in friends,10,HIGH,100
radiant cut white sapphire 925 sterling silver engagement ring,10,,
rainbow moonstone and diamond ring,10,HIGH,100
rainbow moonstone bead necklace,10,HIGH,100
rainbow moonstone beads for sale,10,HIGH,100
rainbow moonstone beads wholesale,10,,
rainbow moonstone birthstone,10,HIGH,70
rainbow moonstone birthstone month,10,LOW,9
rainbow moonstone dangle earrings,10,HIGH,89
rainbow moonstone drop earrings,10,HIGH,100
rainbow moonstone earrings silver,10,HIGH,100
rainbow moonstone necklace gold,10,HIGH,100
rainbow moonstone promise ring,10,HIGH,100
rainbow moonstone ring gold,10,HIGH,100
rainbow moonstone studs,10,HIGH,100
raw carnelian bracelet,10,HIGH,100
raw carnelian pendant,10,HIGH,100
raw carnelian ring,10,HIGH,100
raw citrine crystal bracelet,10,,
raw citrine crystal ring,10,HIGH,100
raw citrine ring cersei,10,,
raw crystal moonstone ring,10,,
raw moonstone stud earrings,10,HIGH,100
raw rainbow moonstone ring,10,HIGH,100
raw turquoise stud earrings,10,HIGH,100
real carnelian crystal jewelry,10,HIGH,100
real carnelian crystal ring,10,HIGH,100
real carnelian earrings,10,HIGH,100
real carnelian pendant,10,HIGH,100
real carnelian stone necklace,10,,
real carnelian stone ring,10,HIGH,100
real november birthstone,10,HIGH,100
real spiritual necklaces,10,HIGH,100
real turquoise ear plugs,10,HIGH,98
real turquoise ring price,10,HIGH,82
red and blue turquoise ring,10,HIGH,100
red bracelet tiger,10,HIGH,100
red carnelian crystal necklace,10,HIGH,89
red carnelian stone ring,10,HIGH,100
red citrine ring,10,HIGH,100
red coral and turquoise bracelet,10,HIGH,100
red moonstone necklace paparazzi,10,HIGH,89
red moonstone ring paparazzi,10,LOW,0
red string tiger bracelet,10,,
red tiger eye earrings,10,HIGH,100
red tiger necklace,10,HIGH,100
ring 925 price,10,LOW,0
ring marked 925 co,10,,
ring silver 925 price,10,HIGH,100
ring stamped sts 925,10,LOW,3
ring stamped with s925,10,LOW,6
ring with moon stone,10,HIGH,100
rings with healing stones,10,LOW,0
rj 925 sterling silver,10,HIGH,80
rjc 925 ring,10,LOW,0
rn 925 ring,10,HIGH,71
rose gold moon stone ring,10,,
rose gold moonstone jewelry,10,HIGH,100
rose gold moonstone wedding ring,10,HIGH,100
rose gold rainbow moonstone ring,10,HIGH,100
rose gold ring moonstone,10,,
rose quartz and carnelian ring,10,HIGH,100
rose quartz and tiger's eye bracelet,10,HIGH,100
rose quartz carnelian necklace,10,HIGH,100
rose quartz moonstone ring,10,HIGH,100
rough citrine ring,10,HIGH,100
s925 10,10,LOW,7
s925 7 ring,10,MEDIUM,59
s925 mc ring,10,HIGH,75
s925 silver diamond ring,10,HIGH,100
s925 silver price ring,10,LOW,0
s925 silver s925 ring price,10,,
sai c 925 ring,10,LOW,0
samuel b jewelry turquoise,10,,
sapphire ring 925,10,HIGH,100
se 925 ring,10,LOW,11
septum boho,10,,
sezgin 925 ring,10,LOW,0
shophq sleeping beauty turquoise,10,HIGH,100
siam 925 sterling ring,10,HIGH,100
signet ring 925,10,HIGH,100
signet ring carnelian,10,HIGH,96
signet ring tiger,10,HIGH,71
signet turquoise ring,10,HIGH,100
silberring boho,10,,
silpada citrine earrings,10,HIGH,100
silpada moonstone earrings,10,HIGH,100
silpada moonstone necklace,10,,
silpada moonstone ring,10,HIGH,100
silver 92.5 earrings,10,,
silver 92.5 ring,10,HIGH,100
silver 925 couple ring,10,HIGH,100
silver 925 men ring,10,HIGH,100
silver 925 price ring,10,HIGH,100
silver and turquoise supply,10,,
silver citrine drop earrings,10,HIGH,100
silver ring 92.5,10,HIGH,100
silver ring 925 cn fzn,10,,
silver ring band 925,10,HIGH,100
silver ring citrine,10,HIGH,100
silver ring engraved 925,10,HIGH,100
silver ring hallmark 925,10,LOW,0
silver ring says 925,10,LOW,0
silver ring with 925 on inside,10,LOW,0
silver ring with 925 on it,10,HIGH,83
silver ring with s925,10,LOW,0
silver ring with tiger eye stone,10,HIGH,100
silver tiger jewelry,10,,
silver turquoise choker necklace,10,HIGH,100
silvershake moonstone ring,10,,
simple citrine necklace,10,HIGH,100
simple moonstone engagement ring,10,HIGH,100
single strand turquoise necklace,10,HIGH,100
sk 925 ring,10,MEDIUM,50
sleeping beauty earrings silver,10,HIGH,100
sleeping beauty turquoise mens rings,10,,
sleeping beauty turquoise rings for sale,10,HIGH,100
sleeping in a necklace,10,LOW,0
sleeping with dangle earrings,10,LOW,1
slv 925 ring,10,HIGH,100
small carnelian necklace,10,HIGH,100
small carnelian pendant,10,,
small citrine ring,10,HIGH,100
smoky citrine necklace,10,HIGH,100
sn925,10,LOW,14
solid 925 silver ring,10,HIGH,100
solid carnelian bracelet,10,,
solid carnelian ring,10,HIGH,100
solid tiger eye ring,10,HIGH,100
soul spirit jewellery,10,,
sp 925 ring,10,LOW,7
sp 925 silver ring,10,,
spirit adornment jewelry,10,,
spirit bound jewelry,10,MEDIUM,57
spirit guide necklace,10,HIGH,100
spiritual awakening jewelry,10,HIGH,100
spiritual beads bracelet with tiger's eye,10,LOW,0
spiritual beads for jewelry making,10,HIGH,100
spiritual beads necklace with black onyx,10,,
spiritual body jewelry,10,HIGH,100
spiritual bracelets store,10,,
spiritual crystal pendants,10,HIGH,100
spiritual diamond pendant,10,,
spiritual evil eye bracelet,10,HIGH,100
spiritual eye bracelet,10,HIGH,100
spiritual eye necklace,10,HIGH,100
spiritual gemstone jewelry,10,,
spiritual gifts jewelry,10,HIGH,100
spiritual gold pendant,10,HIGH,75
spiritual hand necklace,10,HIGH,100
spiritual jewelry amazon,10,HIGH,100
spiritual jewelry bracelets,10,,
spiritual jewelry necklace,10,,
spiritual jewelry rings,10,HIGH,100
spiritual jewelry sites,10,,
spiritual locket,10,,
spiritual necklaces amazon,10,MEDIUM,43
spiritual pendants men,10,HIGH,100
spiritual promise rings,10,HIGH,100
spiritual ring for protection,10,HIGH,100
spiritual rings amazon,10,,
spiritual rings men,10,HIGH,100
spiritual rock necklaces,10,,
spiritual silver earrings,10,,
spiritual wedding bands,10,HIGH,100
square citrine pendant,10,HIGH,100
square cut moonstone ring,10,HIGH,100
square moonstone earrings,10,HIGH,100
squash blossom necklace mens,10,HIGH,100
ss 925 star f ring,10,,
ss 925 star ring,10,,
stackable rings for women sterling silver,10,HIGH,100
stainless steel tiger ring,10,HIGH,100
stainless steel tigers eye ring,10,,
starborn 925 ring,10,MEDIUM,53
statement citrine necklace,10,,
statement moonstone necklace,10,HIGH,100
statement moonstone ring,10,HIGH,100
stauer champagne citrine ring,10,,
stauer citrine ring,10,HIGH,100
stauer sedona turquoise pendant chain and earrings,10,,
sterling carnelian ring,10,HIGH,100
sterling citrine earrings,10,HIGH,100
sterling citrine necklace,10,LOW,0
sterling moonstone bracelet,10,HIGH,81
sterling moonstone earrings,10,HIGH,80
sterling moonstone necklace,10,HIGH,100
sterling moonstone pendant,10,HIGH,100
sterling ring 925,10,HIGH,100
sterling silver and turquoise anklet,10,HIGH,100
sterling silver boho ring set,10,,
sterling silver diamond rings ebay,10,,
sterling silver hip hop rings,10,HIGH,100
sterling silver iced out ring,10,HIGH,100
sterling silver moon stone ring,10,HIGH,100
sterling silver moonstone stud earrings,10,HIGH,100
sterling silver princess cut,10,HIGH,100
sterling silver ring stamped 925,10,LOW,6
sterling silver spiritual rings,10,LOW,29
sterling silver turquoise jewelry sets,10,HIGH,100
sterling turquoise cuff bracelet,10,HIGH,93
steve madden tiger eye bracelet,10,HIGH,100
sts 14k gold ring,10,HIGH,93
sts 925 diamond ring,10,,
sundance moonstone earrings,10,,
sunny turquoise pendant necklace,10,LOW,0
sunstone and moonstone pendant,10,HIGH,100
sw925cz ring,10,HIGH,93
swarovski 925 ring,10,HIGH,100
swarovski citrine ring,10,HIGH,100
swarovski moonstone ring,10,HIGH,100
swarovski tiger bracelet,10,HIGH,100
sweet alhambra heart bracelet price,10,,
t&co 925 ring price,10,LOW,0
tacori citrine rings,10,HIGH,100
tacori cz 925,10,MEDIUM,60
teardrop tranquility blue paparazzi,10,HIGH,86
ted muehling carnelian earrings,10,HIGH,100
tggc silver,10,,
tggc silver ring,10,,
the carnelian necklace,10,HIGH,100
the moonstone necklace,10,HIGH,100
the moonstone necklace from zombies 2,10,,
tibetan tiger eye bracelet,10,HIGH,100
tiffany & co 925 sterling silver ring,10,,
tiffany ag 925 ring,10,HIGH,100
tiffany citrine pendant,10,HIGH,100
tiffany citrine sparkler earrings,10,HIGH,100
tiffany tiger eye necklace,10,HIGH,100
tiger 7 chakra bracelet,10,,
tiger crystal bracelet,10,HIGH,83
tiger crystal necklace,10,HIGH,100
tiger eye and turquoise necklace,10,HIGH,100
tiger eye arrowhead necklace,10,,
tiger eye bangle bracelet,10,HIGH,100
tiger eye beads bulk,10,HIGH,100
tiger eye beads michaels,10,HIGH,100
tiger eye black obsidian bracelet,10,HIGH,100
tiger eye bracelet breaks,10,LOW,0
tiger eye bracelet cost,10,HIGH,100
tiger eye bracelet online,10,,
tiger eye bracelet sinhala,10,LOW,24
tiger eye bracelet with pixiu,10,,
tiger eye buddha necklace,10,HIGH,100
tiger eye charm bracelet,10,HIGH,100
tiger eye chip necklace,10,HIGH,67
tiger eye citrine bracelet,10,HIGH,83
tiger eye cuff bracelet,10,HIGH,100
tiger eye donut pendant,10,HIGH,100
tiger eye dragon bracelet,10,HIGH,100
tiger eye elephant pendant,10,HIGH,100
tiger eye feng shui bracelet,10,LOW,9
tiger eye fine jewelry,10,HIGH,100
tiger eye gold jewelry,10,HIGH,100
tiger eye healing stone bracelet,10,HIGH,100
tiger eye jewelry necklace,10,HIGH,100
tiger eye jewelry sets,10,HIGH,100
tiger eye mala necklace,10,HIGH,86
tiger eye mantra bracelet,10,,
tiger eye necklace and earrings,10,,
tiger eye nose ring,10,HIGH,100
tiger eye pixiu bracelet,10,HIGH,91
tiger eye pixiu pendant,10,,
tiger eye post earrings,10,HIGH,100
tiger eye power bracelet,10,HIGH,71
tiger eye ring price,10,HIGH,100
tiger eye ring with diamonds,10,HIGH,100
tiger eye rosary necklace,10,HIGH,100
tiger eye sapphire ring,10,HIGH,100
tiger eye silver earrings,10,HIGH,100
tiger eye skull ring,10,,
tiger eye sterling silver earrings,10,HIGH,100
tiger eye stone beads bracelet,10,HIGH,100
tiger eye stone bracelet price,10,HIGH,99
tiger eye stone gold ring,10,HIGH,81
tiger eye stone ring price,10,LOW,0
tiger eye stone silver ring,10,MEDIUM,43
tiger eye vca pendant,10,HIGH,100
tiger frame bracelet,10,LOW,0
tiger gem jewelry,10,HIGH,100
tiger gem rings,10,HIGH,100
tiger gems earrings,10,MEDIUM,33
tiger i bracelet,10,HIGH,100
tiger jade bracelet,10,HIGH,100
tiger jewelry for men,10,HIGH,100
tiger necklace womens,10,,
tiger pinky ring,10,MEDIUM,44
tiger ring price,10,HIGH,100
tiger ring silver price,10,,
tiger ring with emerald eyes,10,HIGH,100
tiger stone anklet,10,,
tiger stone bracelet price,10,,
tiger stone earrings,10,HIGH,100
tiger stone silver ring,10,,
tiger's eye beaded stretch bracelet,10,MEDIUM,57
tiger's eye chevron ring,10,,
tiger's eye pixiu pendant,10,,
tigers eye and black tourmaline bracelet,10,HIGH,86
tigers eye bracelet breaks,10,LOW,0
tigers eye necklace etsy,10,HIGH,100
tigerseye necklace,10,,
titanium moonstone ring,10,HIGH,100
tjc turquoise,10,,
tm 925 ring,10,LOW,0
tom wood tiger ring,10,,
tom wood turquoise ring,10,HIGH,82
tower citrine bracelet,10,,
trifari moonstone earrings,10,HIGH,100
trifari moonstone necklace,10,HIGH,100
trillion cut citrine earrings,10,HIGH,67
trio moonstone ring,10,,
triple eye bracelet,10,LOW,0
triple goddess moonstone ring,10,HIGH,100
triple power protection bracelet,10,HIGH,86
turkey 925 rings,10,,
turkish 925 silver rings,10,MEDIUM,63
turkish sterling silver rings,10,HIGH,69
turquoise 925 ring,10,HIGH,100
turquoise amulet necklace,10,,
turquoise and amethyst bracelet,10,HIGH,100
turquoise and carnelian jewelry,10,LOW,0
turquoise and malachite necklace,10,HIGH,100
turquoise and silver drop earrings,10,HIGH,100
turquoise and tiger eye necklace,10,HIGH,97
turquoise arrowhead earrings,10,HIGH,100
turquoise avatar,10,LOW,0
turquoise band ring gold,10,,
turquoise bead ring,10,HIGH,100
turquoise bear claw earrings,10,HIGH,86
turquoise birthstone pendant,10,HIGH,100
turquoise blue beaded necklace,10,HIGH,100
turquoise blue choker necklace,10,HIGH,100
turquoise blue necklace set,10,HIGH,100
turquoise blue stone bracelet,10,HIGH,93
turquoise blue stone jewellery,10,HIGH,100
turquoise blue stone necklace,10,HIGH,97
turquoise blue stud earrings,10,HIGH,100
turquoise boot bracelet,10,HIGH,100
turquoise bracelet paparazzi,10,HIGH,93
turquoise buddha necklace,10,HIGH,100
turquoise choker set,10,HIGH,100
turquoise color birthstone,10,HIGH,91
turquoise colour jewellery,10,MEDIUM,50
turquoise colour jewellery set,10,,
turquoise costume jewelry earrings,10,HIGH,100
turquoise costume jewelry sets,10,,
turquoise costume necklace,10,HIGH,92
turquoise cow skull necklace,10,HIGH,100
turquoise cubic zirconia ring,10,HIGH,100
turquoise cuff earrings,10,HIGH,100
turquoise cuff watch bracelet,10,HIGH,100
turquoise diamond ring white gold,10,,
turquoise disc earrings,10,HIGH,100
turquoise dream catcher necklace,10,HIGH,100
turquoise drop earrings amazon,10,HIGH,81
turquoise ear climber earrings,10,HIGH,100
turquoise earrings paparazzi,10,HIGH,75
turquoise earrings sale,10,HIGH,100
turquoise elastic bracelet,10,HIGH,67
turquoise elephant pendant,10,HIGH,100
turquoise fashion earrings,10,HIGH,100
turquoise filigree ring,10,HIGH,89
turquoise gold signet ring,10,HIGH,92
turquoise half moon necklace,10,HIGH,100
turquoise hamsa pendant,10,HIGH,100
turquoise healing crystal necklace,10,,
turquoise heishi earrings,10,HIGH,96
turquoise indian jewellery set,10,HIGH,100
turquoise industrial barbells,10,,
turquoise inlay cross pendant,10,HIGH,100
turquoise jewelry artists,10,HIGH,100
turquoise jewelry cross necklace,10,HIGH,100
turquoise jewelry cuff bracelet,10,HIGH,100
turquoise jewelry for sale on ebay,10,MEDIUM,43
turquoise jewelry from yellowstone,10,,
turquoise jewelry makers,10,HIGH,100
turquoise jewelry wholesale distributors,10,HIGH,100
turquoise knuckle ring,10,HIGH,100
turquoise lady jewelry,10,HIGH,100
turquoise leaf earrings,10,HIGH,100
turquoise mohave,10,HIGH,100
turquoise necklace and bracelet set,10,HIGH,100
turquoise pendant choker,10,HIGH,100
turquoise pendant necklace mens,10,HIGH,100
turquoise pom pom earrings,10,,
turquoise quartz stone,10,,
turquoise resin ring,10,HIGH,100
turquoise ring large,10,HIGH,100
turquoise ring online,10,,
turquoise rose gold,10,HIGH,100
turquoise scarab bracelet,10,HIGH,100
turquoise sea glass necklace,10,HIGH,75
turquoise silver cross pendant,10,,
turquoise slave bracelet ring,10,,
turquoise starfish earrings,10,HIGH,100
turquoise stone anklet,10,HIGH,72
turquoise stone art,10,HIGH,94
turquoise stone bracelet price,10,,
turquoise stone chain,10,HIGH,100
turquoise stone earrings studs,10,HIGH,100
turquoise stone green,10,HIGH,100
turquoise stone necklace mens,10,HIGH,100
turquoise stone online,10,HIGH,100
turquoise stone original,10,HIGH,100
turquoise stone ring price,10,HIGH,87
turquoise stud earrings 14k gold,10,HIGH,100
turquoise stud earrings amazon,10,HIGH,100
turquoise teepee jewelry,10,MEDIUM,38
turquoise tuesday initial necklace,10,HIGH,100
turtle turquoise ring,10,HIGH,100
uncut moonstone ring,10,HIGH,100
unique citrine engagement ring,10,LOW,29
unique spiritual jewelry,10,HIGH,100
unisilver 925 ring,10,,
unisilver 925 ring price,10,,
unisilver ring 925,10,,
use of tiger eye bracelet,10,MEDIUM,50
vancaro 925,10,LOW,4
vca sweet alhambra necklace carnelian,10,HIGH,100
vca tiger eye earrings,10,HIGH,100
victorian moonstone earrings,10,HIGH,100
victorian moonstone jewelry,10,HIGH,100
vintage alhambra carnelian necklace,10,HIGH,100
vintage carnelian bracelet,10,HIGH,75
vintage carnelian pendant,10,HIGH,100
vintage green turquoise jewelry,10,HIGH,100
vintage moonstone wedding ring,10,HIGH,100
vintage native american turquoise bracelets,10,HIGH,100
vintage persian turquoise and gold jewelry,10,,
vintage rainbow moonstone ring,10,HIGH,77
vintage rose ring for women in 925 sterling silver vancaro,10,,
vintage silver turquoise cuff bracelet,10,HIGH,100
vintage sterling silver moonstone necklace,10,LOW,0
vintage sterling silver moonstone ring,10,HIGH,82
vintage sterling silver snake ring,10,HIGH,68
vintage sterling silver squash blossom necklace,10,HIGH,86
vintage sterling silver turquoise earrings,10,HIGH,69
vintage sterling silver turquoise necklace,10,HIGH,75
vintage style moonstone ring,10,HIGH,100
vintage tiger eye jewelry,10,HIGH,88
vintage tiger ring,10,HIGH,100
vintage turquoise cufflinks,10,HIGH,100
vintage turquoise stud earrings,10,MEDIUM,33
vintage zuni cuff bracelet,10,HIGH,71
vintage zuni turquoise bracelet,10,HIGH,100
vintage zuni turquoise earrings,10,HIGH,100
virtue 925 ring,10,HIGH,100
vivah 925 ring,10,LOW,0
water tiger bracelet,10,,
wear tiger eye bracelet,10,LOW,7
wearing carnelian necklace,10,MEDIUM,52
wearing tiger eye bracelet,10,LOW,7
wearing tiger eye necklace,10,LOW,0
white buffalo turquoise stud earrings,10,HIGH,100
white moonstone bracelet paparazzi,10,LOW,26
white moonstone earrings paparazzi,10,LOW,0
white moonstone necklace paparazzi,10,MEDIUM,42
white moonstone ring paparazzi,10,LOW,9
white topaz november birthstone,10,,
white turquoise squash blossom necklace,10,HIGH,100
white turquoise stone bracelet,10,HIGH,100
wholesale 925 silver gemstone rings,10,,
wild moonstone jewelry,10,,
wire wrapped carnelian necklace,10,HIGH,100
wire wrapped crystal necklace citrine,10,,
wire wrapped eye pendant,10,HIGH,96
wire wrapped moonstone necklace,10,LOW,32
woman november birthstone,10,,
women carnelian bracelet,10,HIGH,100
women carnelian crystal necklace,10,,
women moon stone ring,10,,
women real carnelian necklace,10,HIGH,100
women spiritual bracelets,10,,
wrap mens turquoise bracelet,10,LOW,0
wrapped carnelian necklace,10,HIGH,100
yasu turquoise jewelry,10,HIGH,95
yazzie turquoise jewelry,10,HIGH,94
yellow citrine and diamond ring,10,HIGH,100
yellow citrine bracelet with rabbit sign,10,,
yellow citrine bracelet with tiger sign,10,,
yellow citrine cocktail ring,10,HIGH,100
yellow citrine crystal bracelet,10,MEDIUM,50
yellow citrine diamond ring,10,HIGH,100
yellow gold carnelian pendant,10,MEDIUM,50
yellow gold moonstone earrings,10,HIGH,100
yellow moonstone necklace paparazzi,10,LOW,0
yellow turquoise bracelet,10,HIGH,86
zales paj 925,10,HIGH,71
zombies 2 moon necklace,10,LOW,0
zombies 2 moonstone necklace amazon,10,,
zombies 2 necklace werewolf,10,,
zombies 2 werewolf moonstone necklace,10,LOW,3
zuni inlay cuff bracelets,10,HIGH,100
zuni petit point squash blossom necklace,10,HIGH,100
zuni turquoise pendant,10,HIGH,89
ringe boho,0,,
925 silver anklets online,0,,
handmade joy hug ring,0,,
handmade tasmanian jewellery,0,,
handmade jewelry 2022,0,,
20k gold earrings ear stud handmade jewelry traditional design,0,,
5 handmade friendship bracelets,0,,
alfa handmade jewelry,0,,
aminik handmade jewellery,0,,
artisan birthstone engagement rings,0,,
artisan made diamonds,0,,
aura handmade jewellery,0,,
bespoke jewellery made to order,0,,
bohemian lapis lazuli meditation ring,0,,
bohemian necklaces online,0,,
boho metallic rings,0,,
boho necklace online,0,,
boho rings online,0,,
business flatwearable artisan jewelry,0,,
buy boho jewellery,0,,
buy engagement ring bali,0,,
cat and kai handmade jewelry,0,,
celuk bali wholesale silver,0,,
crafted necklace & earrings silver cubic zirconia,0,,
dee artist handmade jewelry,0,,
devon handmade jewellery,0,,
dulhan set bangles,0,,
flower jewellery handmade,0,,
ganelli jewelry & handmade,0,,
gemstone prices 2021,0,,
gold ring stone design for male,0,,
gold stone ring design for male,0,,
hand made bangles with silk thread,0,,
hand made jewellery 2022,0,,
hand made jewellery business,0,,
handmade african inspired resin jewellery,0,,
handmade bracelets by mady,0,,
handmade candice beaded bold ring,0,,
handmade costume necklaces,0,,
handmade daisy dangle polymer clay earrings,0,,
handmade designer wedding rings,0,,
handmade dragon chain bracelet,0,,
handmade gemstones necklace set,0,,
handmade gold wire wrapped rings with gemstones,0,,
handmade irish wedding rings,0,,
handmade jewellery 2022,0,,
handmade jewelry milano,0,,
handmade meaningful necklaces & pendants in silver,0,,
handmade necklace online,0,,
handmade platinum jewellery,0,,
handwoven kazaz bracelets online,0,,
ixxxi boho,0,,
jamesavery dutecove,0,,
jamesavery dutecove shop,0,,
jewelry denpasar,0,,
joy jewellery bali sale,0,,
jtv artisan collection of bali necklace,0,,
juvex handmade jewelry,0,,
korola handmade jewelry,0,,
libelula handmade jewelry,0,,
lime handmade jewellery,0,,
lime handmade jewelry,0,,
lina's exclusive handmade jewelry,0,,
loti handmade jewelry,0,,
lucky handmade tibetan buddhist bracelet,0,,
lydia tsai handmade jewelry,0,,
m jewels handmade,0,,
moh handmade jewellery,0,,
monzo handmade jewelry,0,,
new design earrings handmade,0,,
ns handmade jewelry,0,,
oxide jewellery set price,0,,
premium handcrafted fashion jewellery,0,,
ring bali style,0,,
scandi jewellery bali,0,,
silver bali earrings price,0,,
silver hug ring price,0,,
sonord handmade jewelry,0,,
soumar handmade jewelry,0,,
stone ear ring design,0,,
sunbath jewelry bali,0,,
tosca gold jewelry denpasar,0,,
traditional design 20kt gold necklace choker handmade,0,,
traditional design 22kt gold necklace handmade,0,,
trending handmade jewelry 2022,0,,
wholesale silver handmade necklaces,0,,
yovic boho gold body,0,,
zara clay earrings,0,,
constella cocktail round shiny ring,0,,
not on the high street earrings silver,0,,
citrin goldring,0,,
9ct gold cocktail ring,0,,
goldring citrin,0,,
new look silver earrings,0,,
philip jones birthstone bracelet,0,,
carnelian wave choker,0,,
rituals turquoise,0,,
ringkissen boho,0,,
boho ring goud,0,,
92.5 hallmark silver ring,0,,
925 sterling silver heart shaped cubic zirconia ring,0,,
925 sterling silver masonic skull ring 10,0,,
anushka sharma silver studded rose ring,0,,
blue eyed tiger power bracelet,0,,
bulova classic tiger's eye pendant necklace,0,,
carnelian cage necklace,0,,
carnelian real crystal necklace,0,,
carnelian spiral wrapped necklace carnelian jewelry magic crystals,0,,
carnelian spiral wrapped pendant necklace,0,,
chete 925 ring,0,,
citrine lucky bracelet small,0,,
david yurman spiritual beads bracelet with black onyx 7.5 in,0,,
divine gems spiritual jewellery,0,,
divine gems spiritual jewelry,0,,
enchanted moonstone necklace ™,0,,
eternity promise sterling silver mobius couple rings,0,,
gha 925 silver ring,0,,
healing stone jewelry store near me,0,,
howliet turquoise,0,,
kendra scott elisa birthstone pendant necklace november orange citrine gold,0,,
leona turquoise earrings,0,,
lovecom hug ring silver,0,,
lunamagic lymphvity magnetherapy moonstone earrings,0,,
lymphdrainage tiger's eye triple bracelet,0,,
men's ring with stone gold 925 sterling silver northern jewelry,0,,
moon karma carnelian necklace,0,,
moon stone necklaces for sale,0,,
moonstone candle ring,0,,
moonstone necklace gold filled 16 made by mary,0,,
moving spirit soul jewelry,0,,
november birthstone charms & pendants,0,,
pandora november birthstone stud earrings,0,,
pearl bracelet with mix tiger eye stones,0,,
promise moonstone rings,0,,
pyramid spirit jewelry,0,,
red tigers eye charm bracelet,0,,
ringe sterling silver,0,,
silver 925 ottoman tugra men ring,0,,
silver ring 925 tggc,0,,
silver zircon vintage ring,0,,
solvar ring 925,0,,
spiral carnelian necklace,0,,
spirit tribe jewelry,0,,
spiritual bead necklace with black spinel,0,,
spiritual beads evil eye bracelet with black onyx and sapphires,0,,
statement oyster turquoise ring 9 yellow gold,0,,
sterling silver natural turquoise diamond ring,0,,
sterling silver rings 925 with cubic zirconia stones,0,,
tateossian bracelet tiger eye,0,,
tesoro 14k gold citrine ring,0,,
the enchanted moonstone necklace ™,0,,
tiger eye mens rings 14k mens,0,,
triple protection bracelet natural stones,0,,
triple protection tigers eye obsidian hematite bracelet,0,,
turquoise coral mens ring navajo large sterling design 0059,0,,
turquoise jewellery barking,0,,
vintage rose ring for women in 925 sterling silver,0,,
yellow citrine bracelet with dragon sign,0,,
yellow citrine bracelet with rooster,0,,
yellow citrine crystal charm bracelet,0,,
swetelove handmade 4.0 ct princess cut sterling silver ring,0,,
